frame_path,mask_path,video,frame_idx,has_fascia,valid_mask
output/fascia/frames/202207111318_38-Perf/00000.png,output/fascia/masks/202207111318_38-Perf/00000.png,202207111318_38-Perf,0,False,False
output/fascia/frames/202207111318_38-Perf/00001.png,output/fascia/masks/202207111318_38-Perf/00001.png,202207111318_38-Perf,1,False,False
output/fascia/frames/202207111318_38-Perf/00002.png,output/fascia/masks/202207111318_38-Perf/00002.png,202207111318_38-Perf,2,False,False
output/fascia/frames/202207111318_38-Perf/00003.png,output/fascia/masks/202207111318_38-Perf/00003.png,202207111318_38-Perf,3,False,False
output/fascia/frames/202207111318_38-Perf/00004.png,output/fascia/masks/202207111318_38-Perf/00004.png,202207111318_38-Perf,4,False,False
output/fascia/frames/202207111318_38-Perf/00005.png,output/fascia/masks/202207111318_38-Perf/00005.png,202207111318_38-Perf,5,False,False
output/fascia/frames/202207111318_38-Perf/00006.png,output/fascia/masks/202207111318_38-Perf/00006.png,202207111318_38-Perf,6,False,False
output/fascia/frames/202207111318_38-Perf/00007.png,output/fascia/masks/202207111318_38-Perf/00007.png,202207111318_38-Perf,7,False,False
output/fascia/frames/202207111318_38-Perf/00008.png,output/fascia/masks/202207111318_38-Perf/00008.png,202207111318_38-Perf,8,False,False
output/fascia/frames/202207111318_38-Perf/00009.png,output/fascia/masks/202207111318_38-Perf/00009.png,202207111318_38-Perf,9,False,False
output/fascia/frames/202207111318_38-Perf/00010.png,output/fascia/masks/202207111318_38-Perf/00010.png,202207111318_38-Perf,10,False,False
output/fascia/frames/202207111318_38-Perf/00011.png,output/fascia/masks/202207111318_38-Perf/00011.png,202207111318_38-Perf,11,False,False
output/fascia/frames/202207111318_38-Perf/00012.png,output/fascia/masks/202207111318_38-Perf/00012.png,202207111318_38-Perf,12,False,False
output/fascia/frames/202207111318_38-Perf/00013.png,output/fascia/masks/202207111318_38-Perf/00013.png,202207111318_38-Perf,13,False,False
output/fascia/frames/202207111318_38-Perf/00014.png,output/fascia/masks/202207111318_38-Perf/00014.png,202207111318_38-Perf,14,False,False
output/fascia/frames/202207111318_38-Perf/00015.png,output/fascia/masks/202207111318_38-Perf/00015.png,202207111318_38-Perf,15,False,False
output/fascia/frames/202207111318_38-Perf/00016.png,output/fascia/masks/202207111318_38-Perf/00016.png,202207111318_38-Perf,16,False,False
output/fascia/frames/202207111318_38-Perf/00017.png,output/fascia/masks/202207111318_38-Perf/00017.png,202207111318_38-Perf,17,False,False
output/fascia/frames/202207111318_38-Perf/00018.png,output/fascia/masks/202207111318_38-Perf/00018.png,202207111318_38-Perf,18,False,False
output/fascia/frames/202207111318_38-Perf/00019.png,output/fascia/masks/202207111318_38-Perf/00019.png,202207111318_38-Perf,19,False,False
output/fascia/frames/202207111318_38-Perf/00020.png,output/fascia/masks/202207111318_38-Perf/00020.png,202207111318_38-Perf,20,False,False
output/fascia/frames/202207111318_38-Perf/00021.png,output/fascia/masks/202207111318_38-Perf/00021.png,202207111318_38-Perf,21,False,False
output/fascia/frames/202207111318_38-Perf/00022.png,output/fascia/masks/202207111318_38-Perf/00022.png,202207111318_38-Perf,22,False,False
output/fascia/frames/202207111318_38-Perf/00023.png,output/fascia/masks/202207111318_38-Perf/00023.png,202207111318_38-Perf,23,False,False
output/fascia/frames/202207111318_38-Perf/00024.png,output/fascia/masks/202207111318_38-Perf/00024.png,202207111318_38-Perf,24,False,False
output/fascia/frames/202207111318_38-Perf/00025.png,output/fascia/masks/202207111318_38-Perf/00025.png,202207111318_38-Perf,25,False,False
output/fascia/frames/202207111318_38-Perf/00026.png,output/fascia/masks/202207111318_38-Perf/00026.png,202207111318_38-Perf,26,False,False
output/fascia/frames/202207111318_38-Perf/00027.png,output/fascia/masks/202207111318_38-Perf/00027.png,202207111318_38-Perf,27,False,False
output/fascia/frames/202207111318_38-Perf/00028.png,output/fascia/masks/202207111318_38-Perf/00028.png,202207111318_38-Perf,28,False,False
output/fascia/frames/202207111318_38-Perf/00029.png,output/fascia/masks/202207111318_38-Perf/00029.png,202207111318_38-Perf,29,False,False
output/fascia/frames/202207111318_38-Perf/00030.png,output/fascia/masks/202207111318_38-Perf/00030.png,202207111318_38-Perf,30,False,False
output/fascia/frames/202207111318_38-Perf/00031.png,output/fascia/masks/202207111318_38-Perf/00031.png,202207111318_38-Perf,31,False,False
output/fascia/frames/202207111318_38-Perf/00032.png,output/fascia/masks/202207111318_38-Perf/00032.png,202207111318_38-Perf,32,False,False
output/fascia/frames/202207111318_38-Perf/00033.png,output/fascia/masks/202207111318_38-Perf/00033.png,202207111318_38-Perf,33,False,False
output/fascia/frames/202207111318_38-Perf/00034.png,output/fascia/masks/202207111318_38-Perf/00034.png,202207111318_38-Perf,34,False,False
output/fascia/frames/202207111318_38-Perf/00035.png,output/fascia/masks/202207111318_38-Perf/00035.png,202207111318_38-Perf,35,False,False
output/fascia/frames/202207111318_38-Perf/00036.png,output/fascia/masks/202207111318_38-Perf/00036.png,202207111318_38-Perf,36,False,False
output/fascia/frames/202207111318_38-Perf/00037.png,output/fascia/masks/202207111318_38-Perf/00037.png,202207111318_38-Perf,37,False,False
output/fascia/frames/202207111318_38-Perf/00038.png,output/fascia/masks/202207111318_38-Perf/00038.png,202207111318_38-Perf,38,False,False
output/fascia/frames/202207111318_38-Perf/00039.png,output/fascia/masks/202207111318_38-Perf/00039.png,202207111318_38-Perf,39,False,False
output/fascia/frames/202207111318_38-Perf/00040.png,output/fascia/masks/202207111318_38-Perf/00040.png,202207111318_38-Perf,40,False,False
output/fascia/frames/202207111318_38-Perf/00041.png,output/fascia/masks/202207111318_38-Perf/00041.png,202207111318_38-Perf,41,False,False
output/fascia/frames/202207111318_38-Perf/00042.png,output/fascia/masks/202207111318_38-Perf/00042.png,202207111318_38-Perf,42,False,False
output/fascia/frames/202207111318_38-Perf/00043.png,output/fascia/masks/202207111318_38-Perf/00043.png,202207111318_38-Perf,43,False,False
output/fascia/frames/202207111318_38-Perf/00044.png,output/fascia/masks/202207111318_38-Perf/00044.png,202207111318_38-Perf,44,False,False
output/fascia/frames/202207111318_38-Perf/00045.png,output/fascia/masks/202207111318_38-Perf/00045.png,202207111318_38-Perf,45,False,False
output/fascia/frames/202207111318_38-Perf/00046.png,output/fascia/masks/202207111318_38-Perf/00046.png,202207111318_38-Perf,46,False,False
output/fascia/frames/202207111318_38-Perf/00047.png,output/fascia/masks/202207111318_38-Perf/00047.png,202207111318_38-Perf,47,False,False
output/fascia/frames/202207111318_38-Perf/00048.png,output/fascia/masks/202207111318_38-Perf/00048.png,202207111318_38-Perf,48,False,False
output/fascia/frames/202207111318_38-Perf/00049.png,output/fascia/masks/202207111318_38-Perf/00049.png,202207111318_38-Perf,49,False,False
output/fascia/frames/202207111318_38-Perf/00050.png,output/fascia/masks/202207111318_38-Perf/00050.png,202207111318_38-Perf,50,True,True
output/fascia/frames/202207111318_38-Perf/00051.png,output/fascia/masks/202207111318_38-Perf/00051.png,202207111318_38-Perf,51,True,True
output/fascia/frames/202207111318_38-Perf/00052.png,output/fascia/masks/202207111318_38-Perf/00052.png,202207111318_38-Perf,52,True,True
output/fascia/frames/202207111318_38-Perf/00053.png,output/fascia/masks/202207111318_38-Perf/00053.png,202207111318_38-Perf,53,True,True
output/fascia/frames/202207111318_38-Perf/00054.png,output/fascia/masks/202207111318_38-Perf/00054.png,202207111318_38-Perf,54,True,True
output/fascia/frames/202207111318_38-Perf/00055.png,output/fascia/masks/202207111318_38-Perf/00055.png,202207111318_38-Perf,55,True,True
output/fascia/frames/202207111318_38-Perf/00056.png,output/fascia/masks/202207111318_38-Perf/00056.png,202207111318_38-Perf,56,True,True
output/fascia/frames/202207111318_38-Perf/00057.png,output/fascia/masks/202207111318_38-Perf/00057.png,202207111318_38-Perf,57,True,True
output/fascia/frames/202207111318_38-Perf/00058.png,output/fascia/masks/202207111318_38-Perf/00058.png,202207111318_38-Perf,58,True,True
output/fascia/frames/202207111318_38-Perf/00059.png,output/fascia/masks/202207111318_38-Perf/00059.png,202207111318_38-Perf,59,True,True
output/fascia/frames/202207111318_38-Perf/00060.png,output/fascia/masks/202207111318_38-Perf/00060.png,202207111318_38-Perf,60,True,True
output/fascia/frames/202207111318_38-Perf/00061.png,output/fascia/masks/202207111318_38-Perf/00061.png,202207111318_38-Perf,61,True,True
output/fascia/frames/202207111318_38-Perf/00062.png,output/fascia/masks/202207111318_38-Perf/00062.png,202207111318_38-Perf,62,True,True
output/fascia/frames/202207111318_38-Perf/00063.png,output/fascia/masks/202207111318_38-Perf/00063.png,202207111318_38-Perf,63,True,True
output/fascia/frames/202207111318_38-Perf/00064.png,output/fascia/masks/202207111318_38-Perf/00064.png,202207111318_38-Perf,64,True,True
output/fascia/frames/202207111318_38-Perf/00065.png,output/fascia/masks/202207111318_38-Perf/00065.png,202207111318_38-Perf,65,True,True
output/fascia/frames/202207111318_38-Perf/00066.png,output/fascia/masks/202207111318_38-Perf/00066.png,202207111318_38-Perf,66,True,True
output/fascia/frames/202207111318_38-Perf/00067.png,output/fascia/masks/202207111318_38-Perf/00067.png,202207111318_38-Perf,67,True,True
output/fascia/frames/202207111318_38-Perf/00068.png,output/fascia/masks/202207111318_38-Perf/00068.png,202207111318_38-Perf,68,True,True
output/fascia/frames/202207111318_38-Perf/00069.png,output/fascia/masks/202207111318_38-Perf/00069.png,202207111318_38-Perf,69,True,True
output/fascia/frames/202207111318_38-Perf/00070.png,output/fascia/masks/202207111318_38-Perf/00070.png,202207111318_38-Perf,70,True,True
output/fascia/frames/202207111318_38-Perf/00071.png,output/fascia/masks/202207111318_38-Perf/00071.png,202207111318_38-Perf,71,True,True
output/fascia/frames/202207111318_38-Perf/00072.png,output/fascia/masks/202207111318_38-Perf/00072.png,202207111318_38-Perf,72,True,True
output/fascia/frames/202207111318_38-Perf/00073.png,output/fascia/masks/202207111318_38-Perf/00073.png,202207111318_38-Perf,73,True,True
output/fascia/frames/202207111318_38-Perf/00074.png,output/fascia/masks/202207111318_38-Perf/00074.png,202207111318_38-Perf,74,True,True
output/fascia/frames/202207111318_38-Perf/00075.png,output/fascia/masks/202207111318_38-Perf/00075.png,202207111318_38-Perf,75,True,True
output/fascia/frames/202207111318_38-Perf/00076.png,output/fascia/masks/202207111318_38-Perf/00076.png,202207111318_38-Perf,76,True,True
output/fascia/frames/202207111318_38-Perf/00077.png,output/fascia/masks/202207111318_38-Perf/00077.png,202207111318_38-Perf,77,True,True
output/fascia/frames/202207111318_38-Perf/00078.png,output/fascia/masks/202207111318_38-Perf/00078.png,202207111318_38-Perf,78,True,True
output/fascia/frames/202207111318_38-Perf/00079.png,output/fascia/masks/202207111318_38-Perf/00079.png,202207111318_38-Perf,79,True,True
output/fascia/frames/202207111318_38-Perf/00080.png,output/fascia/masks/202207111318_38-Perf/00080.png,202207111318_38-Perf,80,True,True
output/fascia/frames/202207111318_38-Perf/00081.png,output/fascia/masks/202207111318_38-Perf/00081.png,202207111318_38-Perf,81,True,True
output/fascia/frames/202207111318_38-Perf/00082.png,output/fascia/masks/202207111318_38-Perf/00082.png,202207111318_38-Perf,82,True,True
output/fascia/frames/202207111318_38-Perf/00083.png,output/fascia/masks/202207111318_38-Perf/00083.png,202207111318_38-Perf,83,True,True
output/fascia/frames/202207111318_38-Perf/00084.png,output/fascia/masks/202207111318_38-Perf/00084.png,202207111318_38-Perf,84,True,True
output/fascia/frames/202207111318_38-Perf/00085.png,output/fascia/masks/202207111318_38-Perf/00085.png,202207111318_38-Perf,85,True,True
output/fascia/frames/202207111318_38-Perf/00086.png,output/fascia/masks/202207111318_38-Perf/00086.png,202207111318_38-Perf,86,True,True
output/fascia/frames/202207111318_38-Perf/00087.png,output/fascia/masks/202207111318_38-Perf/00087.png,202207111318_38-Perf,87,True,True
output/fascia/frames/202207111318_38-Perf/00088.png,output/fascia/masks/202207111318_38-Perf/00088.png,202207111318_38-Perf,88,True,True
output/fascia/frames/202207111318_38-Perf/00089.png,output/fascia/masks/202207111318_38-Perf/00089.png,202207111318_38-Perf,89,True,True
output/fascia/frames/202207111318_38-Perf/00090.png,output/fascia/masks/202207111318_38-Perf/00090.png,202207111318_38-Perf,90,True,True
output/fascia/frames/202207111318_38-Perf/00091.png,output/fascia/masks/202207111318_38-Perf/00091.png,202207111318_38-Perf,91,True,True
output/fascia/frames/202207111318_38-Perf/00092.png,output/fascia/masks/202207111318_38-Perf/00092.png,202207111318_38-Perf,92,True,True
output/fascia/frames/202207111318_38-Perf/00093.png,output/fascia/masks/202207111318_38-Perf/00093.png,202207111318_38-Perf,93,True,True
output/fascia/frames/202207111318_38-Perf/00094.png,output/fascia/masks/202207111318_38-Perf/00094.png,202207111318_38-Perf,94,True,True
output/fascia/frames/202207111318_38-Perf/00095.png,output/fascia/masks/202207111318_38-Perf/00095.png,202207111318_38-Perf,95,True,True
output/fascia/frames/202207111318_38-Perf/00096.png,output/fascia/masks/202207111318_38-Perf/00096.png,202207111318_38-Perf,96,True,True
output/fascia/frames/202207111318_38-Perf/00097.png,output/fascia/masks/202207111318_38-Perf/00097.png,202207111318_38-Perf,97,True,True
output/fascia/frames/202207111318_38-Perf/00098.png,output/fascia/masks/202207111318_38-Perf/00098.png,202207111318_38-Perf,98,True,True
output/fascia/frames/202207111318_38-Perf/00099.png,output/fascia/masks/202207111318_38-Perf/00099.png,202207111318_38-Perf,99,True,True
output/fascia/frames/202207111318_38-Perf/00100.png,output/fascia/masks/202207111318_38-Perf/00100.png,202207111318_38-Perf,100,True,True
output/fascia/frames/202207111318_38-Perf/00101.png,output/fascia/masks/202207111318_38-Perf/00101.png,202207111318_38-Perf,101,True,True
output/fascia/frames/202207111318_38-Perf/00102.png,output/fascia/masks/202207111318_38-Perf/00102.png,202207111318_38-Perf,102,True,True
output/fascia/frames/202207111318_38-Perf/00103.png,output/fascia/masks/202207111318_38-Perf/00103.png,202207111318_38-Perf,103,True,True
output/fascia/frames/202207111318_38-Perf/00104.png,output/fascia/masks/202207111318_38-Perf/00104.png,202207111318_38-Perf,104,True,True
output/fascia/frames/202207111318_38-Perf/00105.png,output/fascia/masks/202207111318_38-Perf/00105.png,202207111318_38-Perf,105,True,True
output/fascia/frames/202207111318_38-Perf/00106.png,output/fascia/masks/202207111318_38-Perf/00106.png,202207111318_38-Perf,106,True,True
output/fascia/frames/202207111318_38-Perf/00107.png,output/fascia/masks/202207111318_38-Perf/00107.png,202207111318_38-Perf,107,True,True
output/fascia/frames/202207111318_38-Perf/00108.png,output/fascia/masks/202207111318_38-Perf/00108.png,202207111318_38-Perf,108,True,True
output/fascia/frames/202207111318_38-Perf/00109.png,output/fascia/masks/202207111318_38-Perf/00109.png,202207111318_38-Perf,109,True,True
output/fascia/frames/202207111318_38-Perf/00110.png,output/fascia/masks/202207111318_38-Perf/00110.png,202207111318_38-Perf,110,True,True
output/fascia/frames/202207111318_38-Perf/00111.png,output/fascia/masks/202207111318_38-Perf/00111.png,202207111318_38-Perf,111,True,True
output/fascia/frames/202207111318_38-Perf/00112.png,output/fascia/masks/202207111318_38-Perf/00112.png,202207111318_38-Perf,112,True,True
output/fascia/frames/202207111318_38-Perf/00113.png,output/fascia/masks/202207111318_38-Perf/00113.png,202207111318_38-Perf,113,True,True
output/fascia/frames/202207111318_38-Perf/00114.png,output/fascia/masks/202207111318_38-Perf/00114.png,202207111318_38-Perf,114,True,True
output/fascia/frames/202207111318_38-Perf/00115.png,output/fascia/masks/202207111318_38-Perf/00115.png,202207111318_38-Perf,115,True,True
output/fascia/frames/202207111318_38-Perf/00116.png,output/fascia/masks/202207111318_38-Perf/00116.png,202207111318_38-Perf,116,True,True
output/fascia/frames/202207111318_38-Perf/00117.png,output/fascia/masks/202207111318_38-Perf/00117.png,202207111318_38-Perf,117,True,True
output/fascia/frames/202207111318_38-Perf/00118.png,output/fascia/masks/202207111318_38-Perf/00118.png,202207111318_38-Perf,118,True,True
output/fascia/frames/202207111318_38-Perf/00119.png,output/fascia/masks/202207111318_38-Perf/00119.png,202207111318_38-Perf,119,True,True
output/fascia/frames/202207111318_38-Perf/00120.png,output/fascia/masks/202207111318_38-Perf/00120.png,202207111318_38-Perf,120,True,True
output/fascia/frames/202207111318_38-Perf/00121.png,output/fascia/masks/202207111318_38-Perf/00121.png,202207111318_38-Perf,121,True,True
output/fascia/frames/202207111318_38-Perf/00122.png,output/fascia/masks/202207111318_38-Perf/00122.png,202207111318_38-Perf,122,True,True
output/fascia/frames/202207111318_38-Perf/00123.png,output/fascia/masks/202207111318_38-Perf/00123.png,202207111318_38-Perf,123,True,True
output/fascia/frames/202207111318_38-Perf/00124.png,output/fascia/masks/202207111318_38-Perf/00124.png,202207111318_38-Perf,124,True,True
output/fascia/frames/202207111318_38-Perf/00125.png,output/fascia/masks/202207111318_38-Perf/00125.png,202207111318_38-Perf,125,True,True
output/fascia/frames/202207111318_38-Perf/00126.png,output/fascia/masks/202207111318_38-Perf/00126.png,202207111318_38-Perf,126,True,True
output/fascia/frames/202207111318_38-Perf/00127.png,output/fascia/masks/202207111318_38-Perf/00127.png,202207111318_38-Perf,127,True,True
output/fascia/frames/202207111318_38-Perf/00128.png,output/fascia/masks/202207111318_38-Perf/00128.png,202207111318_38-Perf,128,True,True
output/fascia/frames/202207111318_38-Perf/00129.png,output/fascia/masks/202207111318_38-Perf/00129.png,202207111318_38-Perf,129,True,True
output/fascia/frames/202207111318_38-Perf/00130.png,output/fascia/masks/202207111318_38-Perf/00130.png,202207111318_38-Perf,130,True,True
output/fascia/frames/202207111318_38-Perf/00131.png,output/fascia/masks/202207111318_38-Perf/00131.png,202207111318_38-Perf,131,True,True
output/fascia/frames/202207111318_38-Perf/00132.png,output/fascia/masks/202207111318_38-Perf/00132.png,202207111318_38-Perf,132,True,True
output/fascia/frames/202207111318_38-Perf/00133.png,output/fascia/masks/202207111318_38-Perf/00133.png,202207111318_38-Perf,133,True,True
output/fascia/frames/202207111318_38-Perf/00134.png,output/fascia/masks/202207111318_38-Perf/00134.png,202207111318_38-Perf,134,True,True
output/fascia/frames/202207111318_38-Perf/00135.png,output/fascia/masks/202207111318_38-Perf/00135.png,202207111318_38-Perf,135,True,True
output/fascia/frames/202207111318_38-Perf/00136.png,output/fascia/masks/202207111318_38-Perf/00136.png,202207111318_38-Perf,136,True,True
output/fascia/frames/202207111318_38-Perf/00137.png,output/fascia/masks/202207111318_38-Perf/00137.png,202207111318_38-Perf,137,True,True
output/fascia/frames/202207111318_38-Perf/00138.png,output/fascia/masks/202207111318_38-Perf/00138.png,202207111318_38-Perf,138,True,True
output/fascia/frames/202207111318_38-Perf/00139.png,output/fascia/masks/202207111318_38-Perf/00139.png,202207111318_38-Perf,139,True,True
output/fascia/frames/202207111318_38-Perf/00140.png,output/fascia/masks/202207111318_38-Perf/00140.png,202207111318_38-Perf,140,True,True
output/fascia/frames/202207111318_38-Perf/00141.png,output/fascia/masks/202207111318_38-Perf/00141.png,202207111318_38-Perf,141,True,True
output/fascia/frames/202207111318_38-Perf/00142.png,output/fascia/masks/202207111318_38-Perf/00142.png,202207111318_38-Perf,142,True,True
output/fascia/frames/202207111318_38-Perf/00143.png,output/fascia/masks/202207111318_38-Perf/00143.png,202207111318_38-Perf,143,True,True
output/fascia/frames/202207111318_38-Perf/00144.png,output/fascia/masks/202207111318_38-Perf/00144.png,202207111318_38-Perf,144,True,True
output/fascia/frames/202207111318_38-Perf/00145.png,output/fascia/masks/202207111318_38-Perf/00145.png,202207111318_38-Perf,145,True,True
output/fascia/frames/202207111318_38-Perf/00146.png,output/fascia/masks/202207111318_38-Perf/00146.png,202207111318_38-Perf,146,True,True
output/fascia/frames/202207111318_38-Perf/00147.png,output/fascia/masks/202207111318_38-Perf/00147.png,202207111318_38-Perf,147,True,True
output/fascia/frames/202207111318_38-Perf/00148.png,output/fascia/masks/202207111318_38-Perf/00148.png,202207111318_38-Perf,148,True,True
output/fascia/frames/202207111318_38-Perf/00149.png,output/fascia/masks/202207111318_38-Perf/00149.png,202207111318_38-Perf,149,True,True
output/fascia/frames/202207111318_38-Perf/00150.png,output/fascia/masks/202207111318_38-Perf/00150.png,202207111318_38-Perf,150,True,True
output/fascia/frames/202207111318_38-Perf/00151.png,output/fascia/masks/202207111318_38-Perf/00151.png,202207111318_38-Perf,151,True,True
output/fascia/frames/202207111318_38-Perf/00152.png,output/fascia/masks/202207111318_38-Perf/00152.png,202207111318_38-Perf,152,True,True
output/fascia/frames/202207111318_38-Perf/00153.png,output/fascia/masks/202207111318_38-Perf/00153.png,202207111318_38-Perf,153,True,True
output/fascia/frames/202207111318_38-Perf/00154.png,output/fascia/masks/202207111318_38-Perf/00154.png,202207111318_38-Perf,154,True,True
output/fascia/frames/202207111318_38-Perf/00155.png,output/fascia/masks/202207111318_38-Perf/00155.png,202207111318_38-Perf,155,True,True
output/fascia/frames/202207111318_38-Perf/00156.png,output/fascia/masks/202207111318_38-Perf/00156.png,202207111318_38-Perf,156,True,True
output/fascia/frames/202207111318_38-Perf/00157.png,output/fascia/masks/202207111318_38-Perf/00157.png,202207111318_38-Perf,157,True,True
output/fascia/frames/202207111318_38-Perf/00158.png,output/fascia/masks/202207111318_38-Perf/00158.png,202207111318_38-Perf,158,True,True
output/fascia/frames/202207111318_38-Perf/00159.png,output/fascia/masks/202207111318_38-Perf/00159.png,202207111318_38-Perf,159,True,True
output/fascia/frames/202207111318_38-Perf/00160.png,output/fascia/masks/202207111318_38-Perf/00160.png,202207111318_38-Perf,160,True,True
output/fascia/frames/202207111318_38-Perf/00161.png,output/fascia/masks/202207111318_38-Perf/00161.png,202207111318_38-Perf,161,True,True
output/fascia/frames/202207111318_38-Perf/00162.png,output/fascia/masks/202207111318_38-Perf/00162.png,202207111318_38-Perf,162,True,True
output/fascia/frames/202207111318_38-Perf/00163.png,output/fascia/masks/202207111318_38-Perf/00163.png,202207111318_38-Perf,163,True,True
output/fascia/frames/202207111318_38-Perf/00164.png,output/fascia/masks/202207111318_38-Perf/00164.png,202207111318_38-Perf,164,True,True
output/fascia/frames/202207111318_38-Perf/00165.png,output/fascia/masks/202207111318_38-Perf/00165.png,202207111318_38-Perf,165,True,True
output/fascia/frames/202207111318_38-Perf/00166.png,output/fascia/masks/202207111318_38-Perf/00166.png,202207111318_38-Perf,166,True,True
output/fascia/frames/202207111318_38-Perf/00167.png,output/fascia/masks/202207111318_38-Perf/00167.png,202207111318_38-Perf,167,True,True
output/fascia/frames/202207111318_38-Perf/00168.png,output/fascia/masks/202207111318_38-Perf/00168.png,202207111318_38-Perf,168,True,True
output/fascia/frames/202207111318_38-Perf/00169.png,output/fascia/masks/202207111318_38-Perf/00169.png,202207111318_38-Perf,169,True,True
output/fascia/frames/202207111318_38-Perf/00170.png,output/fascia/masks/202207111318_38-Perf/00170.png,202207111318_38-Perf,170,True,True
output/fascia/frames/202207111318_38-Perf/00171.png,output/fascia/masks/202207111318_38-Perf/00171.png,202207111318_38-Perf,171,True,True
output/fascia/frames/202207111318_38-Perf/00172.png,output/fascia/masks/202207111318_38-Perf/00172.png,202207111318_38-Perf,172,True,True
output/fascia/frames/202207111318_38-Perf/00173.png,output/fascia/masks/202207111318_38-Perf/00173.png,202207111318_38-Perf,173,True,True
output/fascia/frames/202207111318_38-Perf/00174.png,output/fascia/masks/202207111318_38-Perf/00174.png,202207111318_38-Perf,174,True,True
output/fascia/frames/202207111318_38-Perf/00175.png,output/fascia/masks/202207111318_38-Perf/00175.png,202207111318_38-Perf,175,True,True
output/fascia/frames/202207111318_38-Perf/00176.png,output/fascia/masks/202207111318_38-Perf/00176.png,202207111318_38-Perf,176,True,True
output/fascia/frames/202207111318_38-Perf/00177.png,output/fascia/masks/202207111318_38-Perf/00177.png,202207111318_38-Perf,177,True,True
output/fascia/frames/202207111318_38-Perf/00178.png,output/fascia/masks/202207111318_38-Perf/00178.png,202207111318_38-Perf,178,True,True
output/fascia/frames/202207111318_38-Perf/00179.png,output/fascia/masks/202207111318_38-Perf/00179.png,202207111318_38-Perf,179,True,True
output/fascia/frames/202207111318_38-Perf/00180.png,output/fascia/masks/202207111318_38-Perf/00180.png,202207111318_38-Perf,180,True,True
output/fascia/frames/202207111318_38-Perf/00181.png,output/fascia/masks/202207111318_38-Perf/00181.png,202207111318_38-Perf,181,True,True
output/fascia/frames/202207111318_38-Perf/00182.png,output/fascia/masks/202207111318_38-Perf/00182.png,202207111318_38-Perf,182,True,True
output/fascia/frames/202207111318_38-Perf/00183.png,output/fascia/masks/202207111318_38-Perf/00183.png,202207111318_38-Perf,183,True,True
output/fascia/frames/202207111318_38-Perf/00184.png,output/fascia/masks/202207111318_38-Perf/00184.png,202207111318_38-Perf,184,True,True
output/fascia/frames/202207111318_38-Perf/00185.png,output/fascia/masks/202207111318_38-Perf/00185.png,202207111318_38-Perf,185,True,True
output/fascia/frames/202207111318_38-Perf/00186.png,output/fascia/masks/202207111318_38-Perf/00186.png,202207111318_38-Perf,186,True,True
output/fascia/frames/202207111318_38-Perf/00187.png,output/fascia/masks/202207111318_38-Perf/00187.png,202207111318_38-Perf,187,True,True
output/fascia/frames/202207111318_38-Perf/00188.png,output/fascia/masks/202207111318_38-Perf/00188.png,202207111318_38-Perf,188,True,True
output/fascia/frames/202207111318_38-Perf/00189.png,output/fascia/masks/202207111318_38-Perf/00189.png,202207111318_38-Perf,189,True,True
output/fascia/frames/202207111318_38-Perf/00190.png,output/fascia/masks/202207111318_38-Perf/00190.png,202207111318_38-Perf,190,True,True
output/fascia/frames/202207111318_38-Perf/00191.png,output/fascia/masks/202207111318_38-Perf/00191.png,202207111318_38-Perf,191,True,True
output/fascia/frames/202207111318_38-Perf/00192.png,output/fascia/masks/202207111318_38-Perf/00192.png,202207111318_38-Perf,192,True,True
output/fascia/frames/202207111318_38-Perf/00193.png,output/fascia/masks/202207111318_38-Perf/00193.png,202207111318_38-Perf,193,True,True
output/fascia/frames/202207111318_38-Perf/00194.png,output/fascia/masks/202207111318_38-Perf/00194.png,202207111318_38-Perf,194,True,True
output/fascia/frames/202207111318_38-Perf/00195.png,output/fascia/masks/202207111318_38-Perf/00195.png,202207111318_38-Perf,195,True,True
output/fascia/frames/202207111318_38-Perf/00196.png,output/fascia/masks/202207111318_38-Perf/00196.png,202207111318_38-Perf,196,True,True
output/fascia/frames/202207111318_38-Perf/00197.png,output/fascia/masks/202207111318_38-Perf/00197.png,202207111318_38-Perf,197,True,True
output/fascia/frames/202207111318_38-Perf/00198.png,output/fascia/masks/202207111318_38-Perf/00198.png,202207111318_38-Perf,198,True,True
output/fascia/frames/202207111318_38-Perf/00199.png,output/fascia/masks/202207111318_38-Perf/00199.png,202207111318_38-Perf,199,True,True
output/fascia/frames/202207111318_38-Perf/00200.png,output/fascia/masks/202207111318_38-Perf/00200.png,202207111318_38-Perf,200,True,True
output/fascia/frames/202207111318_38-Perf/00201.png,output/fascia/masks/202207111318_38-Perf/00201.png,202207111318_38-Perf,201,True,True
output/fascia/frames/202207111318_38-Perf/00202.png,output/fascia/masks/202207111318_38-Perf/00202.png,202207111318_38-Perf,202,True,True
output/fascia/frames/202207111318_38-Perf/00203.png,output/fascia/masks/202207111318_38-Perf/00203.png,202207111318_38-Perf,203,True,True
output/fascia/frames/202207111318_38-Perf/00204.png,output/fascia/masks/202207111318_38-Perf/00204.png,202207111318_38-Perf,204,True,True
output/fascia/frames/202207111318_38-Perf/00205.png,output/fascia/masks/202207111318_38-Perf/00205.png,202207111318_38-Perf,205,True,True
output/fascia/frames/202207111318_38-Perf/00206.png,output/fascia/masks/202207111318_38-Perf/00206.png,202207111318_38-Perf,206,True,True
output/fascia/frames/202207111318_38-Perf/00207.png,output/fascia/masks/202207111318_38-Perf/00207.png,202207111318_38-Perf,207,True,True
output/fascia/frames/202207111318_38-Perf/00208.png,output/fascia/masks/202207111318_38-Perf/00208.png,202207111318_38-Perf,208,True,True
output/fascia/frames/202207111318_38-Perf/00209.png,output/fascia/masks/202207111318_38-Perf/00209.png,202207111318_38-Perf,209,True,True
output/fascia/frames/202207111318_38-Perf/00210.png,output/fascia/masks/202207111318_38-Perf/00210.png,202207111318_38-Perf,210,True,True
output/fascia/frames/202207111318_38-Perf/00211.png,output/fascia/masks/202207111318_38-Perf/00211.png,202207111318_38-Perf,211,True,True
output/fascia/frames/202207111318_38-Perf/00212.png,output/fascia/masks/202207111318_38-Perf/00212.png,202207111318_38-Perf,212,True,True
output/fascia/frames/202207111318_38-Perf/00213.png,output/fascia/masks/202207111318_38-Perf/00213.png,202207111318_38-Perf,213,True,True
output/fascia/frames/202207111318_38-Perf/00214.png,output/fascia/masks/202207111318_38-Perf/00214.png,202207111318_38-Perf,214,True,True
output/fascia/frames/202207111318_38-Perf/00215.png,output/fascia/masks/202207111318_38-Perf/00215.png,202207111318_38-Perf,215,True,True
output/fascia/frames/202207111318_38-Perf/00216.png,output/fascia/masks/202207111318_38-Perf/00216.png,202207111318_38-Perf,216,True,True
output/fascia/frames/202207111318_38-Perf/00217.png,output/fascia/masks/202207111318_38-Perf/00217.png,202207111318_38-Perf,217,True,True
output/fascia/frames/202207111318_38-Perf/00218.png,output/fascia/masks/202207111318_38-Perf/00218.png,202207111318_38-Perf,218,True,True
output/fascia/frames/202207111318_38-Perf/00219.png,output/fascia/masks/202207111318_38-Perf/00219.png,202207111318_38-Perf,219,True,True
output/fascia/frames/202207111318_38-Perf/00220.png,output/fascia/masks/202207111318_38-Perf/00220.png,202207111318_38-Perf,220,True,True
output/fascia/frames/202207111318_38-Perf/00221.png,output/fascia/masks/202207111318_38-Perf/00221.png,202207111318_38-Perf,221,True,True
output/fascia/frames/202207111318_38-Perf/00222.png,output/fascia/masks/202207111318_38-Perf/00222.png,202207111318_38-Perf,222,True,True
output/fascia/frames/202207111318_38-Perf/00223.png,output/fascia/masks/202207111318_38-Perf/00223.png,202207111318_38-Perf,223,True,True
output/fascia/frames/202207111318_38-Perf/00224.png,output/fascia/masks/202207111318_38-Perf/00224.png,202207111318_38-Perf,224,True,True
output/fascia/frames/202207111318_38-Perf/00225.png,output/fascia/masks/202207111318_38-Perf/00225.png,202207111318_38-Perf,225,True,True
output/fascia/frames/202207111318_38-Perf/00226.png,output/fascia/masks/202207111318_38-Perf/00226.png,202207111318_38-Perf,226,True,True
output/fascia/frames/202207111318_38-Perf/00227.png,output/fascia/masks/202207111318_38-Perf/00227.png,202207111318_38-Perf,227,True,True
output/fascia/frames/202207111318_38-Perf/00228.png,output/fascia/masks/202207111318_38-Perf/00228.png,202207111318_38-Perf,228,True,True
output/fascia/frames/202207111318_38-Perf/00229.png,output/fascia/masks/202207111318_38-Perf/00229.png,202207111318_38-Perf,229,True,True
output/fascia/frames/202207111318_38-Perf/00230.png,output/fascia/masks/202207111318_38-Perf/00230.png,202207111318_38-Perf,230,True,True
output/fascia/frames/202207111318_38-Perf/00231.png,output/fascia/masks/202207111318_38-Perf/00231.png,202207111318_38-Perf,231,True,True
output/fascia/frames/202207111318_38-Perf/00232.png,output/fascia/masks/202207111318_38-Perf/00232.png,202207111318_38-Perf,232,True,True
output/fascia/frames/202207111318_38-Perf/00233.png,output/fascia/masks/202207111318_38-Perf/00233.png,202207111318_38-Perf,233,True,True
output/fascia/frames/202207111318_38-Perf/00234.png,output/fascia/masks/202207111318_38-Perf/00234.png,202207111318_38-Perf,234,True,True
output/fascia/frames/202207111318_38-Perf/00235.png,output/fascia/masks/202207111318_38-Perf/00235.png,202207111318_38-Perf,235,True,True
output/fascia/frames/202207111318_38-Perf/00236.png,output/fascia/masks/202207111318_38-Perf/00236.png,202207111318_38-Perf,236,True,True
output/fascia/frames/202207111318_38-Perf/00237.png,output/fascia/masks/202207111318_38-Perf/00237.png,202207111318_38-Perf,237,True,True
output/fascia/frames/202207111318_38-Perf/00238.png,output/fascia/masks/202207111318_38-Perf/00238.png,202207111318_38-Perf,238,True,True
output/fascia/frames/202207111318_38-Perf/00239.png,output/fascia/masks/202207111318_38-Perf/00239.png,202207111318_38-Perf,239,True,True
output/fascia/frames/202207111318_38-Perf/00240.png,output/fascia/masks/202207111318_38-Perf/00240.png,202207111318_38-Perf,240,True,True
output/fascia/frames/202207111318_38-Perf/00241.png,output/fascia/masks/202207111318_38-Perf/00241.png,202207111318_38-Perf,241,True,True
output/fascia/frames/202207111318_38-Perf/00242.png,output/fascia/masks/202207111318_38-Perf/00242.png,202207111318_38-Perf,242,True,True
output/fascia/frames/202207111318_38-Perf/00243.png,output/fascia/masks/202207111318_38-Perf/00243.png,202207111318_38-Perf,243,True,True
output/fascia/frames/202207111318_38-Perf/00244.png,output/fascia/masks/202207111318_38-Perf/00244.png,202207111318_38-Perf,244,True,True
output/fascia/frames/202207111318_38-Perf/00245.png,output/fascia/masks/202207111318_38-Perf/00245.png,202207111318_38-Perf,245,True,True
output/fascia/frames/202207111318_38-Perf/00246.png,output/fascia/masks/202207111318_38-Perf/00246.png,202207111318_38-Perf,246,True,True
output/fascia/frames/202207111318_38-Perf/00247.png,output/fascia/masks/202207111318_38-Perf/00247.png,202207111318_38-Perf,247,True,True
output/fascia/frames/202207111318_38-Perf/00248.png,output/fascia/masks/202207111318_38-Perf/00248.png,202207111318_38-Perf,248,True,True
output/fascia/frames/202207111318_38-Perf/00249.png,output/fascia/masks/202207111318_38-Perf/00249.png,202207111318_38-Perf,249,True,True
output/fascia/frames/202207111318_38-Perf/00250.png,output/fascia/masks/202207111318_38-Perf/00250.png,202207111318_38-Perf,250,True,True
output/fascia/frames/202207111318_38-Perf/00251.png,output/fascia/masks/202207111318_38-Perf/00251.png,202207111318_38-Perf,251,True,True
output/fascia/frames/202207111318_38-Perf/00252.png,output/fascia/masks/202207111318_38-Perf/00252.png,202207111318_38-Perf,252,True,True
output/fascia/frames/202207111318_38-Perf/00253.png,output/fascia/masks/202207111318_38-Perf/00253.png,202207111318_38-Perf,253,True,True
output/fascia/frames/202207111318_38-Perf/00254.png,output/fascia/masks/202207111318_38-Perf/00254.png,202207111318_38-Perf,254,True,True
output/fascia/frames/202207111318_38-Perf/00255.png,output/fascia/masks/202207111318_38-Perf/00255.png,202207111318_38-Perf,255,True,True
output/fascia/frames/202207111318_38-Perf/00256.png,output/fascia/masks/202207111318_38-Perf/00256.png,202207111318_38-Perf,256,True,True
output/fascia/frames/202207111318_38-Perf/00257.png,output/fascia/masks/202207111318_38-Perf/00257.png,202207111318_38-Perf,257,True,True
output/fascia/frames/202207111318_38-Perf/00258.png,output/fascia/masks/202207111318_38-Perf/00258.png,202207111318_38-Perf,258,True,True
output/fascia/frames/202207111318_38-Perf/00259.png,output/fascia/masks/202207111318_38-Perf/00259.png,202207111318_38-Perf,259,True,True
output/fascia/frames/202207111318_38-Perf/00260.png,output/fascia/masks/202207111318_38-Perf/00260.png,202207111318_38-Perf,260,True,True
output/fascia/frames/202207111318_38-Perf/00261.png,output/fascia/masks/202207111318_38-Perf/00261.png,202207111318_38-Perf,261,True,True
output/fascia/frames/202207111318_38-Perf/00262.png,output/fascia/masks/202207111318_38-Perf/00262.png,202207111318_38-Perf,262,True,True
output/fascia/frames/202207111318_38-Perf/00263.png,output/fascia/masks/202207111318_38-Perf/00263.png,202207111318_38-Perf,263,True,True
output/fascia/frames/202207111318_38-Perf/00264.png,output/fascia/masks/202207111318_38-Perf/00264.png,202207111318_38-Perf,264,True,True
output/fascia/frames/202207111318_38-Perf/00265.png,output/fascia/masks/202207111318_38-Perf/00265.png,202207111318_38-Perf,265,True,True
output/fascia/frames/202207111318_38-Perf/00266.png,output/fascia/masks/202207111318_38-Perf/00266.png,202207111318_38-Perf,266,True,True
output/fascia/frames/202207111318_38-Perf/00267.png,output/fascia/masks/202207111318_38-Perf/00267.png,202207111318_38-Perf,267,True,True
output/fascia/frames/202207111318_38-Perf/00268.png,output/fascia/masks/202207111318_38-Perf/00268.png,202207111318_38-Perf,268,True,True
output/fascia/frames/202207111318_38-Perf/00269.png,output/fascia/masks/202207111318_38-Perf/00269.png,202207111318_38-Perf,269,True,True
output/fascia/frames/202207111318_38-Perf/00270.png,output/fascia/masks/202207111318_38-Perf/00270.png,202207111318_38-Perf,270,True,True
output/fascia/frames/202207111318_38-Perf/00271.png,output/fascia/masks/202207111318_38-Perf/00271.png,202207111318_38-Perf,271,True,True
output/fascia/frames/202207111318_38-Perf/00272.png,output/fascia/masks/202207111318_38-Perf/00272.png,202207111318_38-Perf,272,True,True
output/fascia/frames/202207111318_38-Perf/00273.png,output/fascia/masks/202207111318_38-Perf/00273.png,202207111318_38-Perf,273,True,True
output/fascia/frames/202207111318_38-Perf/00274.png,output/fascia/masks/202207111318_38-Perf/00274.png,202207111318_38-Perf,274,True,True
output/fascia/frames/202207111318_38-Perf/00275.png,output/fascia/masks/202207111318_38-Perf/00275.png,202207111318_38-Perf,275,True,True
output/fascia/frames/202207111318_38-Perf/00276.png,output/fascia/masks/202207111318_38-Perf/00276.png,202207111318_38-Perf,276,True,True
output/fascia/frames/202207111318_38-Perf/00277.png,output/fascia/masks/202207111318_38-Perf/00277.png,202207111318_38-Perf,277,True,True
output/fascia/frames/202207111318_38-Perf/00278.png,output/fascia/masks/202207111318_38-Perf/00278.png,202207111318_38-Perf,278,True,True
output/fascia/frames/202207111318_38-Perf/00279.png,output/fascia/masks/202207111318_38-Perf/00279.png,202207111318_38-Perf,279,True,True
output/fascia/frames/202207111318_38-Perf/00280.png,output/fascia/masks/202207111318_38-Perf/00280.png,202207111318_38-Perf,280,True,True
output/fascia/frames/202207111318_38-Perf/00281.png,output/fascia/masks/202207111318_38-Perf/00281.png,202207111318_38-Perf,281,True,True
output/fascia/frames/202207111318_38-Perf/00282.png,output/fascia/masks/202207111318_38-Perf/00282.png,202207111318_38-Perf,282,True,True
output/fascia/frames/202207111318_38-Perf/00283.png,output/fascia/masks/202207111318_38-Perf/00283.png,202207111318_38-Perf,283,True,True
output/fascia/frames/202207111318_38-Perf/00284.png,output/fascia/masks/202207111318_38-Perf/00284.png,202207111318_38-Perf,284,True,True
output/fascia/frames/202207111318_38-Perf/00285.png,output/fascia/masks/202207111318_38-Perf/00285.png,202207111318_38-Perf,285,True,True
output/fascia/frames/202207111318_38-Perf/00286.png,output/fascia/masks/202207111318_38-Perf/00286.png,202207111318_38-Perf,286,True,True
output/fascia/frames/202207111318_38-Perf/00287.png,output/fascia/masks/202207111318_38-Perf/00287.png,202207111318_38-Perf,287,True,True
output/fascia/frames/202207111318_38-Perf/00288.png,output/fascia/masks/202207111318_38-Perf/00288.png,202207111318_38-Perf,288,True,True
output/fascia/frames/202207111318_38-Perf/00289.png,output/fascia/masks/202207111318_38-Perf/00289.png,202207111318_38-Perf,289,True,True
output/fascia/frames/202207111318_38-Perf/00290.png,output/fascia/masks/202207111318_38-Perf/00290.png,202207111318_38-Perf,290,True,True
output/fascia/frames/202207111318_38-Perf/00291.png,output/fascia/masks/202207111318_38-Perf/00291.png,202207111318_38-Perf,291,True,True
output/fascia/frames/202207111318_38-Perf/00292.png,output/fascia/masks/202207111318_38-Perf/00292.png,202207111318_38-Perf,292,True,True
output/fascia/frames/202207111318_38-Perf/00293.png,output/fascia/masks/202207111318_38-Perf/00293.png,202207111318_38-Perf,293,True,True
output/fascia/frames/202207111318_38-Perf/00294.png,output/fascia/masks/202207111318_38-Perf/00294.png,202207111318_38-Perf,294,True,True
output/fascia/frames/202207111318_38-Perf/00295.png,output/fascia/masks/202207111318_38-Perf/00295.png,202207111318_38-Perf,295,True,True
output/fascia/frames/202207111318_38-Perf/00296.png,output/fascia/masks/202207111318_38-Perf/00296.png,202207111318_38-Perf,296,True,True
output/fascia/frames/202207111318_38-Perf/00297.png,output/fascia/masks/202207111318_38-Perf/00297.png,202207111318_38-Perf,297,True,True
output/fascia/frames/202207111318_38-Perf/00298.png,output/fascia/masks/202207111318_38-Perf/00298.png,202207111318_38-Perf,298,True,True
output/fascia/frames/202207111318_38-Perf/00299.png,output/fascia/masks/202207111318_38-Perf/00299.png,202207111318_38-Perf,299,True,True
output/fascia/frames/202207111318_38-Perf/00300.png,output/fascia/masks/202207111318_38-Perf/00300.png,202207111318_38-Perf,300,True,True
output/fascia/frames/202207111318_38-Perf/00301.png,output/fascia/masks/202207111318_38-Perf/00301.png,202207111318_38-Perf,301,True,True
output/fascia/frames/202207111318_38-Perf/00302.png,output/fascia/masks/202207111318_38-Perf/00302.png,202207111318_38-Perf,302,True,True
output/fascia/frames/202207111318_38-Perf/00303.png,output/fascia/masks/202207111318_38-Perf/00303.png,202207111318_38-Perf,303,True,True
output/fascia/frames/202207111318_38-Perf/00304.png,output/fascia/masks/202207111318_38-Perf/00304.png,202207111318_38-Perf,304,True,True
output/fascia/frames/202207111318_38-Perf/00305.png,output/fascia/masks/202207111318_38-Perf/00305.png,202207111318_38-Perf,305,True,True
output/fascia/frames/202207111318_38-Perf/00306.png,output/fascia/masks/202207111318_38-Perf/00306.png,202207111318_38-Perf,306,True,True
output/fascia/frames/202207111318_38-Perf/00307.png,output/fascia/masks/202207111318_38-Perf/00307.png,202207111318_38-Perf,307,True,True
output/fascia/frames/202207111318_38-Perf/00308.png,output/fascia/masks/202207111318_38-Perf/00308.png,202207111318_38-Perf,308,True,True
output/fascia/frames/202207111318_38-Perf/00309.png,output/fascia/masks/202207111318_38-Perf/00309.png,202207111318_38-Perf,309,True,True
output/fascia/frames/202207111318_38-Perf/00310.png,output/fascia/masks/202207111318_38-Perf/00310.png,202207111318_38-Perf,310,True,True
output/fascia/frames/202207111318_38-Perf/00311.png,output/fascia/masks/202207111318_38-Perf/00311.png,202207111318_38-Perf,311,True,True
output/fascia/frames/202207111318_38-Perf/00312.png,output/fascia/masks/202207111318_38-Perf/00312.png,202207111318_38-Perf,312,True,True
output/fascia/frames/202207111318_38-Perf/00313.png,output/fascia/masks/202207111318_38-Perf/00313.png,202207111318_38-Perf,313,True,True
output/fascia/frames/202207111318_38-Perf/00314.png,output/fascia/masks/202207111318_38-Perf/00314.png,202207111318_38-Perf,314,True,True
output/fascia/frames/202207111318_38-Perf/00315.png,output/fascia/masks/202207111318_38-Perf/00315.png,202207111318_38-Perf,315,True,True
output/fascia/frames/202207111318_38-Perf/00316.png,output/fascia/masks/202207111318_38-Perf/00316.png,202207111318_38-Perf,316,True,True
output/fascia/frames/202207111318_38-Perf/00317.png,output/fascia/masks/202207111318_38-Perf/00317.png,202207111318_38-Perf,317,True,True
output/fascia/frames/202207111318_38-Perf/00318.png,output/fascia/masks/202207111318_38-Perf/00318.png,202207111318_38-Perf,318,True,True
output/fascia/frames/202207111318_38-Perf/00319.png,output/fascia/masks/202207111318_38-Perf/00319.png,202207111318_38-Perf,319,True,True
output/fascia/frames/202207111318_38-Perf/00320.png,output/fascia/masks/202207111318_38-Perf/00320.png,202207111318_38-Perf,320,True,True
output/fascia/frames/202207111318_38-Perf/00321.png,output/fascia/masks/202207111318_38-Perf/00321.png,202207111318_38-Perf,321,True,True
output/fascia/frames/202207111318_38-Perf/00322.png,output/fascia/masks/202207111318_38-Perf/00322.png,202207111318_38-Perf,322,True,True
output/fascia/frames/202207111318_38-Perf/00323.png,output/fascia/masks/202207111318_38-Perf/00323.png,202207111318_38-Perf,323,True,True
output/fascia/frames/202207111318_38-Perf/00324.png,output/fascia/masks/202207111318_38-Perf/00324.png,202207111318_38-Perf,324,True,True
output/fascia/frames/202207111318_38-Perf/00325.png,output/fascia/masks/202207111318_38-Perf/00325.png,202207111318_38-Perf,325,True,True
output/fascia/frames/202207111318_38-Perf/00326.png,output/fascia/masks/202207111318_38-Perf/00326.png,202207111318_38-Perf,326,True,True
output/fascia/frames/202207111318_38-Perf/00327.png,output/fascia/masks/202207111318_38-Perf/00327.png,202207111318_38-Perf,327,True,True
output/fascia/frames/202207111318_38-Perf/00328.png,output/fascia/masks/202207111318_38-Perf/00328.png,202207111318_38-Perf,328,True,True
output/fascia/frames/202207111318_38-Perf/00329.png,output/fascia/masks/202207111318_38-Perf/00329.png,202207111318_38-Perf,329,True,True
output/fascia/frames/202207111318_38-Perf/00330.png,output/fascia/masks/202207111318_38-Perf/00330.png,202207111318_38-Perf,330,True,True
output/fascia/frames/202207111318_38-Perf/00331.png,output/fascia/masks/202207111318_38-Perf/00331.png,202207111318_38-Perf,331,True,True
output/fascia/frames/202207111318_38-Perf/00332.png,output/fascia/masks/202207111318_38-Perf/00332.png,202207111318_38-Perf,332,True,True
output/fascia/frames/202207111318_38-Perf/00333.png,output/fascia/masks/202207111318_38-Perf/00333.png,202207111318_38-Perf,333,True,True
output/fascia/frames/202207111318_38-Perf/00334.png,output/fascia/masks/202207111318_38-Perf/00334.png,202207111318_38-Perf,334,True,True
output/fascia/frames/202207111318_38-Perf/00335.png,output/fascia/masks/202207111318_38-Perf/00335.png,202207111318_38-Perf,335,True,True
output/fascia/frames/202207111318_38-Perf/00336.png,output/fascia/masks/202207111318_38-Perf/00336.png,202207111318_38-Perf,336,True,True
output/fascia/frames/202207111318_38-Perf/00337.png,output/fascia/masks/202207111318_38-Perf/00337.png,202207111318_38-Perf,337,True,True
output/fascia/frames/202207111318_38-Perf/00338.png,output/fascia/masks/202207111318_38-Perf/00338.png,202207111318_38-Perf,338,True,True
output/fascia/frames/202207111318_38-Perf/00339.png,output/fascia/masks/202207111318_38-Perf/00339.png,202207111318_38-Perf,339,True,True
output/fascia/frames/202207111318_38-Perf/00340.png,output/fascia/masks/202207111318_38-Perf/00340.png,202207111318_38-Perf,340,True,True
output/fascia/frames/202207111318_38-Perf/00341.png,output/fascia/masks/202207111318_38-Perf/00341.png,202207111318_38-Perf,341,True,True
output/fascia/frames/202207111318_38-Perf/00342.png,output/fascia/masks/202207111318_38-Perf/00342.png,202207111318_38-Perf,342,True,True
output/fascia/frames/202207111318_38-Perf/00343.png,output/fascia/masks/202207111318_38-Perf/00343.png,202207111318_38-Perf,343,True,True
output/fascia/frames/202207111318_38-Perf/00344.png,output/fascia/masks/202207111318_38-Perf/00344.png,202207111318_38-Perf,344,True,True
output/fascia/frames/202207111318_38-Perf/00345.png,output/fascia/masks/202207111318_38-Perf/00345.png,202207111318_38-Perf,345,True,True
output/fascia/frames/202207111318_38-Perf/00346.png,output/fascia/masks/202207111318_38-Perf/00346.png,202207111318_38-Perf,346,True,True
output/fascia/frames/202207111318_38-Perf/00347.png,output/fascia/masks/202207111318_38-Perf/00347.png,202207111318_38-Perf,347,True,True
output/fascia/frames/202207111318_38-Perf/00348.png,output/fascia/masks/202207111318_38-Perf/00348.png,202207111318_38-Perf,348,True,True
output/fascia/frames/202207111318_38-Perf/00349.png,output/fascia/masks/202207111318_38-Perf/00349.png,202207111318_38-Perf,349,True,True
output/fascia/frames/202207111318_38-Perf/00350.png,output/fascia/masks/202207111318_38-Perf/00350.png,202207111318_38-Perf,350,True,True
output/fascia/frames/202207111318_38-Perf/00351.png,output/fascia/masks/202207111318_38-Perf/00351.png,202207111318_38-Perf,351,True,True
output/fascia/frames/202207111318_38-Perf/00352.png,output/fascia/masks/202207111318_38-Perf/00352.png,202207111318_38-Perf,352,True,True
output/fascia/frames/202207111318_38-Perf/00353.png,output/fascia/masks/202207111318_38-Perf/00353.png,202207111318_38-Perf,353,True,True
output/fascia/frames/202207111318_38-Perf/00354.png,output/fascia/masks/202207111318_38-Perf/00354.png,202207111318_38-Perf,354,True,True
output/fascia/frames/202207111318_38-Perf/00355.png,output/fascia/masks/202207111318_38-Perf/00355.png,202207111318_38-Perf,355,True,True
output/fascia/frames/202207111318_38-Perf/00356.png,output/fascia/masks/202207111318_38-Perf/00356.png,202207111318_38-Perf,356,True,True
output/fascia/frames/202207111318_38-Perf/00357.png,output/fascia/masks/202207111318_38-Perf/00357.png,202207111318_38-Perf,357,True,True
output/fascia/frames/202207111318_38-Perf/00358.png,output/fascia/masks/202207111318_38-Perf/00358.png,202207111318_38-Perf,358,True,True
output/fascia/frames/202207111318_38-Perf/00359.png,output/fascia/masks/202207111318_38-Perf/00359.png,202207111318_38-Perf,359,True,True
output/fascia/frames/202207111318_38-Perf/00360.png,output/fascia/masks/202207111318_38-Perf/00360.png,202207111318_38-Perf,360,True,True
output/fascia/frames/202207111318_38-Perf/00361.png,output/fascia/masks/202207111318_38-Perf/00361.png,202207111318_38-Perf,361,True,True
output/fascia/frames/202207111318_38-Perf/00362.png,output/fascia/masks/202207111318_38-Perf/00362.png,202207111318_38-Perf,362,True,True
output/fascia/frames/202207111318_38-Perf/00363.png,output/fascia/masks/202207111318_38-Perf/00363.png,202207111318_38-Perf,363,True,True
output/fascia/frames/202207111318_38-Perf/00364.png,output/fascia/masks/202207111318_38-Perf/00364.png,202207111318_38-Perf,364,True,True
output/fascia/frames/202207111318_38-Perf/00365.png,output/fascia/masks/202207111318_38-Perf/00365.png,202207111318_38-Perf,365,True,True
output/fascia/frames/202207111318_38-Perf/00366.png,output/fascia/masks/202207111318_38-Perf/00366.png,202207111318_38-Perf,366,True,True
output/fascia/frames/202207111318_38-Perf/00367.png,output/fascia/masks/202207111318_38-Perf/00367.png,202207111318_38-Perf,367,True,True
output/fascia/frames/202207111318_38-Perf/00368.png,output/fascia/masks/202207111318_38-Perf/00368.png,202207111318_38-Perf,368,True,True
output/fascia/frames/202207111318_38-Perf/00369.png,output/fascia/masks/202207111318_38-Perf/00369.png,202207111318_38-Perf,369,True,True
output/fascia/frames/202207111318_38-Perf/00370.png,output/fascia/masks/202207111318_38-Perf/00370.png,202207111318_38-Perf,370,True,True
output/fascia/frames/202207111318_38-Perf/00371.png,output/fascia/masks/202207111318_38-Perf/00371.png,202207111318_38-Perf,371,True,True
output/fascia/frames/202207111318_38-Perf/00372.png,output/fascia/masks/202207111318_38-Perf/00372.png,202207111318_38-Perf,372,True,True
output/fascia/frames/202207111318_38-Perf/00373.png,output/fascia/masks/202207111318_38-Perf/00373.png,202207111318_38-Perf,373,True,True
output/fascia/frames/202207111318_38-Perf/00374.png,output/fascia/masks/202207111318_38-Perf/00374.png,202207111318_38-Perf,374,True,True
output/fascia/frames/202207111318_38-Perf/00375.png,output/fascia/masks/202207111318_38-Perf/00375.png,202207111318_38-Perf,375,True,True
output/fascia/frames/202207111318_38-Perf/00376.png,output/fascia/masks/202207111318_38-Perf/00376.png,202207111318_38-Perf,376,True,True
output/fascia/frames/202207111318_38-Perf/00377.png,output/fascia/masks/202207111318_38-Perf/00377.png,202207111318_38-Perf,377,True,True
output/fascia/frames/202207111318_38-Perf/00378.png,output/fascia/masks/202207111318_38-Perf/00378.png,202207111318_38-Perf,378,True,True
output/fascia/frames/202207111318_38-Perf/00379.png,output/fascia/masks/202207111318_38-Perf/00379.png,202207111318_38-Perf,379,True,True
output/fascia/frames/202207111318_38-Perf/00380.png,output/fascia/masks/202207111318_38-Perf/00380.png,202207111318_38-Perf,380,True,True
output/fascia/frames/202207111318_38-Perf/00381.png,output/fascia/masks/202207111318_38-Perf/00381.png,202207111318_38-Perf,381,True,True
output/fascia/frames/202207111318_38-Perf/00382.png,output/fascia/masks/202207111318_38-Perf/00382.png,202207111318_38-Perf,382,True,True
output/fascia/frames/202207111318_38-Perf/00383.png,output/fascia/masks/202207111318_38-Perf/00383.png,202207111318_38-Perf,383,True,True
output/fascia/frames/202207111318_38-Perf/00384.png,output/fascia/masks/202207111318_38-Perf/00384.png,202207111318_38-Perf,384,True,True
output/fascia/frames/202207111318_38-Perf/00385.png,output/fascia/masks/202207111318_38-Perf/00385.png,202207111318_38-Perf,385,True,True
output/fascia/frames/202207111318_38-Perf/00386.png,output/fascia/masks/202207111318_38-Perf/00386.png,202207111318_38-Perf,386,True,True
output/fascia/frames/202207111318_38-Perf/00387.png,output/fascia/masks/202207111318_38-Perf/00387.png,202207111318_38-Perf,387,True,True
output/fascia/frames/202207111318_38-Perf/00388.png,output/fascia/masks/202207111318_38-Perf/00388.png,202207111318_38-Perf,388,True,True
output/fascia/frames/202207111318_38-Perf/00389.png,output/fascia/masks/202207111318_38-Perf/00389.png,202207111318_38-Perf,389,True,True
output/fascia/frames/202207111318_38-Perf/00390.png,output/fascia/masks/202207111318_38-Perf/00390.png,202207111318_38-Perf,390,True,True
output/fascia/frames/202207111318_38-Perf/00391.png,output/fascia/masks/202207111318_38-Perf/00391.png,202207111318_38-Perf,391,True,True
output/fascia/frames/202207111318_38-Perf/00392.png,output/fascia/masks/202207111318_38-Perf/00392.png,202207111318_38-Perf,392,True,True
output/fascia/frames/202207111318_38-Perf/00393.png,output/fascia/masks/202207111318_38-Perf/00393.png,202207111318_38-Perf,393,True,True
output/fascia/frames/202207111318_38-Perf/00394.png,output/fascia/masks/202207111318_38-Perf/00394.png,202207111318_38-Perf,394,True,True
output/fascia/frames/202207111318_38-Perf/00395.png,output/fascia/masks/202207111318_38-Perf/00395.png,202207111318_38-Perf,395,True,True
output/fascia/frames/202207111318_38-Perf/00396.png,output/fascia/masks/202207111318_38-Perf/00396.png,202207111318_38-Perf,396,True,True
output/fascia/frames/202207111318_38-Perf/00397.png,output/fascia/masks/202207111318_38-Perf/00397.png,202207111318_38-Perf,397,True,True
output/fascia/frames/202207111318_38-Perf/00398.png,output/fascia/masks/202207111318_38-Perf/00398.png,202207111318_38-Perf,398,True,True
output/fascia/frames/202207111318_38-Perf/00399.png,output/fascia/masks/202207111318_38-Perf/00399.png,202207111318_38-Perf,399,True,True
output/fascia/frames/202207111318_38-Perf/00400.png,output/fascia/masks/202207111318_38-Perf/00400.png,202207111318_38-Perf,400,True,True
output/fascia/frames/202207111318_38-Perf/00401.png,output/fascia/masks/202207111318_38-Perf/00401.png,202207111318_38-Perf,401,True,True
output/fascia/frames/202207111318_38-Perf/00402.png,output/fascia/masks/202207111318_38-Perf/00402.png,202207111318_38-Perf,402,True,True
output/fascia/frames/202207111318_38-Perf/00403.png,output/fascia/masks/202207111318_38-Perf/00403.png,202207111318_38-Perf,403,True,True
output/fascia/frames/202207111318_38-Perf/00404.png,output/fascia/masks/202207111318_38-Perf/00404.png,202207111318_38-Perf,404,True,True
output/fascia/frames/202207111318_38-Perf/00405.png,output/fascia/masks/202207111318_38-Perf/00405.png,202207111318_38-Perf,405,True,True
output/fascia/frames/202207111318_38-Perf/00406.png,output/fascia/masks/202207111318_38-Perf/00406.png,202207111318_38-Perf,406,True,True
output/fascia/frames/202207111318_38-Perf/00407.png,output/fascia/masks/202207111318_38-Perf/00407.png,202207111318_38-Perf,407,True,True
output/fascia/frames/202207111318_38-Perf/00408.png,output/fascia/masks/202207111318_38-Perf/00408.png,202207111318_38-Perf,408,True,True
output/fascia/frames/202207111318_38-Perf/00409.png,output/fascia/masks/202207111318_38-Perf/00409.png,202207111318_38-Perf,409,True,True
output/fascia/frames/202207111318_38-Perf/00410.png,output/fascia/masks/202207111318_38-Perf/00410.png,202207111318_38-Perf,410,True,True
output/fascia/frames/202207111318_38-Perf/00411.png,output/fascia/masks/202207111318_38-Perf/00411.png,202207111318_38-Perf,411,True,True
output/fascia/frames/202207111318_38-Perf/00412.png,output/fascia/masks/202207111318_38-Perf/00412.png,202207111318_38-Perf,412,True,True
output/fascia/frames/202207111318_38-Perf/00413.png,output/fascia/masks/202207111318_38-Perf/00413.png,202207111318_38-Perf,413,True,True
output/fascia/frames/202207111318_38-Perf/00414.png,output/fascia/masks/202207111318_38-Perf/00414.png,202207111318_38-Perf,414,True,True
output/fascia/frames/202207111318_38-Perf/00415.png,output/fascia/masks/202207111318_38-Perf/00415.png,202207111318_38-Perf,415,True,True
output/fascia/frames/202207111318_38-Perf/00416.png,output/fascia/masks/202207111318_38-Perf/00416.png,202207111318_38-Perf,416,True,True
output/fascia/frames/202207111318_38-Perf/00417.png,output/fascia/masks/202207111318_38-Perf/00417.png,202207111318_38-Perf,417,True,True
output/fascia/frames/202207111318_38-Perf/00418.png,output/fascia/masks/202207111318_38-Perf/00418.png,202207111318_38-Perf,418,True,True
output/fascia/frames/202207111318_38-Perf/00419.png,output/fascia/masks/202207111318_38-Perf/00419.png,202207111318_38-Perf,419,True,True
output/fascia/frames/202207111318_38-Perf/00420.png,output/fascia/masks/202207111318_38-Perf/00420.png,202207111318_38-Perf,420,True,True
output/fascia/frames/202207111318_38-Perf/00421.png,output/fascia/masks/202207111318_38-Perf/00421.png,202207111318_38-Perf,421,True,True
output/fascia/frames/202207111318_38-Perf/00422.png,output/fascia/masks/202207111318_38-Perf/00422.png,202207111318_38-Perf,422,True,True
output/fascia/frames/202207111318_38-Perf/00423.png,output/fascia/masks/202207111318_38-Perf/00423.png,202207111318_38-Perf,423,True,True
output/fascia/frames/202207111318_38-Perf/00424.png,output/fascia/masks/202207111318_38-Perf/00424.png,202207111318_38-Perf,424,True,True
output/fascia/frames/202207111318_38-Perf/00425.png,output/fascia/masks/202207111318_38-Perf/00425.png,202207111318_38-Perf,425,True,True
output/fascia/frames/202207111318_38-Perf/00426.png,output/fascia/masks/202207111318_38-Perf/00426.png,202207111318_38-Perf,426,True,True
output/fascia/frames/202207111318_38-Perf/00427.png,output/fascia/masks/202207111318_38-Perf/00427.png,202207111318_38-Perf,427,True,True
output/fascia/frames/202207111318_38-Perf/00428.png,output/fascia/masks/202207111318_38-Perf/00428.png,202207111318_38-Perf,428,True,True
output/fascia/frames/202207111318_38-Perf/00429.png,output/fascia/masks/202207111318_38-Perf/00429.png,202207111318_38-Perf,429,True,True
output/fascia/frames/202207111318_38-Perf/00430.png,output/fascia/masks/202207111318_38-Perf/00430.png,202207111318_38-Perf,430,True,True
output/fascia/frames/202207111318_38-Perf/00431.png,output/fascia/masks/202207111318_38-Perf/00431.png,202207111318_38-Perf,431,True,True
output/fascia/frames/202207111318_38-Perf/00432.png,output/fascia/masks/202207111318_38-Perf/00432.png,202207111318_38-Perf,432,True,True
output/fascia/frames/202207111318_38-Perf/00433.png,output/fascia/masks/202207111318_38-Perf/00433.png,202207111318_38-Perf,433,True,True
output/fascia/frames/202207111318_38-Perf/00434.png,output/fascia/masks/202207111318_38-Perf/00434.png,202207111318_38-Perf,434,True,True
output/fascia/frames/202207111318_38-Perf/00435.png,output/fascia/masks/202207111318_38-Perf/00435.png,202207111318_38-Perf,435,True,True
output/fascia/frames/202207111318_38-Perf/00436.png,output/fascia/masks/202207111318_38-Perf/00436.png,202207111318_38-Perf,436,True,True
output/fascia/frames/202207111318_38-Perf/00437.png,output/fascia/masks/202207111318_38-Perf/00437.png,202207111318_38-Perf,437,True,True
output/fascia/frames/202207111318_38-Perf/00438.png,output/fascia/masks/202207111318_38-Perf/00438.png,202207111318_38-Perf,438,True,True
output/fascia/frames/202207111318_38-Perf/00439.png,output/fascia/masks/202207111318_38-Perf/00439.png,202207111318_38-Perf,439,True,True
output/fascia/frames/202207111318_38-Perf/00440.png,output/fascia/masks/202207111318_38-Perf/00440.png,202207111318_38-Perf,440,True,True
output/fascia/frames/202207111318_38-Perf/00441.png,output/fascia/masks/202207111318_38-Perf/00441.png,202207111318_38-Perf,441,True,True
output/fascia/frames/202207111318_38-Perf/00442.png,output/fascia/masks/202207111318_38-Perf/00442.png,202207111318_38-Perf,442,True,True
output/fascia/frames/202207111318_38-Perf/00443.png,output/fascia/masks/202207111318_38-Perf/00443.png,202207111318_38-Perf,443,True,True
output/fascia/frames/202207111318_38-Perf/00444.png,output/fascia/masks/202207111318_38-Perf/00444.png,202207111318_38-Perf,444,True,True
output/fascia/frames/202207111318_38-Perf/00445.png,output/fascia/masks/202207111318_38-Perf/00445.png,202207111318_38-Perf,445,True,True
output/fascia/frames/202207111318_38-Perf/00446.png,output/fascia/masks/202207111318_38-Perf/00446.png,202207111318_38-Perf,446,True,True
output/fascia/frames/202207111318_38-Perf/00447.png,output/fascia/masks/202207111318_38-Perf/00447.png,202207111318_38-Perf,447,True,True
output/fascia/frames/202207111318_38-Perf/00448.png,output/fascia/masks/202207111318_38-Perf/00448.png,202207111318_38-Perf,448,True,True
output/fascia/frames/202207111318_38-Perf/00449.png,output/fascia/masks/202207111318_38-Perf/00449.png,202207111318_38-Perf,449,True,True
output/fascia/frames/202207111318_38-Perf/00450.png,output/fascia/masks/202207111318_38-Perf/00450.png,202207111318_38-Perf,450,True,True
output/fascia/frames/202207111318_38-Perf/00451.png,output/fascia/masks/202207111318_38-Perf/00451.png,202207111318_38-Perf,451,True,True
output/fascia/frames/202207111318_38-Perf/00452.png,output/fascia/masks/202207111318_38-Perf/00452.png,202207111318_38-Perf,452,True,True
output/fascia/frames/202207111318_38-Perf/00453.png,output/fascia/masks/202207111318_38-Perf/00453.png,202207111318_38-Perf,453,True,True
output/fascia/frames/202207111318_38-Perf/00454.png,output/fascia/masks/202207111318_38-Perf/00454.png,202207111318_38-Perf,454,True,True
output/fascia/frames/202207111318_38-Perf/00455.png,output/fascia/masks/202207111318_38-Perf/00455.png,202207111318_38-Perf,455,True,True
output/fascia/frames/202207111318_38-Perf/00456.png,output/fascia/masks/202207111318_38-Perf/00456.png,202207111318_38-Perf,456,True,True
output/fascia/frames/202207111318_38-Perf/00457.png,output/fascia/masks/202207111318_38-Perf/00457.png,202207111318_38-Perf,457,True,True
output/fascia/frames/202207111318_38-Perf/00458.png,output/fascia/masks/202207111318_38-Perf/00458.png,202207111318_38-Perf,458,True,True
output/fascia/frames/202207111318_38-Perf/00459.png,output/fascia/masks/202207111318_38-Perf/00459.png,202207111318_38-Perf,459,True,True
output/fascia/frames/202207111318_38-Perf/00460.png,output/fascia/masks/202207111318_38-Perf/00460.png,202207111318_38-Perf,460,True,True
output/fascia/frames/202207111318_38-Perf/00461.png,output/fascia/masks/202207111318_38-Perf/00461.png,202207111318_38-Perf,461,True,True
output/fascia/frames/202207111318_38-Perf/00462.png,output/fascia/masks/202207111318_38-Perf/00462.png,202207111318_38-Perf,462,True,True
output/fascia/frames/202207111318_38-Perf/00463.png,output/fascia/masks/202207111318_38-Perf/00463.png,202207111318_38-Perf,463,True,True
output/fascia/frames/202207111318_38-Perf/00464.png,output/fascia/masks/202207111318_38-Perf/00464.png,202207111318_38-Perf,464,True,True
output/fascia/frames/202207111318_38-Perf/00465.png,output/fascia/masks/202207111318_38-Perf/00465.png,202207111318_38-Perf,465,True,True
output/fascia/frames/202207111318_38-Perf/00466.png,output/fascia/masks/202207111318_38-Perf/00466.png,202207111318_38-Perf,466,True,True
output/fascia/frames/202207111318_38-Perf/00467.png,output/fascia/masks/202207111318_38-Perf/00467.png,202207111318_38-Perf,467,True,True
output/fascia/frames/202207111318_38-Perf/00468.png,output/fascia/masks/202207111318_38-Perf/00468.png,202207111318_38-Perf,468,True,True
output/fascia/frames/202207111318_38-Perf/00469.png,output/fascia/masks/202207111318_38-Perf/00469.png,202207111318_38-Perf,469,True,True
output/fascia/frames/202207111318_38-Perf/00470.png,output/fascia/masks/202207111318_38-Perf/00470.png,202207111318_38-Perf,470,True,True
output/fascia/frames/202207111318_38-Perf/00471.png,output/fascia/masks/202207111318_38-Perf/00471.png,202207111318_38-Perf,471,True,True
output/fascia/frames/202207111318_38-Perf/00472.png,output/fascia/masks/202207111318_38-Perf/00472.png,202207111318_38-Perf,472,True,True
output/fascia/frames/202207111318_38-Perf/00473.png,output/fascia/masks/202207111318_38-Perf/00473.png,202207111318_38-Perf,473,True,True
output/fascia/frames/202207111318_38-Perf/00474.png,output/fascia/masks/202207111318_38-Perf/00474.png,202207111318_38-Perf,474,True,True
output/fascia/frames/202207111318_38-Perf/00475.png,output/fascia/masks/202207111318_38-Perf/00475.png,202207111318_38-Perf,475,True,True
output/fascia/frames/202207111318_38-Perf/00476.png,output/fascia/masks/202207111318_38-Perf/00476.png,202207111318_38-Perf,476,True,True
output/fascia/frames/202207111318_38-Perf/00477.png,output/fascia/masks/202207111318_38-Perf/00477.png,202207111318_38-Perf,477,True,True
output/fascia/frames/202207111318_38-Perf/00478.png,output/fascia/masks/202207111318_38-Perf/00478.png,202207111318_38-Perf,478,True,True
output/fascia/frames/202207111318_38-Perf/00479.png,output/fascia/masks/202207111318_38-Perf/00479.png,202207111318_38-Perf,479,True,True
output/fascia/frames/202207111318_38-Perf/00480.png,output/fascia/masks/202207111318_38-Perf/00480.png,202207111318_38-Perf,480,True,True
output/fascia/frames/202207111318_38-Perf/00481.png,output/fascia/masks/202207111318_38-Perf/00481.png,202207111318_38-Perf,481,True,True
output/fascia/frames/202207111318_38-Perf/00482.png,output/fascia/masks/202207111318_38-Perf/00482.png,202207111318_38-Perf,482,True,True
output/fascia/frames/202207191643_00-Moving/00000.png,output/fascia/masks/202207191643_00-Moving/00000.png,202207191643_00-Moving,0,False,False
output/fascia/frames/202207191643_00-Moving/00001.png,output/fascia/masks/202207191643_00-Moving/00001.png,202207191643_00-Moving,1,False,False
output/fascia/frames/202207191643_00-Moving/00002.png,output/fascia/masks/202207191643_00-Moving/00002.png,202207191643_00-Moving,2,False,False
output/fascia/frames/202207191643_00-Moving/00003.png,output/fascia/masks/202207191643_00-Moving/00003.png,202207191643_00-Moving,3,False,False
output/fascia/frames/202207191643_00-Moving/00004.png,output/fascia/masks/202207191643_00-Moving/00004.png,202207191643_00-Moving,4,False,False
output/fascia/frames/202207191643_00-Moving/00005.png,output/fascia/masks/202207191643_00-Moving/00005.png,202207191643_00-Moving,5,False,False
output/fascia/frames/202207191643_00-Moving/00006.png,output/fascia/masks/202207191643_00-Moving/00006.png,202207191643_00-Moving,6,False,False
output/fascia/frames/202207191643_00-Moving/00007.png,output/fascia/masks/202207191643_00-Moving/00007.png,202207191643_00-Moving,7,False,False
output/fascia/frames/202207191643_00-Moving/00008.png,output/fascia/masks/202207191643_00-Moving/00008.png,202207191643_00-Moving,8,False,False
output/fascia/frames/202207191643_00-Moving/00009.png,output/fascia/masks/202207191643_00-Moving/00009.png,202207191643_00-Moving,9,False,False
output/fascia/frames/202207191643_00-Moving/00010.png,output/fascia/masks/202207191643_00-Moving/00010.png,202207191643_00-Moving,10,False,False
output/fascia/frames/202207191643_00-Moving/00011.png,output/fascia/masks/202207191643_00-Moving/00011.png,202207191643_00-Moving,11,False,False
output/fascia/frames/202207191643_00-Moving/00012.png,output/fascia/masks/202207191643_00-Moving/00012.png,202207191643_00-Moving,12,False,False
output/fascia/frames/202207191643_00-Moving/00013.png,output/fascia/masks/202207191643_00-Moving/00013.png,202207191643_00-Moving,13,False,False
output/fascia/frames/202207191643_00-Moving/00014.png,output/fascia/masks/202207191643_00-Moving/00014.png,202207191643_00-Moving,14,False,False
output/fascia/frames/202207191643_00-Moving/00015.png,output/fascia/masks/202207191643_00-Moving/00015.png,202207191643_00-Moving,15,False,False
output/fascia/frames/202207191643_00-Moving/00016.png,output/fascia/masks/202207191643_00-Moving/00016.png,202207191643_00-Moving,16,False,False
output/fascia/frames/202207191643_00-Moving/00017.png,output/fascia/masks/202207191643_00-Moving/00017.png,202207191643_00-Moving,17,False,False
output/fascia/frames/202207191643_00-Moving/00018.png,output/fascia/masks/202207191643_00-Moving/00018.png,202207191643_00-Moving,18,False,False
output/fascia/frames/202207191643_00-Moving/00019.png,output/fascia/masks/202207191643_00-Moving/00019.png,202207191643_00-Moving,19,False,False
output/fascia/frames/202207191643_00-Moving/00020.png,output/fascia/masks/202207191643_00-Moving/00020.png,202207191643_00-Moving,20,False,False
output/fascia/frames/202207191643_00-Moving/00021.png,output/fascia/masks/202207191643_00-Moving/00021.png,202207191643_00-Moving,21,False,False
output/fascia/frames/202207191643_00-Moving/00022.png,output/fascia/masks/202207191643_00-Moving/00022.png,202207191643_00-Moving,22,False,False
output/fascia/frames/202207191643_00-Moving/00023.png,output/fascia/masks/202207191643_00-Moving/00023.png,202207191643_00-Moving,23,False,False
output/fascia/frames/202207191643_00-Moving/00024.png,output/fascia/masks/202207191643_00-Moving/00024.png,202207191643_00-Moving,24,False,False
output/fascia/frames/202207191643_00-Moving/00025.png,output/fascia/masks/202207191643_00-Moving/00025.png,202207191643_00-Moving,25,False,False
output/fascia/frames/202207191643_00-Moving/00026.png,output/fascia/masks/202207191643_00-Moving/00026.png,202207191643_00-Moving,26,False,False
output/fascia/frames/202207191643_00-Moving/00027.png,output/fascia/masks/202207191643_00-Moving/00027.png,202207191643_00-Moving,27,False,False
output/fascia/frames/202207191643_00-Moving/00028.png,output/fascia/masks/202207191643_00-Moving/00028.png,202207191643_00-Moving,28,False,False
output/fascia/frames/202207191643_00-Moving/00029.png,output/fascia/masks/202207191643_00-Moving/00029.png,202207191643_00-Moving,29,False,False
output/fascia/frames/202207191643_00-Moving/00030.png,output/fascia/masks/202207191643_00-Moving/00030.png,202207191643_00-Moving,30,False,False
output/fascia/frames/202207191643_00-Moving/00031.png,output/fascia/masks/202207191643_00-Moving/00031.png,202207191643_00-Moving,31,False,False
output/fascia/frames/202207191643_00-Moving/00032.png,output/fascia/masks/202207191643_00-Moving/00032.png,202207191643_00-Moving,32,False,False
output/fascia/frames/202207191643_00-Moving/00033.png,output/fascia/masks/202207191643_00-Moving/00033.png,202207191643_00-Moving,33,False,False
output/fascia/frames/202207191643_00-Moving/00034.png,output/fascia/masks/202207191643_00-Moving/00034.png,202207191643_00-Moving,34,False,False
output/fascia/frames/202207191643_00-Moving/00035.png,output/fascia/masks/202207191643_00-Moving/00035.png,202207191643_00-Moving,35,False,False
output/fascia/frames/202207191643_00-Moving/00036.png,output/fascia/masks/202207191643_00-Moving/00036.png,202207191643_00-Moving,36,False,False
output/fascia/frames/202207191643_00-Moving/00037.png,output/fascia/masks/202207191643_00-Moving/00037.png,202207191643_00-Moving,37,False,False
output/fascia/frames/202207191643_00-Moving/00038.png,output/fascia/masks/202207191643_00-Moving/00038.png,202207191643_00-Moving,38,False,False
output/fascia/frames/202207191643_00-Moving/00039.png,output/fascia/masks/202207191643_00-Moving/00039.png,202207191643_00-Moving,39,False,False
output/fascia/frames/202207191643_00-Moving/00040.png,output/fascia/masks/202207191643_00-Moving/00040.png,202207191643_00-Moving,40,False,False
output/fascia/frames/202207191643_00-Moving/00041.png,output/fascia/masks/202207191643_00-Moving/00041.png,202207191643_00-Moving,41,False,False
output/fascia/frames/202207191643_00-Moving/00042.png,output/fascia/masks/202207191643_00-Moving/00042.png,202207191643_00-Moving,42,False,False
output/fascia/frames/202207191643_00-Moving/00043.png,output/fascia/masks/202207191643_00-Moving/00043.png,202207191643_00-Moving,43,False,False
output/fascia/frames/202207191643_00-Moving/00044.png,output/fascia/masks/202207191643_00-Moving/00044.png,202207191643_00-Moving,44,False,False
output/fascia/frames/202207191643_00-Moving/00045.png,output/fascia/masks/202207191643_00-Moving/00045.png,202207191643_00-Moving,45,False,False
output/fascia/frames/202207191643_00-Moving/00046.png,output/fascia/masks/202207191643_00-Moving/00046.png,202207191643_00-Moving,46,False,False
output/fascia/frames/202207191643_00-Moving/00047.png,output/fascia/masks/202207191643_00-Moving/00047.png,202207191643_00-Moving,47,False,False
output/fascia/frames/202207191643_00-Moving/00048.png,output/fascia/masks/202207191643_00-Moving/00048.png,202207191643_00-Moving,48,False,False
output/fascia/frames/202207191643_00-Moving/00049.png,output/fascia/masks/202207191643_00-Moving/00049.png,202207191643_00-Moving,49,False,False
output/fascia/frames/202207191643_00-Moving/00050.png,output/fascia/masks/202207191643_00-Moving/00050.png,202207191643_00-Moving,50,False,False
output/fascia/frames/202207191643_00-Moving/00051.png,output/fascia/masks/202207191643_00-Moving/00051.png,202207191643_00-Moving,51,False,False
output/fascia/frames/202207191643_00-Moving/00052.png,output/fascia/masks/202207191643_00-Moving/00052.png,202207191643_00-Moving,52,False,False
output/fascia/frames/202207191643_00-Moving/00053.png,output/fascia/masks/202207191643_00-Moving/00053.png,202207191643_00-Moving,53,False,False
output/fascia/frames/202207191643_00-Moving/00054.png,output/fascia/masks/202207191643_00-Moving/00054.png,202207191643_00-Moving,54,False,False
output/fascia/frames/202207191643_00-Moving/00055.png,output/fascia/masks/202207191643_00-Moving/00055.png,202207191643_00-Moving,55,False,False
output/fascia/frames/202207191643_00-Moving/00056.png,output/fascia/masks/202207191643_00-Moving/00056.png,202207191643_00-Moving,56,False,False
output/fascia/frames/202207191643_00-Moving/00057.png,output/fascia/masks/202207191643_00-Moving/00057.png,202207191643_00-Moving,57,False,False
output/fascia/frames/202207191643_00-Moving/00058.png,output/fascia/masks/202207191643_00-Moving/00058.png,202207191643_00-Moving,58,False,False
output/fascia/frames/202207191643_00-Moving/00059.png,output/fascia/masks/202207191643_00-Moving/00059.png,202207191643_00-Moving,59,False,False
output/fascia/frames/202207191643_00-Moving/00060.png,output/fascia/masks/202207191643_00-Moving/00060.png,202207191643_00-Moving,60,False,False
output/fascia/frames/202207191643_00-Moving/00061.png,output/fascia/masks/202207191643_00-Moving/00061.png,202207191643_00-Moving,61,False,False
output/fascia/frames/202207191643_00-Moving/00062.png,output/fascia/masks/202207191643_00-Moving/00062.png,202207191643_00-Moving,62,False,False
output/fascia/frames/202207191643_00-Moving/00063.png,output/fascia/masks/202207191643_00-Moving/00063.png,202207191643_00-Moving,63,False,False
output/fascia/frames/202207191643_00-Moving/00064.png,output/fascia/masks/202207191643_00-Moving/00064.png,202207191643_00-Moving,64,False,False
output/fascia/frames/202207191643_00-Moving/00065.png,output/fascia/masks/202207191643_00-Moving/00065.png,202207191643_00-Moving,65,False,False
output/fascia/frames/202207191643_00-Moving/00066.png,output/fascia/masks/202207191643_00-Moving/00066.png,202207191643_00-Moving,66,False,False
output/fascia/frames/202207191643_00-Moving/00067.png,output/fascia/masks/202207191643_00-Moving/00067.png,202207191643_00-Moving,67,False,False
output/fascia/frames/202207191643_00-Moving/00068.png,output/fascia/masks/202207191643_00-Moving/00068.png,202207191643_00-Moving,68,False,False
output/fascia/frames/202207191643_00-Moving/00069.png,output/fascia/masks/202207191643_00-Moving/00069.png,202207191643_00-Moving,69,False,False
output/fascia/frames/202207191643_00-Moving/00070.png,output/fascia/masks/202207191643_00-Moving/00070.png,202207191643_00-Moving,70,False,False
output/fascia/frames/202207191643_00-Moving/00071.png,output/fascia/masks/202207191643_00-Moving/00071.png,202207191643_00-Moving,71,False,False
output/fascia/frames/202207191643_00-Moving/00072.png,output/fascia/masks/202207191643_00-Moving/00072.png,202207191643_00-Moving,72,False,False
output/fascia/frames/202207191643_00-Moving/00073.png,output/fascia/masks/202207191643_00-Moving/00073.png,202207191643_00-Moving,73,False,False
output/fascia/frames/202207191643_00-Moving/00074.png,output/fascia/masks/202207191643_00-Moving/00074.png,202207191643_00-Moving,74,False,False
output/fascia/frames/202207191643_00-Moving/00075.png,output/fascia/masks/202207191643_00-Moving/00075.png,202207191643_00-Moving,75,False,False
output/fascia/frames/202207191643_00-Moving/00076.png,output/fascia/masks/202207191643_00-Moving/00076.png,202207191643_00-Moving,76,False,False
output/fascia/frames/202207191643_00-Moving/00077.png,output/fascia/masks/202207191643_00-Moving/00077.png,202207191643_00-Moving,77,False,False
output/fascia/frames/202207191643_00-Moving/00078.png,output/fascia/masks/202207191643_00-Moving/00078.png,202207191643_00-Moving,78,False,False
output/fascia/frames/202207191643_00-Moving/00079.png,output/fascia/masks/202207191643_00-Moving/00079.png,202207191643_00-Moving,79,True,True
output/fascia/frames/202207191643_00-Moving/00080.png,output/fascia/masks/202207191643_00-Moving/00080.png,202207191643_00-Moving,80,True,True
output/fascia/frames/202207191643_00-Moving/00081.png,output/fascia/masks/202207191643_00-Moving/00081.png,202207191643_00-Moving,81,True,True
output/fascia/frames/202207191643_00-Moving/00082.png,output/fascia/masks/202207191643_00-Moving/00082.png,202207191643_00-Moving,82,True,True
output/fascia/frames/202207191643_00-Moving/00083.png,output/fascia/masks/202207191643_00-Moving/00083.png,202207191643_00-Moving,83,True,True
output/fascia/frames/202207191643_00-Moving/00084.png,output/fascia/masks/202207191643_00-Moving/00084.png,202207191643_00-Moving,84,True,True
output/fascia/frames/202207191643_00-Moving/00085.png,output/fascia/masks/202207191643_00-Moving/00085.png,202207191643_00-Moving,85,True,True
output/fascia/frames/202207191643_00-Moving/00086.png,output/fascia/masks/202207191643_00-Moving/00086.png,202207191643_00-Moving,86,True,True
output/fascia/frames/202207191643_00-Moving/00087.png,output/fascia/masks/202207191643_00-Moving/00087.png,202207191643_00-Moving,87,True,True
output/fascia/frames/202207191643_00-Moving/00088.png,output/fascia/masks/202207191643_00-Moving/00088.png,202207191643_00-Moving,88,True,True
output/fascia/frames/202207191643_00-Moving/00089.png,output/fascia/masks/202207191643_00-Moving/00089.png,202207191643_00-Moving,89,True,True
output/fascia/frames/202207191643_00-Moving/00090.png,output/fascia/masks/202207191643_00-Moving/00090.png,202207191643_00-Moving,90,True,True
output/fascia/frames/202207191643_00-Moving/00091.png,output/fascia/masks/202207191643_00-Moving/00091.png,202207191643_00-Moving,91,True,True
output/fascia/frames/202207191643_00-Moving/00092.png,output/fascia/masks/202207191643_00-Moving/00092.png,202207191643_00-Moving,92,True,True
output/fascia/frames/202207191643_00-Moving/00093.png,output/fascia/masks/202207191643_00-Moving/00093.png,202207191643_00-Moving,93,True,True
output/fascia/frames/202207191643_00-Moving/00094.png,output/fascia/masks/202207191643_00-Moving/00094.png,202207191643_00-Moving,94,True,True
output/fascia/frames/202207191643_00-Moving/00095.png,output/fascia/masks/202207191643_00-Moving/00095.png,202207191643_00-Moving,95,True,True
output/fascia/frames/202207191643_00-Moving/00096.png,output/fascia/masks/202207191643_00-Moving/00096.png,202207191643_00-Moving,96,True,True
output/fascia/frames/202207191643_00-Moving/00097.png,output/fascia/masks/202207191643_00-Moving/00097.png,202207191643_00-Moving,97,True,True
output/fascia/frames/202207191643_00-Moving/00098.png,output/fascia/masks/202207191643_00-Moving/00098.png,202207191643_00-Moving,98,True,True
output/fascia/frames/202207191643_00-Moving/00099.png,output/fascia/masks/202207191643_00-Moving/00099.png,202207191643_00-Moving,99,True,True
output/fascia/frames/202207191643_00-Moving/00100.png,output/fascia/masks/202207191643_00-Moving/00100.png,202207191643_00-Moving,100,True,True
output/fascia/frames/202207191643_00-Moving/00101.png,output/fascia/masks/202207191643_00-Moving/00101.png,202207191643_00-Moving,101,True,True
output/fascia/frames/202207191643_00-Moving/00102.png,output/fascia/masks/202207191643_00-Moving/00102.png,202207191643_00-Moving,102,True,True
output/fascia/frames/202207191643_00-Moving/00103.png,output/fascia/masks/202207191643_00-Moving/00103.png,202207191643_00-Moving,103,True,True
output/fascia/frames/202207191643_00-Moving/00104.png,output/fascia/masks/202207191643_00-Moving/00104.png,202207191643_00-Moving,104,True,True
output/fascia/frames/202207191643_00-Moving/00105.png,output/fascia/masks/202207191643_00-Moving/00105.png,202207191643_00-Moving,105,True,True
output/fascia/frames/202207191643_00-Moving/00106.png,output/fascia/masks/202207191643_00-Moving/00106.png,202207191643_00-Moving,106,True,True
output/fascia/frames/202207191643_00-Moving/00107.png,output/fascia/masks/202207191643_00-Moving/00107.png,202207191643_00-Moving,107,True,True
output/fascia/frames/202207191643_00-Moving/00108.png,output/fascia/masks/202207191643_00-Moving/00108.png,202207191643_00-Moving,108,True,True
output/fascia/frames/202207191643_00-Moving/00109.png,output/fascia/masks/202207191643_00-Moving/00109.png,202207191643_00-Moving,109,True,True
output/fascia/frames/202207191643_00-Moving/00110.png,output/fascia/masks/202207191643_00-Moving/00110.png,202207191643_00-Moving,110,True,True
output/fascia/frames/202207191643_00-Moving/00111.png,output/fascia/masks/202207191643_00-Moving/00111.png,202207191643_00-Moving,111,True,True
output/fascia/frames/202207191643_00-Moving/00112.png,output/fascia/masks/202207191643_00-Moving/00112.png,202207191643_00-Moving,112,True,True
output/fascia/frames/202207191643_00-Moving/00113.png,output/fascia/masks/202207191643_00-Moving/00113.png,202207191643_00-Moving,113,True,True
output/fascia/frames/202207191643_00-Moving/00114.png,output/fascia/masks/202207191643_00-Moving/00114.png,202207191643_00-Moving,114,True,True
output/fascia/frames/202207191643_00-Moving/00115.png,output/fascia/masks/202207191643_00-Moving/00115.png,202207191643_00-Moving,115,True,True
output/fascia/frames/202207191643_00-Moving/00116.png,output/fascia/masks/202207191643_00-Moving/00116.png,202207191643_00-Moving,116,True,True
output/fascia/frames/202207191643_00-Moving/00117.png,output/fascia/masks/202207191643_00-Moving/00117.png,202207191643_00-Moving,117,True,True
output/fascia/frames/202207191643_00-Moving/00118.png,output/fascia/masks/202207191643_00-Moving/00118.png,202207191643_00-Moving,118,True,True
output/fascia/frames/202207191643_00-Moving/00119.png,output/fascia/masks/202207191643_00-Moving/00119.png,202207191643_00-Moving,119,True,True
output/fascia/frames/202207191643_00-Moving/00120.png,output/fascia/masks/202207191643_00-Moving/00120.png,202207191643_00-Moving,120,True,True
output/fascia/frames/202207191643_00-Moving/00121.png,output/fascia/masks/202207191643_00-Moving/00121.png,202207191643_00-Moving,121,True,True
output/fascia/frames/202207191643_00-Moving/00122.png,output/fascia/masks/202207191643_00-Moving/00122.png,202207191643_00-Moving,122,True,True
output/fascia/frames/202207191643_00-Moving/00123.png,output/fascia/masks/202207191643_00-Moving/00123.png,202207191643_00-Moving,123,True,True
output/fascia/frames/202207191643_00-Moving/00124.png,output/fascia/masks/202207191643_00-Moving/00124.png,202207191643_00-Moving,124,True,True
output/fascia/frames/202207191643_00-Moving/00125.png,output/fascia/masks/202207191643_00-Moving/00125.png,202207191643_00-Moving,125,True,True
output/fascia/frames/202207191643_00-Moving/00126.png,output/fascia/masks/202207191643_00-Moving/00126.png,202207191643_00-Moving,126,True,True
output/fascia/frames/202207191643_00-Moving/00127.png,output/fascia/masks/202207191643_00-Moving/00127.png,202207191643_00-Moving,127,True,True
output/fascia/frames/202207191643_00-Moving/00128.png,output/fascia/masks/202207191643_00-Moving/00128.png,202207191643_00-Moving,128,True,True
output/fascia/frames/202207191643_00-Moving/00129.png,output/fascia/masks/202207191643_00-Moving/00129.png,202207191643_00-Moving,129,True,True
output/fascia/frames/202207191643_00-Moving/00130.png,output/fascia/masks/202207191643_00-Moving/00130.png,202207191643_00-Moving,130,True,True
output/fascia/frames/202207191643_00-Moving/00131.png,output/fascia/masks/202207191643_00-Moving/00131.png,202207191643_00-Moving,131,True,True
output/fascia/frames/202207191643_00-Moving/00132.png,output/fascia/masks/202207191643_00-Moving/00132.png,202207191643_00-Moving,132,True,True
output/fascia/frames/202207191643_00-Moving/00133.png,output/fascia/masks/202207191643_00-Moving/00133.png,202207191643_00-Moving,133,True,True
output/fascia/frames/202207191643_00-Moving/00134.png,output/fascia/masks/202207191643_00-Moving/00134.png,202207191643_00-Moving,134,True,True
output/fascia/frames/202207191643_00-Moving/00135.png,output/fascia/masks/202207191643_00-Moving/00135.png,202207191643_00-Moving,135,True,True
output/fascia/frames/202207191643_00-Moving/00136.png,output/fascia/masks/202207191643_00-Moving/00136.png,202207191643_00-Moving,136,True,True
output/fascia/frames/202207191643_00-Moving/00137.png,output/fascia/masks/202207191643_00-Moving/00137.png,202207191643_00-Moving,137,True,True
output/fascia/frames/202207191643_00-Moving/00138.png,output/fascia/masks/202207191643_00-Moving/00138.png,202207191643_00-Moving,138,True,True
output/fascia/frames/202207191643_00-Moving/00139.png,output/fascia/masks/202207191643_00-Moving/00139.png,202207191643_00-Moving,139,True,True
output/fascia/frames/202207191643_00-Moving/00140.png,output/fascia/masks/202207191643_00-Moving/00140.png,202207191643_00-Moving,140,True,True
output/fascia/frames/202207191643_00-Moving/00141.png,output/fascia/masks/202207191643_00-Moving/00141.png,202207191643_00-Moving,141,True,True
output/fascia/frames/202207191643_00-Moving/00142.png,output/fascia/masks/202207191643_00-Moving/00142.png,202207191643_00-Moving,142,True,True
output/fascia/frames/202207191643_00-Moving/00143.png,output/fascia/masks/202207191643_00-Moving/00143.png,202207191643_00-Moving,143,True,True
output/fascia/frames/202207191643_00-Moving/00144.png,output/fascia/masks/202207191643_00-Moving/00144.png,202207191643_00-Moving,144,True,True
output/fascia/frames/202207191643_00-Moving/00145.png,output/fascia/masks/202207191643_00-Moving/00145.png,202207191643_00-Moving,145,True,True
output/fascia/frames/202207191643_00-Moving/00146.png,output/fascia/masks/202207191643_00-Moving/00146.png,202207191643_00-Moving,146,True,True
output/fascia/frames/202207191643_00-Moving/00147.png,output/fascia/masks/202207191643_00-Moving/00147.png,202207191643_00-Moving,147,True,True
output/fascia/frames/202207191643_00-Moving/00148.png,output/fascia/masks/202207191643_00-Moving/00148.png,202207191643_00-Moving,148,True,True
output/fascia/frames/202207191643_00-Moving/00149.png,output/fascia/masks/202207191643_00-Moving/00149.png,202207191643_00-Moving,149,True,True
output/fascia/frames/202207191643_00-Moving/00150.png,output/fascia/masks/202207191643_00-Moving/00150.png,202207191643_00-Moving,150,True,True
output/fascia/frames/202207191643_00-Moving/00151.png,output/fascia/masks/202207191643_00-Moving/00151.png,202207191643_00-Moving,151,True,True
output/fascia/frames/202207191643_00-Moving/00152.png,output/fascia/masks/202207191643_00-Moving/00152.png,202207191643_00-Moving,152,True,True
output/fascia/frames/202207191643_00-Moving/00153.png,output/fascia/masks/202207191643_00-Moving/00153.png,202207191643_00-Moving,153,True,True
output/fascia/frames/202207191643_00-Moving/00154.png,output/fascia/masks/202207191643_00-Moving/00154.png,202207191643_00-Moving,154,True,True
output/fascia/frames/202207191643_00-Moving/00155.png,output/fascia/masks/202207191643_00-Moving/00155.png,202207191643_00-Moving,155,True,True
output/fascia/frames/202207191643_00-Moving/00156.png,output/fascia/masks/202207191643_00-Moving/00156.png,202207191643_00-Moving,156,True,True
output/fascia/frames/202207191643_00-Moving/00157.png,output/fascia/masks/202207191643_00-Moving/00157.png,202207191643_00-Moving,157,True,True
output/fascia/frames/202207191643_00-Moving/00158.png,output/fascia/masks/202207191643_00-Moving/00158.png,202207191643_00-Moving,158,True,True
output/fascia/frames/202207191643_00-Moving/00159.png,output/fascia/masks/202207191643_00-Moving/00159.png,202207191643_00-Moving,159,True,True
output/fascia/frames/202207191643_00-Moving/00160.png,output/fascia/masks/202207191643_00-Moving/00160.png,202207191643_00-Moving,160,True,True
output/fascia/frames/202207191643_00-Moving/00161.png,output/fascia/masks/202207191643_00-Moving/00161.png,202207191643_00-Moving,161,True,True
output/fascia/frames/202207191643_00-Moving/00162.png,output/fascia/masks/202207191643_00-Moving/00162.png,202207191643_00-Moving,162,True,True
output/fascia/frames/202207191643_00-Moving/00163.png,output/fascia/masks/202207191643_00-Moving/00163.png,202207191643_00-Moving,163,True,True
output/fascia/frames/202207191643_00-Moving/00164.png,output/fascia/masks/202207191643_00-Moving/00164.png,202207191643_00-Moving,164,True,True
output/fascia/frames/202207191643_00-Moving/00165.png,output/fascia/masks/202207191643_00-Moving/00165.png,202207191643_00-Moving,165,True,True
output/fascia/frames/202207191643_00-Moving/00166.png,output/fascia/masks/202207191643_00-Moving/00166.png,202207191643_00-Moving,166,True,True
output/fascia/frames/202207191643_00-Moving/00167.png,output/fascia/masks/202207191643_00-Moving/00167.png,202207191643_00-Moving,167,True,True
output/fascia/frames/202207191643_00-Moving/00168.png,output/fascia/masks/202207191643_00-Moving/00168.png,202207191643_00-Moving,168,True,True
output/fascia/frames/202207191643_00-Moving/00169.png,output/fascia/masks/202207191643_00-Moving/00169.png,202207191643_00-Moving,169,True,True
output/fascia/frames/202207191643_00-Moving/00170.png,output/fascia/masks/202207191643_00-Moving/00170.png,202207191643_00-Moving,170,True,True
output/fascia/frames/202207191643_00-Moving/00171.png,output/fascia/masks/202207191643_00-Moving/00171.png,202207191643_00-Moving,171,True,True
output/fascia/frames/202207191643_00-Moving/00172.png,output/fascia/masks/202207191643_00-Moving/00172.png,202207191643_00-Moving,172,True,True
output/fascia/frames/202207191643_00-Moving/00173.png,output/fascia/masks/202207191643_00-Moving/00173.png,202207191643_00-Moving,173,True,True
output/fascia/frames/202207191643_00-Moving/00174.png,output/fascia/masks/202207191643_00-Moving/00174.png,202207191643_00-Moving,174,True,True
output/fascia/frames/202207191643_00-Moving/00175.png,output/fascia/masks/202207191643_00-Moving/00175.png,202207191643_00-Moving,175,True,True
output/fascia/frames/202207191643_00-Moving/00176.png,output/fascia/masks/202207191643_00-Moving/00176.png,202207191643_00-Moving,176,True,True
output/fascia/frames/202207191643_00-Moving/00177.png,output/fascia/masks/202207191643_00-Moving/00177.png,202207191643_00-Moving,177,True,True
output/fascia/frames/202207191643_00-Moving/00178.png,output/fascia/masks/202207191643_00-Moving/00178.png,202207191643_00-Moving,178,True,True
output/fascia/frames/202207191643_00-Moving/00179.png,output/fascia/masks/202207191643_00-Moving/00179.png,202207191643_00-Moving,179,True,True
output/fascia/frames/202207191643_00-Moving/00180.png,output/fascia/masks/202207191643_00-Moving/00180.png,202207191643_00-Moving,180,True,True
output/fascia/frames/202207191643_00-Moving/00181.png,output/fascia/masks/202207191643_00-Moving/00181.png,202207191643_00-Moving,181,True,True
output/fascia/frames/202207191643_00-Moving/00182.png,output/fascia/masks/202207191643_00-Moving/00182.png,202207191643_00-Moving,182,True,True
output/fascia/frames/202207191643_00-Moving/00183.png,output/fascia/masks/202207191643_00-Moving/00183.png,202207191643_00-Moving,183,True,True
output/fascia/frames/202207191643_00-Moving/00184.png,output/fascia/masks/202207191643_00-Moving/00184.png,202207191643_00-Moving,184,True,True
output/fascia/frames/202207191643_00-Moving/00185.png,output/fascia/masks/202207191643_00-Moving/00185.png,202207191643_00-Moving,185,True,True
output/fascia/frames/202207191643_00-Moving/00186.png,output/fascia/masks/202207191643_00-Moving/00186.png,202207191643_00-Moving,186,True,True
output/fascia/frames/202207191643_00-Moving/00187.png,output/fascia/masks/202207191643_00-Moving/00187.png,202207191643_00-Moving,187,True,True
output/fascia/frames/202207191643_00-Moving/00188.png,output/fascia/masks/202207191643_00-Moving/00188.png,202207191643_00-Moving,188,True,True
output/fascia/frames/202207191643_00-Moving/00189.png,output/fascia/masks/202207191643_00-Moving/00189.png,202207191643_00-Moving,189,True,True
output/fascia/frames/202207191643_00-Moving/00190.png,output/fascia/masks/202207191643_00-Moving/00190.png,202207191643_00-Moving,190,True,True
output/fascia/frames/202207191643_00-Moving/00191.png,output/fascia/masks/202207191643_00-Moving/00191.png,202207191643_00-Moving,191,True,True
output/fascia/frames/202207191643_00-Moving/00192.png,output/fascia/masks/202207191643_00-Moving/00192.png,202207191643_00-Moving,192,True,True
output/fascia/frames/202207191643_00-Moving/00193.png,output/fascia/masks/202207191643_00-Moving/00193.png,202207191643_00-Moving,193,True,True
output/fascia/frames/202207191643_00-Moving/00194.png,output/fascia/masks/202207191643_00-Moving/00194.png,202207191643_00-Moving,194,True,True
output/fascia/frames/202207191643_00-Moving/00195.png,output/fascia/masks/202207191643_00-Moving/00195.png,202207191643_00-Moving,195,True,True
output/fascia/frames/202207191643_00-Moving/00196.png,output/fascia/masks/202207191643_00-Moving/00196.png,202207191643_00-Moving,196,True,True
output/fascia/frames/202207191643_00-Moving/00197.png,output/fascia/masks/202207191643_00-Moving/00197.png,202207191643_00-Moving,197,True,True
output/fascia/frames/202207191643_00-Moving/00198.png,output/fascia/masks/202207191643_00-Moving/00198.png,202207191643_00-Moving,198,True,True
output/fascia/frames/202207191643_00-Moving/00199.png,output/fascia/masks/202207191643_00-Moving/00199.png,202207191643_00-Moving,199,True,True
output/fascia/frames/202207191643_00-Moving/00200.png,output/fascia/masks/202207191643_00-Moving/00200.png,202207191643_00-Moving,200,True,True
output/fascia/frames/202207191643_00-Moving/00201.png,output/fascia/masks/202207191643_00-Moving/00201.png,202207191643_00-Moving,201,True,True
output/fascia/frames/202207191643_00-Moving/00202.png,output/fascia/masks/202207191643_00-Moving/00202.png,202207191643_00-Moving,202,True,True
output/fascia/frames/202207191643_00-Moving/00203.png,output/fascia/masks/202207191643_00-Moving/00203.png,202207191643_00-Moving,203,True,True
output/fascia/frames/202207191643_00-Moving/00204.png,output/fascia/masks/202207191643_00-Moving/00204.png,202207191643_00-Moving,204,True,True
output/fascia/frames/202207191643_00-Moving/00205.png,output/fascia/masks/202207191643_00-Moving/00205.png,202207191643_00-Moving,205,True,True
output/fascia/frames/202207191643_00-Moving/00206.png,output/fascia/masks/202207191643_00-Moving/00206.png,202207191643_00-Moving,206,True,True
output/fascia/frames/202207191643_00-Moving/00207.png,output/fascia/masks/202207191643_00-Moving/00207.png,202207191643_00-Moving,207,True,True
output/fascia/frames/202207191643_00-Moving/00208.png,output/fascia/masks/202207191643_00-Moving/00208.png,202207191643_00-Moving,208,True,True
output/fascia/frames/202207191643_00-Moving/00209.png,output/fascia/masks/202207191643_00-Moving/00209.png,202207191643_00-Moving,209,True,True
output/fascia/frames/202207191643_00-Moving/00210.png,output/fascia/masks/202207191643_00-Moving/00210.png,202207191643_00-Moving,210,True,True
output/fascia/frames/202207191643_00-Moving/00211.png,output/fascia/masks/202207191643_00-Moving/00211.png,202207191643_00-Moving,211,True,True
output/fascia/frames/202207191643_00-Moving/00212.png,output/fascia/masks/202207191643_00-Moving/00212.png,202207191643_00-Moving,212,True,True
output/fascia/frames/202207191643_00-Moving/00213.png,output/fascia/masks/202207191643_00-Moving/00213.png,202207191643_00-Moving,213,True,True
output/fascia/frames/202207191643_00-Moving/00214.png,output/fascia/masks/202207191643_00-Moving/00214.png,202207191643_00-Moving,214,True,True
output/fascia/frames/202207191643_00-Moving/00215.png,output/fascia/masks/202207191643_00-Moving/00215.png,202207191643_00-Moving,215,True,True
output/fascia/frames/202207191643_00-Moving/00216.png,output/fascia/masks/202207191643_00-Moving/00216.png,202207191643_00-Moving,216,True,True
output/fascia/frames/202207191643_00-Moving/00217.png,output/fascia/masks/202207191643_00-Moving/00217.png,202207191643_00-Moving,217,True,True
output/fascia/frames/202207191643_00-Moving/00218.png,output/fascia/masks/202207191643_00-Moving/00218.png,202207191643_00-Moving,218,True,True
output/fascia/frames/202207191643_00-Moving/00219.png,output/fascia/masks/202207191643_00-Moving/00219.png,202207191643_00-Moving,219,True,True
output/fascia/frames/202207191643_00-Moving/00220.png,output/fascia/masks/202207191643_00-Moving/00220.png,202207191643_00-Moving,220,True,True
output/fascia/frames/202207191643_00-Moving/00221.png,output/fascia/masks/202207191643_00-Moving/00221.png,202207191643_00-Moving,221,True,True
output/fascia/frames/202207191643_00-Moving/00222.png,output/fascia/masks/202207191643_00-Moving/00222.png,202207191643_00-Moving,222,True,True
output/fascia/frames/202207191643_00-Moving/00223.png,output/fascia/masks/202207191643_00-Moving/00223.png,202207191643_00-Moving,223,True,True
output/fascia/frames/202207191643_00-Moving/00224.png,output/fascia/masks/202207191643_00-Moving/00224.png,202207191643_00-Moving,224,True,True
output/fascia/frames/202207191643_00-Moving/00225.png,output/fascia/masks/202207191643_00-Moving/00225.png,202207191643_00-Moving,225,True,True
output/fascia/frames/202207191643_00-Moving/00226.png,output/fascia/masks/202207191643_00-Moving/00226.png,202207191643_00-Moving,226,True,True
output/fascia/frames/202207191643_00-Moving/00227.png,output/fascia/masks/202207191643_00-Moving/00227.png,202207191643_00-Moving,227,True,True
output/fascia/frames/202207191643_00-Moving/00228.png,output/fascia/masks/202207191643_00-Moving/00228.png,202207191643_00-Moving,228,True,True
output/fascia/frames/202207191643_00-Moving/00229.png,output/fascia/masks/202207191643_00-Moving/00229.png,202207191643_00-Moving,229,True,True
output/fascia/frames/202207191643_00-Moving/00230.png,output/fascia/masks/202207191643_00-Moving/00230.png,202207191643_00-Moving,230,True,True
output/fascia/frames/202207191643_00-Moving/00231.png,output/fascia/masks/202207191643_00-Moving/00231.png,202207191643_00-Moving,231,True,True
output/fascia/frames/202207191643_00-Moving/00232.png,output/fascia/masks/202207191643_00-Moving/00232.png,202207191643_00-Moving,232,True,True
output/fascia/frames/202207191643_00-Moving/00233.png,output/fascia/masks/202207191643_00-Moving/00233.png,202207191643_00-Moving,233,True,True
output/fascia/frames/202207191643_00-Moving/00234.png,output/fascia/masks/202207191643_00-Moving/00234.png,202207191643_00-Moving,234,True,True
output/fascia/frames/202207191643_00-Moving/00235.png,output/fascia/masks/202207191643_00-Moving/00235.png,202207191643_00-Moving,235,True,True
output/fascia/frames/202207191643_00-Moving/00236.png,output/fascia/masks/202207191643_00-Moving/00236.png,202207191643_00-Moving,236,True,True
output/fascia/frames/202207191643_00-Moving/00237.png,output/fascia/masks/202207191643_00-Moving/00237.png,202207191643_00-Moving,237,True,True
output/fascia/frames/202207191643_00-Moving/00238.png,output/fascia/masks/202207191643_00-Moving/00238.png,202207191643_00-Moving,238,True,True
output/fascia/frames/202207191643_00-Moving/00239.png,output/fascia/masks/202207191643_00-Moving/00239.png,202207191643_00-Moving,239,True,True
output/fascia/frames/202207191643_00-Moving/00240.png,output/fascia/masks/202207191643_00-Moving/00240.png,202207191643_00-Moving,240,True,True
output/fascia/frames/202207191643_00-Moving/00241.png,output/fascia/masks/202207191643_00-Moving/00241.png,202207191643_00-Moving,241,True,True
output/fascia/frames/202207191643_00-Moving/00242.png,output/fascia/masks/202207191643_00-Moving/00242.png,202207191643_00-Moving,242,True,True
output/fascia/frames/202207191643_00-Moving/00243.png,output/fascia/masks/202207191643_00-Moving/00243.png,202207191643_00-Moving,243,True,True
output/fascia/frames/202207191643_00-Moving/00244.png,output/fascia/masks/202207191643_00-Moving/00244.png,202207191643_00-Moving,244,True,True
output/fascia/frames/202207191643_00-Moving/00245.png,output/fascia/masks/202207191643_00-Moving/00245.png,202207191643_00-Moving,245,True,True
output/fascia/frames/202207191643_00-Moving/00246.png,output/fascia/masks/202207191643_00-Moving/00246.png,202207191643_00-Moving,246,True,True
output/fascia/frames/202207191643_00-Moving/00247.png,output/fascia/masks/202207191643_00-Moving/00247.png,202207191643_00-Moving,247,True,True
output/fascia/frames/202207191643_00-Moving/00248.png,output/fascia/masks/202207191643_00-Moving/00248.png,202207191643_00-Moving,248,True,True
output/fascia/frames/202207191643_00-Moving/00249.png,output/fascia/masks/202207191643_00-Moving/00249.png,202207191643_00-Moving,249,True,True
output/fascia/frames/202207191643_00-Moving/00250.png,output/fascia/masks/202207191643_00-Moving/00250.png,202207191643_00-Moving,250,True,True
output/fascia/frames/202207191643_00-Moving/00251.png,output/fascia/masks/202207191643_00-Moving/00251.png,202207191643_00-Moving,251,True,True
output/fascia/frames/202207191643_00-Moving/00252.png,output/fascia/masks/202207191643_00-Moving/00252.png,202207191643_00-Moving,252,True,True
output/fascia/frames/202207191643_00-Moving/00253.png,output/fascia/masks/202207191643_00-Moving/00253.png,202207191643_00-Moving,253,True,True
output/fascia/frames/202207191643_00-Moving/00254.png,output/fascia/masks/202207191643_00-Moving/00254.png,202207191643_00-Moving,254,True,True
output/fascia/frames/202207191643_00-Moving/00255.png,output/fascia/masks/202207191643_00-Moving/00255.png,202207191643_00-Moving,255,True,True
output/fascia/frames/202207191643_00-Moving/00256.png,output/fascia/masks/202207191643_00-Moving/00256.png,202207191643_00-Moving,256,True,True
output/fascia/frames/202207191643_00-Moving/00257.png,output/fascia/masks/202207191643_00-Moving/00257.png,202207191643_00-Moving,257,True,True
output/fascia/frames/202207191643_00-Moving/00258.png,output/fascia/masks/202207191643_00-Moving/00258.png,202207191643_00-Moving,258,True,True
output/fascia/frames/202207191643_00-Moving/00259.png,output/fascia/masks/202207191643_00-Moving/00259.png,202207191643_00-Moving,259,True,True
output/fascia/frames/202207191643_00-Moving/00260.png,output/fascia/masks/202207191643_00-Moving/00260.png,202207191643_00-Moving,260,True,True
output/fascia/frames/202207191643_00-Moving/00261.png,output/fascia/masks/202207191643_00-Moving/00261.png,202207191643_00-Moving,261,True,True
output/fascia/frames/202207191643_00-Moving/00262.png,output/fascia/masks/202207191643_00-Moving/00262.png,202207191643_00-Moving,262,True,True
output/fascia/frames/202207191643_00-Moving/00263.png,output/fascia/masks/202207191643_00-Moving/00263.png,202207191643_00-Moving,263,True,True
output/fascia/frames/202207191643_00-Moving/00264.png,output/fascia/masks/202207191643_00-Moving/00264.png,202207191643_00-Moving,264,True,True
output/fascia/frames/202207191643_00-Moving/00265.png,output/fascia/masks/202207191643_00-Moving/00265.png,202207191643_00-Moving,265,True,True
output/fascia/frames/202207191643_00-Moving/00266.png,output/fascia/masks/202207191643_00-Moving/00266.png,202207191643_00-Moving,266,True,True
output/fascia/frames/202207191643_00-Moving/00267.png,output/fascia/masks/202207191643_00-Moving/00267.png,202207191643_00-Moving,267,True,True
output/fascia/frames/202207191643_00-Moving/00268.png,output/fascia/masks/202207191643_00-Moving/00268.png,202207191643_00-Moving,268,True,True
output/fascia/frames/202207191643_00-Moving/00269.png,output/fascia/masks/202207191643_00-Moving/00269.png,202207191643_00-Moving,269,True,True
output/fascia/frames/202207191643_00-Moving/00270.png,output/fascia/masks/202207191643_00-Moving/00270.png,202207191643_00-Moving,270,True,True
output/fascia/frames/202207191643_00-Moving/00271.png,output/fascia/masks/202207191643_00-Moving/00271.png,202207191643_00-Moving,271,True,True
output/fascia/frames/202207191643_00-Moving/00272.png,output/fascia/masks/202207191643_00-Moving/00272.png,202207191643_00-Moving,272,True,True
output/fascia/frames/202207191643_00-Moving/00273.png,output/fascia/masks/202207191643_00-Moving/00273.png,202207191643_00-Moving,273,True,True
output/fascia/frames/202207191643_00-Moving/00274.png,output/fascia/masks/202207191643_00-Moving/00274.png,202207191643_00-Moving,274,True,True
output/fascia/frames/202207191643_00-Moving/00275.png,output/fascia/masks/202207191643_00-Moving/00275.png,202207191643_00-Moving,275,True,True
output/fascia/frames/202207191643_00-Moving/00276.png,output/fascia/masks/202207191643_00-Moving/00276.png,202207191643_00-Moving,276,True,True
output/fascia/frames/202207191643_00-Moving/00277.png,output/fascia/masks/202207191643_00-Moving/00277.png,202207191643_00-Moving,277,True,True
output/fascia/frames/202207191643_00-Moving/00278.png,output/fascia/masks/202207191643_00-Moving/00278.png,202207191643_00-Moving,278,True,True
output/fascia/frames/202207191643_00-Moving/00279.png,output/fascia/masks/202207191643_00-Moving/00279.png,202207191643_00-Moving,279,True,True
output/fascia/frames/202207191643_00-Moving/00280.png,output/fascia/masks/202207191643_00-Moving/00280.png,202207191643_00-Moving,280,True,True
output/fascia/frames/202207191643_00-Moving/00281.png,output/fascia/masks/202207191643_00-Moving/00281.png,202207191643_00-Moving,281,True,True
output/fascia/frames/202207191643_00-Moving/00282.png,output/fascia/masks/202207191643_00-Moving/00282.png,202207191643_00-Moving,282,True,True
output/fascia/frames/202207191643_00-Moving/00283.png,output/fascia/masks/202207191643_00-Moving/00283.png,202207191643_00-Moving,283,True,True
output/fascia/frames/202207191643_00-Moving/00284.png,output/fascia/masks/202207191643_00-Moving/00284.png,202207191643_00-Moving,284,True,True
output/fascia/frames/202207191643_00-Moving/00285.png,output/fascia/masks/202207191643_00-Moving/00285.png,202207191643_00-Moving,285,True,True
output/fascia/frames/202207191643_00-Moving/00286.png,output/fascia/masks/202207191643_00-Moving/00286.png,202207191643_00-Moving,286,True,True
output/fascia/frames/202207191643_00-Moving/00287.png,output/fascia/masks/202207191643_00-Moving/00287.png,202207191643_00-Moving,287,True,True
output/fascia/frames/202207191643_00-Moving/00288.png,output/fascia/masks/202207191643_00-Moving/00288.png,202207191643_00-Moving,288,True,True
output/fascia/frames/202207191643_00-Moving/00289.png,output/fascia/masks/202207191643_00-Moving/00289.png,202207191643_00-Moving,289,True,True
output/fascia/frames/202207191643_00-Moving/00290.png,output/fascia/masks/202207191643_00-Moving/00290.png,202207191643_00-Moving,290,True,True
output/fascia/frames/202207191643_00-Moving/00291.png,output/fascia/masks/202207191643_00-Moving/00291.png,202207191643_00-Moving,291,True,True
output/fascia/frames/202207191643_00-Moving/00292.png,output/fascia/masks/202207191643_00-Moving/00292.png,202207191643_00-Moving,292,True,True
output/fascia/frames/202207191643_00-Moving/00293.png,output/fascia/masks/202207191643_00-Moving/00293.png,202207191643_00-Moving,293,True,True
output/fascia/frames/202207191643_00-Moving/00294.png,output/fascia/masks/202207191643_00-Moving/00294.png,202207191643_00-Moving,294,True,True
output/fascia/frames/202207191643_00-Moving/00295.png,output/fascia/masks/202207191643_00-Moving/00295.png,202207191643_00-Moving,295,True,True
output/fascia/frames/202207191643_00-Moving/00296.png,output/fascia/masks/202207191643_00-Moving/00296.png,202207191643_00-Moving,296,True,True
output/fascia/frames/202207191643_00-Moving/00297.png,output/fascia/masks/202207191643_00-Moving/00297.png,202207191643_00-Moving,297,True,True
output/fascia/frames/202207191643_00-Moving/00298.png,output/fascia/masks/202207191643_00-Moving/00298.png,202207191643_00-Moving,298,True,True
output/fascia/frames/202207191643_00-Moving/00299.png,output/fascia/masks/202207191643_00-Moving/00299.png,202207191643_00-Moving,299,True,True
output/fascia/frames/202207191643_00-Moving/00300.png,output/fascia/masks/202207191643_00-Moving/00300.png,202207191643_00-Moving,300,True,True
output/fascia/frames/202207191643_00-Moving/00301.png,output/fascia/masks/202207191643_00-Moving/00301.png,202207191643_00-Moving,301,True,True
output/fascia/frames/202207191643_00-Moving/00302.png,output/fascia/masks/202207191643_00-Moving/00302.png,202207191643_00-Moving,302,True,True
output/fascia/frames/202207191643_00-Moving/00303.png,output/fascia/masks/202207191643_00-Moving/00303.png,202207191643_00-Moving,303,True,True
output/fascia/frames/202207191643_00-Moving/00304.png,output/fascia/masks/202207191643_00-Moving/00304.png,202207191643_00-Moving,304,True,True
output/fascia/frames/202207191643_00-Moving/00305.png,output/fascia/masks/202207191643_00-Moving/00305.png,202207191643_00-Moving,305,True,True
output/fascia/frames/202207191643_00-Moving/00306.png,output/fascia/masks/202207191643_00-Moving/00306.png,202207191643_00-Moving,306,True,True
output/fascia/frames/202207191643_00-Moving/00307.png,output/fascia/masks/202207191643_00-Moving/00307.png,202207191643_00-Moving,307,True,True
output/fascia/frames/202207191643_00-Moving/00308.png,output/fascia/masks/202207191643_00-Moving/00308.png,202207191643_00-Moving,308,True,True
output/fascia/frames/202207191643_00-Moving/00309.png,output/fascia/masks/202207191643_00-Moving/00309.png,202207191643_00-Moving,309,True,True
output/fascia/frames/202207191643_00-Moving/00310.png,output/fascia/masks/202207191643_00-Moving/00310.png,202207191643_00-Moving,310,True,True
output/fascia/frames/202207191643_00-Moving/00311.png,output/fascia/masks/202207191643_00-Moving/00311.png,202207191643_00-Moving,311,True,True
output/fascia/frames/202207191643_00-Moving/00312.png,output/fascia/masks/202207191643_00-Moving/00312.png,202207191643_00-Moving,312,True,True
output/fascia/frames/202207191643_00-Moving/00313.png,output/fascia/masks/202207191643_00-Moving/00313.png,202207191643_00-Moving,313,True,True
output/fascia/frames/202207191643_00-Moving/00314.png,output/fascia/masks/202207191643_00-Moving/00314.png,202207191643_00-Moving,314,True,True
output/fascia/frames/202207191643_00-Moving/00315.png,output/fascia/masks/202207191643_00-Moving/00315.png,202207191643_00-Moving,315,True,True
output/fascia/frames/202207191643_00-Moving/00316.png,output/fascia/masks/202207191643_00-Moving/00316.png,202207191643_00-Moving,316,True,True
output/fascia/frames/202207191643_00-Moving/00317.png,output/fascia/masks/202207191643_00-Moving/00317.png,202207191643_00-Moving,317,True,True
output/fascia/frames/202207191643_00-Moving/00318.png,output/fascia/masks/202207191643_00-Moving/00318.png,202207191643_00-Moving,318,True,True
output/fascia/frames/202207191643_00-Moving/00319.png,output/fascia/masks/202207191643_00-Moving/00319.png,202207191643_00-Moving,319,True,True
output/fascia/frames/202207191643_00-Moving/00320.png,output/fascia/masks/202207191643_00-Moving/00320.png,202207191643_00-Moving,320,True,True
output/fascia/frames/202207191643_00-Moving/00321.png,output/fascia/masks/202207191643_00-Moving/00321.png,202207191643_00-Moving,321,True,True
output/fascia/frames/202207191643_00-Moving/00322.png,output/fascia/masks/202207191643_00-Moving/00322.png,202207191643_00-Moving,322,True,True
output/fascia/frames/202207191643_00-Moving/00323.png,output/fascia/masks/202207191643_00-Moving/00323.png,202207191643_00-Moving,323,True,True
output/fascia/frames/202207191643_00-Moving/00324.png,output/fascia/masks/202207191643_00-Moving/00324.png,202207191643_00-Moving,324,True,True
output/fascia/frames/202207191643_00-Moving/00325.png,output/fascia/masks/202207191643_00-Moving/00325.png,202207191643_00-Moving,325,True,True
output/fascia/frames/202207191643_00-Moving/00326.png,output/fascia/masks/202207191643_00-Moving/00326.png,202207191643_00-Moving,326,True,True
output/fascia/frames/202207191643_00-Moving/00327.png,output/fascia/masks/202207191643_00-Moving/00327.png,202207191643_00-Moving,327,True,True
output/fascia/frames/202207191643_00-Moving/00328.png,output/fascia/masks/202207191643_00-Moving/00328.png,202207191643_00-Moving,328,True,True
output/fascia/frames/202207191643_00-Moving/00329.png,output/fascia/masks/202207191643_00-Moving/00329.png,202207191643_00-Moving,329,True,True
output/fascia/frames/202207191643_00-Moving/00330.png,output/fascia/masks/202207191643_00-Moving/00330.png,202207191643_00-Moving,330,True,True
output/fascia/frames/202207191643_00-Moving/00331.png,output/fascia/masks/202207191643_00-Moving/00331.png,202207191643_00-Moving,331,True,True
output/fascia/frames/202207191643_00-Moving/00332.png,output/fascia/masks/202207191643_00-Moving/00332.png,202207191643_00-Moving,332,True,True
output/fascia/frames/202207191643_00-Moving/00333.png,output/fascia/masks/202207191643_00-Moving/00333.png,202207191643_00-Moving,333,True,True
output/fascia/frames/202207191643_00-Moving/00334.png,output/fascia/masks/202207191643_00-Moving/00334.png,202207191643_00-Moving,334,True,True
output/fascia/frames/202207191643_00-Moving/00335.png,output/fascia/masks/202207191643_00-Moving/00335.png,202207191643_00-Moving,335,True,True
output/fascia/frames/202207191643_00-Moving/00336.png,output/fascia/masks/202207191643_00-Moving/00336.png,202207191643_00-Moving,336,True,True
output/fascia/frames/202207191643_00-Moving/00337.png,output/fascia/masks/202207191643_00-Moving/00337.png,202207191643_00-Moving,337,True,True
output/fascia/frames/202207191643_00-Moving/00338.png,output/fascia/masks/202207191643_00-Moving/00338.png,202207191643_00-Moving,338,True,True
output/fascia/frames/202207191643_00-Moving/00339.png,output/fascia/masks/202207191643_00-Moving/00339.png,202207191643_00-Moving,339,True,True
output/fascia/frames/202207191643_00-Moving/00340.png,output/fascia/masks/202207191643_00-Moving/00340.png,202207191643_00-Moving,340,True,True
output/fascia/frames/202207191643_00-Moving/00341.png,output/fascia/masks/202207191643_00-Moving/00341.png,202207191643_00-Moving,341,True,True
output/fascia/frames/202207191643_00-Moving/00342.png,output/fascia/masks/202207191643_00-Moving/00342.png,202207191643_00-Moving,342,True,True
output/fascia/frames/202207191643_00-Moving/00343.png,output/fascia/masks/202207191643_00-Moving/00343.png,202207191643_00-Moving,343,True,True
output/fascia/frames/202207191643_00-Moving/00344.png,output/fascia/masks/202207191643_00-Moving/00344.png,202207191643_00-Moving,344,True,True
output/fascia/frames/202207191643_00-Moving/00345.png,output/fascia/masks/202207191643_00-Moving/00345.png,202207191643_00-Moving,345,True,True
output/fascia/frames/202207191643_00-Moving/00346.png,output/fascia/masks/202207191643_00-Moving/00346.png,202207191643_00-Moving,346,True,True
output/fascia/frames/202207191643_00-Moving/00347.png,output/fascia/masks/202207191643_00-Moving/00347.png,202207191643_00-Moving,347,True,True
output/fascia/frames/202207191643_00-Moving/00348.png,output/fascia/masks/202207191643_00-Moving/00348.png,202207191643_00-Moving,348,True,True
output/fascia/frames/202207191643_00-Moving/00349.png,output/fascia/masks/202207191643_00-Moving/00349.png,202207191643_00-Moving,349,True,True
output/fascia/frames/202207191643_00-Moving/00350.png,output/fascia/masks/202207191643_00-Moving/00350.png,202207191643_00-Moving,350,True,True
output/fascia/frames/202207191643_00-Moving/00351.png,output/fascia/masks/202207191643_00-Moving/00351.png,202207191643_00-Moving,351,True,True
output/fascia/frames/202207191643_00-Moving/00352.png,output/fascia/masks/202207191643_00-Moving/00352.png,202207191643_00-Moving,352,True,True
output/fascia/frames/202207191643_00-Moving/00353.png,output/fascia/masks/202207191643_00-Moving/00353.png,202207191643_00-Moving,353,True,True
output/fascia/frames/202207191643_00-Moving/00354.png,output/fascia/masks/202207191643_00-Moving/00354.png,202207191643_00-Moving,354,True,True
output/fascia/frames/202207191643_00-Moving/00355.png,output/fascia/masks/202207191643_00-Moving/00355.png,202207191643_00-Moving,355,True,True
output/fascia/frames/202207191643_00-Moving/00356.png,output/fascia/masks/202207191643_00-Moving/00356.png,202207191643_00-Moving,356,True,True
output/fascia/frames/202207191643_00-Moving/00357.png,output/fascia/masks/202207191643_00-Moving/00357.png,202207191643_00-Moving,357,True,True
output/fascia/frames/202207191643_00-Moving/00358.png,output/fascia/masks/202207191643_00-Moving/00358.png,202207191643_00-Moving,358,True,True
output/fascia/frames/202207191643_00-Moving/00359.png,output/fascia/masks/202207191643_00-Moving/00359.png,202207191643_00-Moving,359,True,True
output/fascia/frames/202207191643_00-Moving/00360.png,output/fascia/masks/202207191643_00-Moving/00360.png,202207191643_00-Moving,360,True,True
output/fascia/frames/202207191643_00-Moving/00361.png,output/fascia/masks/202207191643_00-Moving/00361.png,202207191643_00-Moving,361,True,True
output/fascia/frames/202207191643_00-Moving/00362.png,output/fascia/masks/202207191643_00-Moving/00362.png,202207191643_00-Moving,362,True,True
output/fascia/frames/202207191643_00-Moving/00363.png,output/fascia/masks/202207191643_00-Moving/00363.png,202207191643_00-Moving,363,True,True
output/fascia/frames/202207191643_00-Moving/00364.png,output/fascia/masks/202207191643_00-Moving/00364.png,202207191643_00-Moving,364,True,True
output/fascia/frames/202207191643_00-Moving/00365.png,output/fascia/masks/202207191643_00-Moving/00365.png,202207191643_00-Moving,365,True,True
output/fascia/frames/202207191643_00-Moving/00366.png,output/fascia/masks/202207191643_00-Moving/00366.png,202207191643_00-Moving,366,True,True
output/fascia/frames/202207191643_00-Moving/00367.png,output/fascia/masks/202207191643_00-Moving/00367.png,202207191643_00-Moving,367,True,True
output/fascia/frames/202207191643_00-Moving/00368.png,output/fascia/masks/202207191643_00-Moving/00368.png,202207191643_00-Moving,368,True,True
output/fascia/frames/202207191643_00-Moving/00369.png,output/fascia/masks/202207191643_00-Moving/00369.png,202207191643_00-Moving,369,True,True
output/fascia/frames/202207191643_00-Moving/00370.png,output/fascia/masks/202207191643_00-Moving/00370.png,202207191643_00-Moving,370,True,True
output/fascia/frames/202207191643_00-Moving/00371.png,output/fascia/masks/202207191643_00-Moving/00371.png,202207191643_00-Moving,371,True,True
output/fascia/frames/202207191643_00-Moving/00372.png,output/fascia/masks/202207191643_00-Moving/00372.png,202207191643_00-Moving,372,True,True
output/fascia/frames/202207191643_00-Moving/00373.png,output/fascia/masks/202207191643_00-Moving/00373.png,202207191643_00-Moving,373,True,True
output/fascia/frames/202207191643_00-Moving/00374.png,output/fascia/masks/202207191643_00-Moving/00374.png,202207191643_00-Moving,374,True,True
output/fascia/frames/202207191643_00-Moving/00375.png,output/fascia/masks/202207191643_00-Moving/00375.png,202207191643_00-Moving,375,True,True
output/fascia/frames/202207191643_00-Moving/00376.png,output/fascia/masks/202207191643_00-Moving/00376.png,202207191643_00-Moving,376,True,True
output/fascia/frames/202207191643_00-Moving/00377.png,output/fascia/masks/202207191643_00-Moving/00377.png,202207191643_00-Moving,377,True,True
output/fascia/frames/202207191643_00-Moving/00378.png,output/fascia/masks/202207191643_00-Moving/00378.png,202207191643_00-Moving,378,True,True
output/fascia/frames/202207191643_00-Moving/00379.png,output/fascia/masks/202207191643_00-Moving/00379.png,202207191643_00-Moving,379,True,True
output/fascia/frames/202207191643_00-Moving/00380.png,output/fascia/masks/202207191643_00-Moving/00380.png,202207191643_00-Moving,380,True,True
output/fascia/frames/202207191643_00-Moving/00381.png,output/fascia/masks/202207191643_00-Moving/00381.png,202207191643_00-Moving,381,True,True
output/fascia/frames/202207191643_00-Moving/00382.png,output/fascia/masks/202207191643_00-Moving/00382.png,202207191643_00-Moving,382,True,True
output/fascia/frames/202207191643_00-Moving/00383.png,output/fascia/masks/202207191643_00-Moving/00383.png,202207191643_00-Moving,383,True,True
output/fascia/frames/202207191643_00-Moving/00384.png,output/fascia/masks/202207191643_00-Moving/00384.png,202207191643_00-Moving,384,True,True
output/fascia/frames/202207191643_00-Moving/00385.png,output/fascia/masks/202207191643_00-Moving/00385.png,202207191643_00-Moving,385,True,True
output/fascia/frames/202207191643_00-Moving/00386.png,output/fascia/masks/202207191643_00-Moving/00386.png,202207191643_00-Moving,386,True,True
output/fascia/frames/202207191643_00-Moving/00387.png,output/fascia/masks/202207191643_00-Moving/00387.png,202207191643_00-Moving,387,True,True
output/fascia/frames/202207191643_00-Moving/00388.png,output/fascia/masks/202207191643_00-Moving/00388.png,202207191643_00-Moving,388,True,True
output/fascia/frames/202207191643_00-Moving/00389.png,output/fascia/masks/202207191643_00-Moving/00389.png,202207191643_00-Moving,389,True,True
output/fascia/frames/202207191643_00-Moving/00390.png,output/fascia/masks/202207191643_00-Moving/00390.png,202207191643_00-Moving,390,True,True
output/fascia/frames/202207191643_00-Moving/00391.png,output/fascia/masks/202207191643_00-Moving/00391.png,202207191643_00-Moving,391,True,True
output/fascia/frames/202207191643_00-Moving/00392.png,output/fascia/masks/202207191643_00-Moving/00392.png,202207191643_00-Moving,392,True,True
output/fascia/frames/202207191643_00-Moving/00393.png,output/fascia/masks/202207191643_00-Moving/00393.png,202207191643_00-Moving,393,True,True
output/fascia/frames/202207191643_00-Moving/00394.png,output/fascia/masks/202207191643_00-Moving/00394.png,202207191643_00-Moving,394,True,True
output/fascia/frames/202207191643_00-Moving/00395.png,output/fascia/masks/202207191643_00-Moving/00395.png,202207191643_00-Moving,395,True,True
output/fascia/frames/202207191643_00-Moving/00396.png,output/fascia/masks/202207191643_00-Moving/00396.png,202207191643_00-Moving,396,True,True
output/fascia/frames/202207191643_00-Moving/00397.png,output/fascia/masks/202207191643_00-Moving/00397.png,202207191643_00-Moving,397,True,True
output/fascia/frames/202207191643_00-Moving/00398.png,output/fascia/masks/202207191643_00-Moving/00398.png,202207191643_00-Moving,398,True,True
output/fascia/frames/202207191643_00-Moving/00399.png,output/fascia/masks/202207191643_00-Moving/00399.png,202207191643_00-Moving,399,True,True
output/fascia/frames/202207191643_00-Moving/00400.png,output/fascia/masks/202207191643_00-Moving/00400.png,202207191643_00-Moving,400,True,True
output/fascia/frames/202207191643_00-Moving/00401.png,output/fascia/masks/202207191643_00-Moving/00401.png,202207191643_00-Moving,401,True,True
output/fascia/frames/202207191643_00-Moving/00402.png,output/fascia/masks/202207191643_00-Moving/00402.png,202207191643_00-Moving,402,True,True
output/fascia/frames/202207191643_00-Moving/00403.png,output/fascia/masks/202207191643_00-Moving/00403.png,202207191643_00-Moving,403,True,True
output/fascia/frames/202207191643_00-Moving/00404.png,output/fascia/masks/202207191643_00-Moving/00404.png,202207191643_00-Moving,404,True,True
output/fascia/frames/202207191643_00-Moving/00405.png,output/fascia/masks/202207191643_00-Moving/00405.png,202207191643_00-Moving,405,True,True
output/fascia/frames/202207191643_00-Moving/00406.png,output/fascia/masks/202207191643_00-Moving/00406.png,202207191643_00-Moving,406,True,True
output/fascia/frames/202207191643_00-Moving/00407.png,output/fascia/masks/202207191643_00-Moving/00407.png,202207191643_00-Moving,407,True,True
output/fascia/frames/202207191643_00-Moving/00408.png,output/fascia/masks/202207191643_00-Moving/00408.png,202207191643_00-Moving,408,True,True
output/fascia/frames/202207191643_00-Moving/00409.png,output/fascia/masks/202207191643_00-Moving/00409.png,202207191643_00-Moving,409,True,True
output/fascia/frames/202207191643_00-Moving/00410.png,output/fascia/masks/202207191643_00-Moving/00410.png,202207191643_00-Moving,410,True,True
output/fascia/frames/202207191643_00-Moving/00411.png,output/fascia/masks/202207191643_00-Moving/00411.png,202207191643_00-Moving,411,True,True
output/fascia/frames/202207191643_00-Moving/00412.png,output/fascia/masks/202207191643_00-Moving/00412.png,202207191643_00-Moving,412,True,True
output/fascia/frames/202207191643_00-Moving/00413.png,output/fascia/masks/202207191643_00-Moving/00413.png,202207191643_00-Moving,413,True,True
output/fascia/frames/202207191643_00-Moving/00414.png,output/fascia/masks/202207191643_00-Moving/00414.png,202207191643_00-Moving,414,True,True
output/fascia/frames/202207191643_00-Moving/00415.png,output/fascia/masks/202207191643_00-Moving/00415.png,202207191643_00-Moving,415,True,True
output/fascia/frames/202207191643_00-Moving/00416.png,output/fascia/masks/202207191643_00-Moving/00416.png,202207191643_00-Moving,416,True,True
output/fascia/frames/202207191643_00-Moving/00417.png,output/fascia/masks/202207191643_00-Moving/00417.png,202207191643_00-Moving,417,True,True
output/fascia/frames/202207191643_00-Moving/00418.png,output/fascia/masks/202207191643_00-Moving/00418.png,202207191643_00-Moving,418,True,True
output/fascia/frames/202207191643_00-Moving/00419.png,output/fascia/masks/202207191643_00-Moving/00419.png,202207191643_00-Moving,419,True,True
output/fascia/frames/202207191643_00-Moving/00420.png,output/fascia/masks/202207191643_00-Moving/00420.png,202207191643_00-Moving,420,True,True
output/fascia/frames/202207191643_00-Moving/00421.png,output/fascia/masks/202207191643_00-Moving/00421.png,202207191643_00-Moving,421,True,True
output/fascia/frames/202207191643_00-Moving/00422.png,output/fascia/masks/202207191643_00-Moving/00422.png,202207191643_00-Moving,422,True,True
output/fascia/frames/202207191643_00-Moving/00423.png,output/fascia/masks/202207191643_00-Moving/00423.png,202207191643_00-Moving,423,True,True
output/fascia/frames/202207191643_00-Moving/00424.png,output/fascia/masks/202207191643_00-Moving/00424.png,202207191643_00-Moving,424,True,True
output/fascia/frames/202207191643_00-Moving/00425.png,output/fascia/masks/202207191643_00-Moving/00425.png,202207191643_00-Moving,425,True,True
output/fascia/frames/202207191643_00-Moving/00426.png,output/fascia/masks/202207191643_00-Moving/00426.png,202207191643_00-Moving,426,True,True
output/fascia/frames/202207191643_00-Moving/00427.png,output/fascia/masks/202207191643_00-Moving/00427.png,202207191643_00-Moving,427,True,True
output/fascia/frames/202207191643_00-Moving/00428.png,output/fascia/masks/202207191643_00-Moving/00428.png,202207191643_00-Moving,428,True,True
output/fascia/frames/202207191643_00-Moving/00429.png,output/fascia/masks/202207191643_00-Moving/00429.png,202207191643_00-Moving,429,True,True
output/fascia/frames/202207191643_00-Moving/00430.png,output/fascia/masks/202207191643_00-Moving/00430.png,202207191643_00-Moving,430,True,True
output/fascia/frames/202207191643_00-Moving/00431.png,output/fascia/masks/202207191643_00-Moving/00431.png,202207191643_00-Moving,431,True,True
output/fascia/frames/202207191643_00-Moving/00432.png,output/fascia/masks/202207191643_00-Moving/00432.png,202207191643_00-Moving,432,True,True
output/fascia/frames/202207191643_00-Moving/00433.png,output/fascia/masks/202207191643_00-Moving/00433.png,202207191643_00-Moving,433,True,True
output/fascia/frames/202207191643_00-Moving/00434.png,output/fascia/masks/202207191643_00-Moving/00434.png,202207191643_00-Moving,434,True,True
output/fascia/frames/202207191643_00-Moving/00435.png,output/fascia/masks/202207191643_00-Moving/00435.png,202207191643_00-Moving,435,True,True
output/fascia/frames/202207191643_00-Moving/00436.png,output/fascia/masks/202207191643_00-Moving/00436.png,202207191643_00-Moving,436,True,True
output/fascia/frames/202207191643_00-Moving/00437.png,output/fascia/masks/202207191643_00-Moving/00437.png,202207191643_00-Moving,437,True,True
output/fascia/frames/202207191643_00-Moving/00438.png,output/fascia/masks/202207191643_00-Moving/00438.png,202207191643_00-Moving,438,True,True
output/fascia/frames/202207191643_00-Moving/00439.png,output/fascia/masks/202207191643_00-Moving/00439.png,202207191643_00-Moving,439,True,True
output/fascia/frames/202207191643_00-Moving/00440.png,output/fascia/masks/202207191643_00-Moving/00440.png,202207191643_00-Moving,440,True,True
output/fascia/frames/202207191643_00-Moving/00441.png,output/fascia/masks/202207191643_00-Moving/00441.png,202207191643_00-Moving,441,True,True
output/fascia/frames/202207191643_00-Moving/00442.png,output/fascia/masks/202207191643_00-Moving/00442.png,202207191643_00-Moving,442,True,True
output/fascia/frames/202207191643_00-Moving/00443.png,output/fascia/masks/202207191643_00-Moving/00443.png,202207191643_00-Moving,443,True,True
output/fascia/frames/202207191643_00-Moving/00444.png,output/fascia/masks/202207191643_00-Moving/00444.png,202207191643_00-Moving,444,True,True
output/fascia/frames/202207191643_00-Moving/00445.png,output/fascia/masks/202207191643_00-Moving/00445.png,202207191643_00-Moving,445,True,True
output/fascia/frames/202207191643_00-Moving/00446.png,output/fascia/masks/202207191643_00-Moving/00446.png,202207191643_00-Moving,446,True,True
output/fascia/frames/202207191643_00-Moving/00447.png,output/fascia/masks/202207191643_00-Moving/00447.png,202207191643_00-Moving,447,True,True
output/fascia/frames/202207191643_00-Moving/00448.png,output/fascia/masks/202207191643_00-Moving/00448.png,202207191643_00-Moving,448,True,True
output/fascia/frames/202207191643_00-Moving/00449.png,output/fascia/masks/202207191643_00-Moving/00449.png,202207191643_00-Moving,449,True,True
output/fascia/frames/202207191643_00-Moving/00450.png,output/fascia/masks/202207191643_00-Moving/00450.png,202207191643_00-Moving,450,True,True
output/fascia/frames/202207191643_00-Moving/00451.png,output/fascia/masks/202207191643_00-Moving/00451.png,202207191643_00-Moving,451,True,True
output/fascia/frames/202207191643_00-Moving/00452.png,output/fascia/masks/202207191643_00-Moving/00452.png,202207191643_00-Moving,452,True,True
output/fascia/frames/202207191643_00-Moving/00453.png,output/fascia/masks/202207191643_00-Moving/00453.png,202207191643_00-Moving,453,True,True
output/fascia/frames/202207191643_00-Moving/00454.png,output/fascia/masks/202207191643_00-Moving/00454.png,202207191643_00-Moving,454,True,True
output/fascia/frames/202207191643_00-Moving/00455.png,output/fascia/masks/202207191643_00-Moving/00455.png,202207191643_00-Moving,455,True,True
output/fascia/frames/202207191643_00-Moving/00456.png,output/fascia/masks/202207191643_00-Moving/00456.png,202207191643_00-Moving,456,True,True
output/fascia/frames/202207191643_00-Moving/00457.png,output/fascia/masks/202207191643_00-Moving/00457.png,202207191643_00-Moving,457,True,True
output/fascia/frames/202207191643_00-Moving/00458.png,output/fascia/masks/202207191643_00-Moving/00458.png,202207191643_00-Moving,458,True,True
output/fascia/frames/202207191643_00-Moving/00459.png,output/fascia/masks/202207191643_00-Moving/00459.png,202207191643_00-Moving,459,True,True
output/fascia/frames/202207191643_00-Moving/00460.png,output/fascia/masks/202207191643_00-Moving/00460.png,202207191643_00-Moving,460,True,True
output/fascia/frames/202207191643_00-Moving/00461.png,output/fascia/masks/202207191643_00-Moving/00461.png,202207191643_00-Moving,461,True,True
output/fascia/frames/202207191643_00-Moving/00462.png,output/fascia/masks/202207191643_00-Moving/00462.png,202207191643_00-Moving,462,True,True
output/fascia/frames/202207191643_00-Moving/00463.png,output/fascia/masks/202207191643_00-Moving/00463.png,202207191643_00-Moving,463,True,True
output/fascia/frames/202207191643_00-Moving/00464.png,output/fascia/masks/202207191643_00-Moving/00464.png,202207191643_00-Moving,464,True,True
output/fascia/frames/202207191643_00-Moving/00465.png,output/fascia/masks/202207191643_00-Moving/00465.png,202207191643_00-Moving,465,True,True
output/fascia/frames/202207191643_00-Moving/00466.png,output/fascia/masks/202207191643_00-Moving/00466.png,202207191643_00-Moving,466,True,True
output/fascia/frames/202207191643_00-Moving/00467.png,output/fascia/masks/202207191643_00-Moving/00467.png,202207191643_00-Moving,467,True,True
output/fascia/frames/202207191643_00-Moving/00468.png,output/fascia/masks/202207191643_00-Moving/00468.png,202207191643_00-Moving,468,True,True
output/fascia/frames/202207191643_00-Moving/00469.png,output/fascia/masks/202207191643_00-Moving/00469.png,202207191643_00-Moving,469,True,True
output/fascia/frames/202207191643_00-Moving/00470.png,output/fascia/masks/202207191643_00-Moving/00470.png,202207191643_00-Moving,470,True,True
output/fascia/frames/202207191643_00-Moving/00471.png,output/fascia/masks/202207191643_00-Moving/00471.png,202207191643_00-Moving,471,True,True
output/fascia/frames/202207191643_00-Moving/00472.png,output/fascia/masks/202207191643_00-Moving/00472.png,202207191643_00-Moving,472,True,True
output/fascia/frames/202207191643_00-Moving/00473.png,output/fascia/masks/202207191643_00-Moving/00473.png,202207191643_00-Moving,473,True,True
output/fascia/frames/202207191643_00-Moving/00474.png,output/fascia/masks/202207191643_00-Moving/00474.png,202207191643_00-Moving,474,True,True
output/fascia/frames/202207191643_00-Moving/00475.png,output/fascia/masks/202207191643_00-Moving/00475.png,202207191643_00-Moving,475,True,True
output/fascia/frames/202207191643_00-Moving/00476.png,output/fascia/masks/202207191643_00-Moving/00476.png,202207191643_00-Moving,476,True,True
output/fascia/frames/202207191643_00-Moving/00477.png,output/fascia/masks/202207191643_00-Moving/00477.png,202207191643_00-Moving,477,True,True
output/fascia/frames/202207191643_00-Moving/00478.png,output/fascia/masks/202207191643_00-Moving/00478.png,202207191643_00-Moving,478,True,True
output/fascia/frames/202207191643_00-Moving/00479.png,output/fascia/masks/202207191643_00-Moving/00479.png,202207191643_00-Moving,479,True,True
output/fascia/frames/202207191643_00-Moving/00480.png,output/fascia/masks/202207191643_00-Moving/00480.png,202207191643_00-Moving,480,True,True
output/fascia/frames/202207191643_00-Moving/00481.png,output/fascia/masks/202207191643_00-Moving/00481.png,202207191643_00-Moving,481,True,True
output/fascia/frames/202207191643_00-Moving/00482.png,output/fascia/masks/202207191643_00-Moving/00482.png,202207191643_00-Moving,482,True,True
output/fascia/frames/202207191643_00-Moving/00483.png,output/fascia/masks/202207191643_00-Moving/00483.png,202207191643_00-Moving,483,True,True
output/fascia/frames/202207191643_00-Moving/00484.png,output/fascia/masks/202207191643_00-Moving/00484.png,202207191643_00-Moving,484,True,True
output/fascia/frames/202207191643_00-Moving/00485.png,output/fascia/masks/202207191643_00-Moving/00485.png,202207191643_00-Moving,485,True,True
output/fascia/frames/202207191643_00-Moving/00486.png,output/fascia/masks/202207191643_00-Moving/00486.png,202207191643_00-Moving,486,True,True
output/fascia/frames/202207191643_00-Moving/00487.png,output/fascia/masks/202207191643_00-Moving/00487.png,202207191643_00-Moving,487,True,True
output/fascia/frames/202207191643_00-Moving/00488.png,output/fascia/masks/202207191643_00-Moving/00488.png,202207191643_00-Moving,488,True,True
output/fascia/frames/202207191643_00-Moving/00489.png,output/fascia/masks/202207191643_00-Moving/00489.png,202207191643_00-Moving,489,True,True
output/fascia/frames/202207191643_00-Moving/00490.png,output/fascia/masks/202207191643_00-Moving/00490.png,202207191643_00-Moving,490,True,True
output/fascia/frames/202207191643_00-Moving/00491.png,output/fascia/masks/202207191643_00-Moving/00491.png,202207191643_00-Moving,491,True,True
output/fascia/frames/202207191643_00-Moving/00492.png,output/fascia/masks/202207191643_00-Moving/00492.png,202207191643_00-Moving,492,True,True
output/fascia/frames/202207191643_00-Moving/00493.png,output/fascia/masks/202207191643_00-Moving/00493.png,202207191643_00-Moving,493,True,True
output/fascia/frames/202207191643_00-Moving/00494.png,output/fascia/masks/202207191643_00-Moving/00494.png,202207191643_00-Moving,494,True,True
output/fascia/frames/202207191643_00-Moving/00495.png,output/fascia/masks/202207191643_00-Moving/00495.png,202207191643_00-Moving,495,True,True
output/fascia/frames/202207191643_00-Moving/00496.png,output/fascia/masks/202207191643_00-Moving/00496.png,202207191643_00-Moving,496,True,True
output/fascia/frames/202207191643_00-Moving/00497.png,output/fascia/masks/202207191643_00-Moving/00497.png,202207191643_00-Moving,497,True,True
output/fascia/frames/202207191643_00-Moving/00498.png,output/fascia/masks/202207191643_00-Moving/00498.png,202207191643_00-Moving,498,True,True
output/fascia/frames/202207191643_00-Moving/00499.png,output/fascia/masks/202207191643_00-Moving/00499.png,202207191643_00-Moving,499,True,True
output/fascia/frames/202207191643_00-Moving/00500.png,output/fascia/masks/202207191643_00-Moving/00500.png,202207191643_00-Moving,500,True,True
output/fascia/frames/202207191643_00-Moving/00501.png,output/fascia/masks/202207191643_00-Moving/00501.png,202207191643_00-Moving,501,True,True
output/fascia/frames/202207191643_00-Moving/00502.png,output/fascia/masks/202207191643_00-Moving/00502.png,202207191643_00-Moving,502,True,True
output/fascia/frames/202207191643_00-Moving/00503.png,output/fascia/masks/202207191643_00-Moving/00503.png,202207191643_00-Moving,503,True,True
output/fascia/frames/202207191643_00-Moving/00504.png,output/fascia/masks/202207191643_00-Moving/00504.png,202207191643_00-Moving,504,True,True
output/fascia/frames/202207191643_00-Moving/00505.png,output/fascia/masks/202207191643_00-Moving/00505.png,202207191643_00-Moving,505,True,True
output/fascia/frames/202207191643_00-Moving/00506.png,output/fascia/masks/202207191643_00-Moving/00506.png,202207191643_00-Moving,506,True,True
output/fascia/frames/202207191643_00-Moving/00507.png,output/fascia/masks/202207191643_00-Moving/00507.png,202207191643_00-Moving,507,True,True
output/fascia/frames/202207191643_00-Moving/00508.png,output/fascia/masks/202207191643_00-Moving/00508.png,202207191643_00-Moving,508,True,True
output/fascia/frames/202207191643_00-Moving/00509.png,output/fascia/masks/202207191643_00-Moving/00509.png,202207191643_00-Moving,509,True,True
output/fascia/frames/202207191643_00-Moving/00510.png,output/fascia/masks/202207191643_00-Moving/00510.png,202207191643_00-Moving,510,True,True
output/fascia/frames/202207191643_00-Moving/00511.png,output/fascia/masks/202207191643_00-Moving/00511.png,202207191643_00-Moving,511,True,True
output/fascia/frames/202207191643_00-Moving/00512.png,output/fascia/masks/202207191643_00-Moving/00512.png,202207191643_00-Moving,512,True,True
output/fascia/frames/202207191643_00-Moving/00513.png,output/fascia/masks/202207191643_00-Moving/00513.png,202207191643_00-Moving,513,True,True
output/fascia/frames/202207191643_00-Moving/00514.png,output/fascia/masks/202207191643_00-Moving/00514.png,202207191643_00-Moving,514,True,True
output/fascia/frames/202207191643_00-Moving/00515.png,output/fascia/masks/202207191643_00-Moving/00515.png,202207191643_00-Moving,515,True,True
output/fascia/frames/202207191643_00-Moving/00516.png,output/fascia/masks/202207191643_00-Moving/00516.png,202207191643_00-Moving,516,True,True
output/fascia/frames/202207191643_00-Moving/00517.png,output/fascia/masks/202207191643_00-Moving/00517.png,202207191643_00-Moving,517,True,True
output/fascia/frames/202207191643_00-Moving/00518.png,output/fascia/masks/202207191643_00-Moving/00518.png,202207191643_00-Moving,518,True,True
output/fascia/frames/202207191643_00-Moving/00519.png,output/fascia/masks/202207191643_00-Moving/00519.png,202207191643_00-Moving,519,True,True
output/fascia/frames/202207191643_00-Moving/00520.png,output/fascia/masks/202207191643_00-Moving/00520.png,202207191643_00-Moving,520,True,True
output/fascia/frames/202207191643_00-Moving/00521.png,output/fascia/masks/202207191643_00-Moving/00521.png,202207191643_00-Moving,521,True,True
output/fascia/frames/202207191643_00-Moving/00522.png,output/fascia/masks/202207191643_00-Moving/00522.png,202207191643_00-Moving,522,True,True
output/fascia/frames/202207191643_00-Moving/00523.png,output/fascia/masks/202207191643_00-Moving/00523.png,202207191643_00-Moving,523,True,True
output/fascia/frames/202207191643_00-Moving/00524.png,output/fascia/masks/202207191643_00-Moving/00524.png,202207191643_00-Moving,524,True,True
output/fascia/frames/202207191643_00-Moving/00525.png,output/fascia/masks/202207191643_00-Moving/00525.png,202207191643_00-Moving,525,True,True
output/fascia/frames/202207191643_00-Moving/00526.png,output/fascia/masks/202207191643_00-Moving/00526.png,202207191643_00-Moving,526,True,True
output/fascia/frames/202207191643_00-Moving/00527.png,output/fascia/masks/202207191643_00-Moving/00527.png,202207191643_00-Moving,527,True,True
output/fascia/frames/202207191643_00-Moving/00528.png,output/fascia/masks/202207191643_00-Moving/00528.png,202207191643_00-Moving,528,True,True
output/fascia/frames/202207191643_00-Moving/00529.png,output/fascia/masks/202207191643_00-Moving/00529.png,202207191643_00-Moving,529,True,True
output/fascia/frames/202207191643_00-Moving/00530.png,output/fascia/masks/202207191643_00-Moving/00530.png,202207191643_00-Moving,530,True,True
output/fascia/frames/202207191643_00-Moving/00531.png,output/fascia/masks/202207191643_00-Moving/00531.png,202207191643_00-Moving,531,True,True
output/fascia/frames/202207191643_00-Moving/00532.png,output/fascia/masks/202207191643_00-Moving/00532.png,202207191643_00-Moving,532,True,True
output/fascia/frames/202207191643_00-Moving/00533.png,output/fascia/masks/202207191643_00-Moving/00533.png,202207191643_00-Moving,533,True,True
output/fascia/frames/202207191643_00-Moving/00534.png,output/fascia/masks/202207191643_00-Moving/00534.png,202207191643_00-Moving,534,True,True
output/fascia/frames/202207191643_00-Moving/00535.png,output/fascia/masks/202207191643_00-Moving/00535.png,202207191643_00-Moving,535,True,True
output/fascia/frames/202207191643_00-Moving/00536.png,output/fascia/masks/202207191643_00-Moving/00536.png,202207191643_00-Moving,536,True,True
output/fascia/frames/202207191643_00-Moving/00537.png,output/fascia/masks/202207191643_00-Moving/00537.png,202207191643_00-Moving,537,True,True
output/fascia/frames/202207191643_00-Moving/00538.png,output/fascia/masks/202207191643_00-Moving/00538.png,202207191643_00-Moving,538,True,True
output/fascia/frames/202207191643_00-Moving/00539.png,output/fascia/masks/202207191643_00-Moving/00539.png,202207191643_00-Moving,539,True,True
output/fascia/frames/202207191643_00-Moving/00540.png,output/fascia/masks/202207191643_00-Moving/00540.png,202207191643_00-Moving,540,True,True
output/fascia/frames/202207191643_00-Moving/00541.png,output/fascia/masks/202207191643_00-Moving/00541.png,202207191643_00-Moving,541,True,True
output/fascia/frames/202207191643_00-Moving/00542.png,output/fascia/masks/202207191643_00-Moving/00542.png,202207191643_00-Moving,542,True,True
output/fascia/frames/202207191643_00-Moving/00543.png,output/fascia/masks/202207191643_00-Moving/00543.png,202207191643_00-Moving,543,True,True
output/fascia/frames/202207191643_00-Moving/00544.png,output/fascia/masks/202207191643_00-Moving/00544.png,202207191643_00-Moving,544,True,True
output/fascia/frames/202207191643_00-Moving/00545.png,output/fascia/masks/202207191643_00-Moving/00545.png,202207191643_00-Moving,545,True,True
output/fascia/frames/202207191643_00-Moving/00546.png,output/fascia/masks/202207191643_00-Moving/00546.png,202207191643_00-Moving,546,True,True
output/fascia/frames/202207191643_00-Moving/00547.png,output/fascia/masks/202207191643_00-Moving/00547.png,202207191643_00-Moving,547,True,True
output/fascia/frames/202207191643_00-Moving/00548.png,output/fascia/masks/202207191643_00-Moving/00548.png,202207191643_00-Moving,548,True,True
output/fascia/frames/202207191643_00-Moving/00549.png,output/fascia/masks/202207191643_00-Moving/00549.png,202207191643_00-Moving,549,True,True
output/fascia/frames/202207191643_00-Moving/00550.png,output/fascia/masks/202207191643_00-Moving/00550.png,202207191643_00-Moving,550,True,True
output/fascia/frames/202207191643_00-Moving/00551.png,output/fascia/masks/202207191643_00-Moving/00551.png,202207191643_00-Moving,551,True,True
output/fascia/frames/202207191643_00-Moving/00552.png,output/fascia/masks/202207191643_00-Moving/00552.png,202207191643_00-Moving,552,True,True
output/fascia/frames/202207191643_00-Moving/00553.png,output/fascia/masks/202207191643_00-Moving/00553.png,202207191643_00-Moving,553,True,True
output/fascia/frames/202207191643_00-Moving/00554.png,output/fascia/masks/202207191643_00-Moving/00554.png,202207191643_00-Moving,554,True,True
output/fascia/frames/202207191643_00-Moving/00555.png,output/fascia/masks/202207191643_00-Moving/00555.png,202207191643_00-Moving,555,True,True
output/fascia/frames/202207191643_00-Moving/00556.png,output/fascia/masks/202207191643_00-Moving/00556.png,202207191643_00-Moving,556,True,True
output/fascia/frames/202207191643_00-Moving/00557.png,output/fascia/masks/202207191643_00-Moving/00557.png,202207191643_00-Moving,557,True,True
output/fascia/frames/202207191643_00-Moving/00558.png,output/fascia/masks/202207191643_00-Moving/00558.png,202207191643_00-Moving,558,True,True
output/fascia/frames/202207191643_00-Moving/00559.png,output/fascia/masks/202207191643_00-Moving/00559.png,202207191643_00-Moving,559,True,True
output/fascia/frames/202207191643_00-Moving/00560.png,output/fascia/masks/202207191643_00-Moving/00560.png,202207191643_00-Moving,560,True,True
output/fascia/frames/202207191643_00-Moving/00561.png,output/fascia/masks/202207191643_00-Moving/00561.png,202207191643_00-Moving,561,True,True
output/fascia/frames/202207191643_00-Moving/00562.png,output/fascia/masks/202207191643_00-Moving/00562.png,202207191643_00-Moving,562,True,True
output/fascia/frames/202207191643_00-Moving/00563.png,output/fascia/masks/202207191643_00-Moving/00563.png,202207191643_00-Moving,563,True,True
output/fascia/frames/202207191643_00-Moving/00564.png,output/fascia/masks/202207191643_00-Moving/00564.png,202207191643_00-Moving,564,True,True
output/fascia/frames/202207191643_00-Moving/00565.png,output/fascia/masks/202207191643_00-Moving/00565.png,202207191643_00-Moving,565,True,True
output/fascia/frames/202207191643_00-Moving/00566.png,output/fascia/masks/202207191643_00-Moving/00566.png,202207191643_00-Moving,566,True,True
output/fascia/frames/202207191643_00-Moving/00567.png,output/fascia/masks/202207191643_00-Moving/00567.png,202207191643_00-Moving,567,True,True
output/fascia/frames/202207191643_00-Moving/00568.png,output/fascia/masks/202207191643_00-Moving/00568.png,202207191643_00-Moving,568,True,True
output/fascia/frames/202207191643_00-Moving/00569.png,output/fascia/masks/202207191643_00-Moving/00569.png,202207191643_00-Moving,569,True,True
output/fascia/frames/202207191643_00-Moving/00570.png,output/fascia/masks/202207191643_00-Moving/00570.png,202207191643_00-Moving,570,True,True
output/fascia/frames/202207191643_00-Moving/00571.png,output/fascia/masks/202207191643_00-Moving/00571.png,202207191643_00-Moving,571,True,True
output/fascia/frames/202207191643_00-Moving/00572.png,output/fascia/masks/202207191643_00-Moving/00572.png,202207191643_00-Moving,572,True,True
output/fascia/frames/202207191643_00-Moving/00573.png,output/fascia/masks/202207191643_00-Moving/00573.png,202207191643_00-Moving,573,True,True
output/fascia/frames/202207191643_00-Moving/00574.png,output/fascia/masks/202207191643_00-Moving/00574.png,202207191643_00-Moving,574,True,True
output/fascia/frames/202207191643_00-Moving/00575.png,output/fascia/masks/202207191643_00-Moving/00575.png,202207191643_00-Moving,575,True,True
output/fascia/frames/202207191643_00-Moving/00576.png,output/fascia/masks/202207191643_00-Moving/00576.png,202207191643_00-Moving,576,True,True
output/fascia/frames/202207191643_00-Moving/00577.png,output/fascia/masks/202207191643_00-Moving/00577.png,202207191643_00-Moving,577,True,True
output/fascia/frames/202207191643_00-Moving/00578.png,output/fascia/masks/202207191643_00-Moving/00578.png,202207191643_00-Moving,578,True,True
output/fascia/frames/202207191643_00-Moving/00579.png,output/fascia/masks/202207191643_00-Moving/00579.png,202207191643_00-Moving,579,True,True
output/fascia/frames/202207191643_00-Moving/00580.png,output/fascia/masks/202207191643_00-Moving/00580.png,202207191643_00-Moving,580,True,True
output/fascia/frames/202207191643_00-Moving/00581.png,output/fascia/masks/202207191643_00-Moving/00581.png,202207191643_00-Moving,581,True,True
output/fascia/frames/202207191643_00-Moving/00582.png,output/fascia/masks/202207191643_00-Moving/00582.png,202207191643_00-Moving,582,True,True
output/fascia/frames/202207191643_00-Moving/00583.png,output/fascia/masks/202207191643_00-Moving/00583.png,202207191643_00-Moving,583,True,True
output/fascia/frames/202207191643_00-Moving/00584.png,output/fascia/masks/202207191643_00-Moving/00584.png,202207191643_00-Moving,584,True,True
output/fascia/frames/202207191643_00-Moving/00585.png,output/fascia/masks/202207191643_00-Moving/00585.png,202207191643_00-Moving,585,True,True
output/fascia/frames/202207191643_00-Moving/00586.png,output/fascia/masks/202207191643_00-Moving/00586.png,202207191643_00-Moving,586,True,True
output/fascia/frames/202207191643_00-Moving/00587.png,output/fascia/masks/202207191643_00-Moving/00587.png,202207191643_00-Moving,587,True,True
output/fascia/frames/202207191643_00-Moving/00588.png,output/fascia/masks/202207191643_00-Moving/00588.png,202207191643_00-Moving,588,True,True
output/fascia/frames/202207191643_00-Moving/00589.png,output/fascia/masks/202207191643_00-Moving/00589.png,202207191643_00-Moving,589,True,True
output/fascia/frames/202207191643_00-Moving/00590.png,output/fascia/masks/202207191643_00-Moving/00590.png,202207191643_00-Moving,590,True,True
output/fascia/frames/202207191643_00-Moving/00591.png,output/fascia/masks/202207191643_00-Moving/00591.png,202207191643_00-Moving,591,True,True
output/fascia/frames/202207191643_00-Moving/00592.png,output/fascia/masks/202207191643_00-Moving/00592.png,202207191643_00-Moving,592,True,True
output/fascia/frames/202207191643_00-Moving/00593.png,output/fascia/masks/202207191643_00-Moving/00593.png,202207191643_00-Moving,593,True,True
output/fascia/frames/202207191643_00-Moving/00594.png,output/fascia/masks/202207191643_00-Moving/00594.png,202207191643_00-Moving,594,True,True
output/fascia/frames/202207191643_00-Moving/00595.png,output/fascia/masks/202207191643_00-Moving/00595.png,202207191643_00-Moving,595,True,True
output/fascia/frames/202207191643_00-Moving/00596.png,output/fascia/masks/202207191643_00-Moving/00596.png,202207191643_00-Moving,596,True,True
output/fascia/frames/202207191643_00-Moving/00597.png,output/fascia/masks/202207191643_00-Moving/00597.png,202207191643_00-Moving,597,True,True
output/fascia/frames/202207191643_00-Moving/00598.png,output/fascia/masks/202207191643_00-Moving/00598.png,202207191643_00-Moving,598,True,True
output/fascia/frames/202207191643_00-Moving/00599.png,output/fascia/masks/202207191643_00-Moving/00599.png,202207191643_00-Moving,599,True,True
output/fascia/frames/202207191643_00-Moving/00600.png,output/fascia/masks/202207191643_00-Moving/00600.png,202207191643_00-Moving,600,True,True
output/fascia/frames/202207191643_00-Moving/00601.png,output/fascia/masks/202207191643_00-Moving/00601.png,202207191643_00-Moving,601,True,True
output/fascia/frames/202207191643_00-Moving/00602.png,output/fascia/masks/202207191643_00-Moving/00602.png,202207191643_00-Moving,602,True,True
output/fascia/frames/202207191643_00-Moving/00603.png,output/fascia/masks/202207191643_00-Moving/00603.png,202207191643_00-Moving,603,True,True
output/fascia/frames/202207191643_00-Moving/00604.png,output/fascia/masks/202207191643_00-Moving/00604.png,202207191643_00-Moving,604,True,True
output/fascia/frames/202207191643_00-Moving/00605.png,output/fascia/masks/202207191643_00-Moving/00605.png,202207191643_00-Moving,605,True,True
output/fascia/frames/202207191643_00-Moving/00606.png,output/fascia/masks/202207191643_00-Moving/00606.png,202207191643_00-Moving,606,True,True
output/fascia/frames/202207191643_00-Moving/00607.png,output/fascia/masks/202207191643_00-Moving/00607.png,202207191643_00-Moving,607,True,True
output/fascia/frames/202207191643_00-Moving/00608.png,output/fascia/masks/202207191643_00-Moving/00608.png,202207191643_00-Moving,608,True,True
output/fascia/frames/202207191643_00-Moving/00609.png,output/fascia/masks/202207191643_00-Moving/00609.png,202207191643_00-Moving,609,True,True
output/fascia/frames/202207191643_00-Moving/00610.png,output/fascia/masks/202207191643_00-Moving/00610.png,202207191643_00-Moving,610,True,True
output/fascia/frames/202207191643_00-Moving/00611.png,output/fascia/masks/202207191643_00-Moving/00611.png,202207191643_00-Moving,611,True,True
output/fascia/frames/202207191643_00-Moving/00612.png,output/fascia/masks/202207191643_00-Moving/00612.png,202207191643_00-Moving,612,True,True
output/fascia/frames/202207191643_00-Moving/00613.png,output/fascia/masks/202207191643_00-Moving/00613.png,202207191643_00-Moving,613,True,True
output/fascia/frames/202207191643_00-Moving/00614.png,output/fascia/masks/202207191643_00-Moving/00614.png,202207191643_00-Moving,614,True,True
output/fascia/frames/202207191643_00-Moving/00615.png,output/fascia/masks/202207191643_00-Moving/00615.png,202207191643_00-Moving,615,True,True
output/fascia/frames/202207191643_00-Moving/00616.png,output/fascia/masks/202207191643_00-Moving/00616.png,202207191643_00-Moving,616,True,True
output/fascia/frames/202207191643_00-Moving/00617.png,output/fascia/masks/202207191643_00-Moving/00617.png,202207191643_00-Moving,617,True,True
output/fascia/frames/202207191643_00-Moving/00618.png,output/fascia/masks/202207191643_00-Moving/00618.png,202207191643_00-Moving,618,True,True
output/fascia/frames/202207191643_00-Moving/00619.png,output/fascia/masks/202207191643_00-Moving/00619.png,202207191643_00-Moving,619,True,True
output/fascia/frames/202207191643_00-Moving/00620.png,output/fascia/masks/202207191643_00-Moving/00620.png,202207191643_00-Moving,620,True,True
output/fascia/frames/202207191643_00-Moving/00621.png,output/fascia/masks/202207191643_00-Moving/00621.png,202207191643_00-Moving,621,True,True
output/fascia/frames/202207191643_00-Moving/00622.png,output/fascia/masks/202207191643_00-Moving/00622.png,202207191643_00-Moving,622,True,True
output/fascia/frames/202207191643_00-Moving/00623.png,output/fascia/masks/202207191643_00-Moving/00623.png,202207191643_00-Moving,623,True,True
output/fascia/frames/202207191643_00-Moving/00624.png,output/fascia/masks/202207191643_00-Moving/00624.png,202207191643_00-Moving,624,True,True
output/fascia/frames/202207191643_00-Moving/00625.png,output/fascia/masks/202207191643_00-Moving/00625.png,202207191643_00-Moving,625,True,True
output/fascia/frames/202207191643_00-Moving/00626.png,output/fascia/masks/202207191643_00-Moving/00626.png,202207191643_00-Moving,626,True,True
output/fascia/frames/202207191643_00-Moving/00627.png,output/fascia/masks/202207191643_00-Moving/00627.png,202207191643_00-Moving,627,True,True
output/fascia/frames/202207191643_00-Moving/00628.png,output/fascia/masks/202207191643_00-Moving/00628.png,202207191643_00-Moving,628,True,True
output/fascia/frames/202207191643_00-Moving/00629.png,output/fascia/masks/202207191643_00-Moving/00629.png,202207191643_00-Moving,629,True,True
output/fascia/frames/202207191643_00-Moving/00630.png,output/fascia/masks/202207191643_00-Moving/00630.png,202207191643_00-Moving,630,True,True
output/fascia/frames/202207191643_00-Moving/00631.png,output/fascia/masks/202207191643_00-Moving/00631.png,202207191643_00-Moving,631,True,True
output/fascia/frames/202207191643_00-Moving/00632.png,output/fascia/masks/202207191643_00-Moving/00632.png,202207191643_00-Moving,632,True,True
output/fascia/frames/202207191643_00-Moving/00633.png,output/fascia/masks/202207191643_00-Moving/00633.png,202207191643_00-Moving,633,True,True
output/fascia/frames/202207191643_00-Moving/00634.png,output/fascia/masks/202207191643_00-Moving/00634.png,202207191643_00-Moving,634,True,True
output/fascia/frames/202207191643_00-Moving/00635.png,output/fascia/masks/202207191643_00-Moving/00635.png,202207191643_00-Moving,635,True,True
output/fascia/frames/202207191643_00-Moving/00636.png,output/fascia/masks/202207191643_00-Moving/00636.png,202207191643_00-Moving,636,True,True
output/fascia/frames/202207191643_00-Moving/00637.png,output/fascia/masks/202207191643_00-Moving/00637.png,202207191643_00-Moving,637,True,True
output/fascia/frames/202207191643_00-Moving/00638.png,output/fascia/masks/202207191643_00-Moving/00638.png,202207191643_00-Moving,638,True,True
output/fascia/frames/202207191643_00-Moving/00639.png,output/fascia/masks/202207191643_00-Moving/00639.png,202207191643_00-Moving,639,True,True
output/fascia/frames/202207191643_00-Moving/00640.png,output/fascia/masks/202207191643_00-Moving/00640.png,202207191643_00-Moving,640,True,True
output/fascia/frames/202207191643_00-Moving/00641.png,output/fascia/masks/202207191643_00-Moving/00641.png,202207191643_00-Moving,641,True,True
output/fascia/frames/202207191643_00-Moving/00642.png,output/fascia/masks/202207191643_00-Moving/00642.png,202207191643_00-Moving,642,True,True
output/fascia/frames/202207191643_00-Moving/00643.png,output/fascia/masks/202207191643_00-Moving/00643.png,202207191643_00-Moving,643,True,True
output/fascia/frames/202207191643_00-Moving/00644.png,output/fascia/masks/202207191643_00-Moving/00644.png,202207191643_00-Moving,644,True,True
output/fascia/frames/202207191643_00-Moving/00645.png,output/fascia/masks/202207191643_00-Moving/00645.png,202207191643_00-Moving,645,True,True
output/fascia/frames/202207191643_00-Moving/00646.png,output/fascia/masks/202207191643_00-Moving/00646.png,202207191643_00-Moving,646,True,True
output/fascia/frames/202207191643_00-Moving/00647.png,output/fascia/masks/202207191643_00-Moving/00647.png,202207191643_00-Moving,647,True,True
output/fascia/frames/202207191643_00-Moving/00648.png,output/fascia/masks/202207191643_00-Moving/00648.png,202207191643_00-Moving,648,True,True
output/fascia/frames/202207191643_00-Moving/00649.png,output/fascia/masks/202207191643_00-Moving/00649.png,202207191643_00-Moving,649,True,True
output/fascia/frames/202207191643_00-Moving/00650.png,output/fascia/masks/202207191643_00-Moving/00650.png,202207191643_00-Moving,650,True,True
output/fascia/frames/202207191643_00-Moving/00651.png,output/fascia/masks/202207191643_00-Moving/00651.png,202207191643_00-Moving,651,True,True
output/fascia/frames/202207191643_00-Moving/00652.png,output/fascia/masks/202207191643_00-Moving/00652.png,202207191643_00-Moving,652,True,True
output/fascia/frames/202207191643_00-Moving/00653.png,output/fascia/masks/202207191643_00-Moving/00653.png,202207191643_00-Moving,653,True,True
output/fascia/frames/202207191643_00-Moving/00654.png,output/fascia/masks/202207191643_00-Moving/00654.png,202207191643_00-Moving,654,True,True
output/fascia/frames/202207191643_00-Moving/00655.png,output/fascia/masks/202207191643_00-Moving/00655.png,202207191643_00-Moving,655,True,True
output/fascia/frames/202207191643_00-Moving/00656.png,output/fascia/masks/202207191643_00-Moving/00656.png,202207191643_00-Moving,656,True,True
output/fascia/frames/202207191643_00-Moving/00657.png,output/fascia/masks/202207191643_00-Moving/00657.png,202207191643_00-Moving,657,True,True
output/fascia/frames/202207191643_00-Moving/00658.png,output/fascia/masks/202207191643_00-Moving/00658.png,202207191643_00-Moving,658,True,True
output/fascia/frames/202207191643_00-Moving/00659.png,output/fascia/masks/202207191643_00-Moving/00659.png,202207191643_00-Moving,659,True,True
output/fascia/frames/202207191643_00-Moving/00660.png,output/fascia/masks/202207191643_00-Moving/00660.png,202207191643_00-Moving,660,True,True
output/fascia/frames/202207191643_00-Moving/00661.png,output/fascia/masks/202207191643_00-Moving/00661.png,202207191643_00-Moving,661,True,True
output/fascia/frames/202207191643_00-Moving/00662.png,output/fascia/masks/202207191643_00-Moving/00662.png,202207191643_00-Moving,662,True,True
output/fascia/frames/202207191643_00-Moving/00663.png,output/fascia/masks/202207191643_00-Moving/00663.png,202207191643_00-Moving,663,True,True
output/fascia/frames/202207191643_00-Moving/00664.png,output/fascia/masks/202207191643_00-Moving/00664.png,202207191643_00-Moving,664,True,True
output/fascia/frames/202207191643_00-Moving/00665.png,output/fascia/masks/202207191643_00-Moving/00665.png,202207191643_00-Moving,665,True,True
output/fascia/frames/202207191643_00-Moving/00666.png,output/fascia/masks/202207191643_00-Moving/00666.png,202207191643_00-Moving,666,True,True
output/fascia/frames/202207191643_00-Moving/00667.png,output/fascia/masks/202207191643_00-Moving/00667.png,202207191643_00-Moving,667,True,True
output/fascia/frames/202207191643_00-Moving/00668.png,output/fascia/masks/202207191643_00-Moving/00668.png,202207191643_00-Moving,668,True,True
output/fascia/frames/202207191643_00-Moving/00669.png,output/fascia/masks/202207191643_00-Moving/00669.png,202207191643_00-Moving,669,True,True
output/fascia/frames/202207191643_00-Moving/00670.png,output/fascia/masks/202207191643_00-Moving/00670.png,202207191643_00-Moving,670,True,True
output/fascia/frames/202207191643_00-Moving/00671.png,output/fascia/masks/202207191643_00-Moving/00671.png,202207191643_00-Moving,671,True,True
output/fascia/frames/202207191643_00-Moving/00672.png,output/fascia/masks/202207191643_00-Moving/00672.png,202207191643_00-Moving,672,True,True
output/fascia/frames/202207191643_00-Moving/00673.png,output/fascia/masks/202207191643_00-Moving/00673.png,202207191643_00-Moving,673,True,True
output/fascia/frames/202207191643_00-Moving/00674.png,output/fascia/masks/202207191643_00-Moving/00674.png,202207191643_00-Moving,674,True,True
output/fascia/frames/202207191643_00-Moving/00675.png,output/fascia/masks/202207191643_00-Moving/00675.png,202207191643_00-Moving,675,True,True
output/fascia/frames/202207191643_00-Moving/00676.png,output/fascia/masks/202207191643_00-Moving/00676.png,202207191643_00-Moving,676,True,True
output/fascia/frames/202207191643_00-Moving/00677.png,output/fascia/masks/202207191643_00-Moving/00677.png,202207191643_00-Moving,677,True,True
output/fascia/frames/202207191643_00-Moving/00678.png,output/fascia/masks/202207191643_00-Moving/00678.png,202207191643_00-Moving,678,True,True
output/fascia/frames/202207191643_00-Moving/00679.png,output/fascia/masks/202207191643_00-Moving/00679.png,202207191643_00-Moving,679,True,True
output/fascia/frames/202207191643_00-Moving/00680.png,output/fascia/masks/202207191643_00-Moving/00680.png,202207191643_00-Moving,680,True,True
output/fascia/frames/202207191643_00-Moving/00681.png,output/fascia/masks/202207191643_00-Moving/00681.png,202207191643_00-Moving,681,True,True
output/fascia/frames/202207191643_00-Moving/00682.png,output/fascia/masks/202207191643_00-Moving/00682.png,202207191643_00-Moving,682,True,True
output/fascia/frames/202207191643_00-Moving/00683.png,output/fascia/masks/202207191643_00-Moving/00683.png,202207191643_00-Moving,683,True,True
output/fascia/frames/202207191643_00-Moving/00684.png,output/fascia/masks/202207191643_00-Moving/00684.png,202207191643_00-Moving,684,True,True
output/fascia/frames/202207191643_00-Moving/00685.png,output/fascia/masks/202207191643_00-Moving/00685.png,202207191643_00-Moving,685,True,True
output/fascia/frames/202207191643_00-Moving/00686.png,output/fascia/masks/202207191643_00-Moving/00686.png,202207191643_00-Moving,686,True,True
output/fascia/frames/202207191643_00-Moving/00687.png,output/fascia/masks/202207191643_00-Moving/00687.png,202207191643_00-Moving,687,True,True
output/fascia/frames/202207191643_00-Moving/00688.png,output/fascia/masks/202207191643_00-Moving/00688.png,202207191643_00-Moving,688,True,True
output/fascia/frames/202207191643_00-Moving/00689.png,output/fascia/masks/202207191643_00-Moving/00689.png,202207191643_00-Moving,689,True,True
output/fascia/frames/202207191643_00-Moving/00690.png,output/fascia/masks/202207191643_00-Moving/00690.png,202207191643_00-Moving,690,True,True
output/fascia/frames/202207191643_00-Moving/00691.png,output/fascia/masks/202207191643_00-Moving/00691.png,202207191643_00-Moving,691,True,True
output/fascia/frames/202207191643_00-Moving/00692.png,output/fascia/masks/202207191643_00-Moving/00692.png,202207191643_00-Moving,692,True,True
output/fascia/frames/202207191643_00-Moving/00693.png,output/fascia/masks/202207191643_00-Moving/00693.png,202207191643_00-Moving,693,True,True
output/fascia/frames/202207191643_00-Moving/00694.png,output/fascia/masks/202207191643_00-Moving/00694.png,202207191643_00-Moving,694,True,True
output/fascia/frames/202207191643_00-Moving/00695.png,output/fascia/masks/202207191643_00-Moving/00695.png,202207191643_00-Moving,695,True,True
output/fascia/frames/202207191643_00-Moving/00696.png,output/fascia/masks/202207191643_00-Moving/00696.png,202207191643_00-Moving,696,True,True
output/fascia/frames/202207191643_00-Moving/00697.png,output/fascia/masks/202207191643_00-Moving/00697.png,202207191643_00-Moving,697,True,True
output/fascia/frames/202207191643_00-Moving/00698.png,output/fascia/masks/202207191643_00-Moving/00698.png,202207191643_00-Moving,698,True,True
output/fascia/frames/202207191643_00-Moving/00699.png,output/fascia/masks/202207191643_00-Moving/00699.png,202207191643_00-Moving,699,True,True
output/fascia/frames/202207191643_00-Moving/00700.png,output/fascia/masks/202207191643_00-Moving/00700.png,202207191643_00-Moving,700,True,True
output/fascia/frames/202207191643_00-Moving/00701.png,output/fascia/masks/202207191643_00-Moving/00701.png,202207191643_00-Moving,701,True,True
output/fascia/frames/202207191643_00-Moving/00702.png,output/fascia/masks/202207191643_00-Moving/00702.png,202207191643_00-Moving,702,True,True
output/fascia/frames/202207191643_00-Moving/00703.png,output/fascia/masks/202207191643_00-Moving/00703.png,202207191643_00-Moving,703,True,True
output/fascia/frames/202207191643_00-Moving/00704.png,output/fascia/masks/202207191643_00-Moving/00704.png,202207191643_00-Moving,704,True,True
output/fascia/frames/202207191643_00-Moving/00705.png,output/fascia/masks/202207191643_00-Moving/00705.png,202207191643_00-Moving,705,True,True
output/fascia/frames/202207191643_00-Moving/00706.png,output/fascia/masks/202207191643_00-Moving/00706.png,202207191643_00-Moving,706,True,True
output/fascia/frames/202207191643_00-Moving/00707.png,output/fascia/masks/202207191643_00-Moving/00707.png,202207191643_00-Moving,707,True,True
output/fascia/frames/202207191643_00-Moving/00708.png,output/fascia/masks/202207191643_00-Moving/00708.png,202207191643_00-Moving,708,True,True
output/fascia/frames/202207191643_00-Moving/00709.png,output/fascia/masks/202207191643_00-Moving/00709.png,202207191643_00-Moving,709,True,True
output/fascia/frames/202207191643_00-Moving/00710.png,output/fascia/masks/202207191643_00-Moving/00710.png,202207191643_00-Moving,710,True,True
output/fascia/frames/202207191643_00-Moving/00711.png,output/fascia/masks/202207191643_00-Moving/00711.png,202207191643_00-Moving,711,True,True
output/fascia/frames/202207191643_00-Moving/00712.png,output/fascia/masks/202207191643_00-Moving/00712.png,202207191643_00-Moving,712,True,True
output/fascia/frames/202207191643_00-Moving/00713.png,output/fascia/masks/202207191643_00-Moving/00713.png,202207191643_00-Moving,713,True,True
output/fascia/frames/202207191643_00-Moving/00714.png,output/fascia/masks/202207191643_00-Moving/00714.png,202207191643_00-Moving,714,True,True
output/fascia/frames/202207191643_00-Moving/00715.png,output/fascia/masks/202207191643_00-Moving/00715.png,202207191643_00-Moving,715,True,True
output/fascia/frames/202207191643_00-Moving/00716.png,output/fascia/masks/202207191643_00-Moving/00716.png,202207191643_00-Moving,716,True,True
output/fascia/frames/202207191643_00-Moving/00717.png,output/fascia/masks/202207191643_00-Moving/00717.png,202207191643_00-Moving,717,True,True
output/fascia/frames/202207191643_00-Moving/00718.png,output/fascia/masks/202207191643_00-Moving/00718.png,202207191643_00-Moving,718,True,True
output/fascia/frames/202207191643_00-Moving/00719.png,output/fascia/masks/202207191643_00-Moving/00719.png,202207191643_00-Moving,719,True,True
output/fascia/frames/202207191643_00-Moving/00720.png,output/fascia/masks/202207191643_00-Moving/00720.png,202207191643_00-Moving,720,True,True
output/fascia/frames/202207191643_00-Moving/00721.png,output/fascia/masks/202207191643_00-Moving/00721.png,202207191643_00-Moving,721,True,True
output/fascia/frames/202207191643_00-Moving/00722.png,output/fascia/masks/202207191643_00-Moving/00722.png,202207191643_00-Moving,722,True,True
output/fascia/frames/202207191643_00-Moving/00723.png,output/fascia/masks/202207191643_00-Moving/00723.png,202207191643_00-Moving,723,True,True
output/fascia/frames/202207191643_00-Moving/00724.png,output/fascia/masks/202207191643_00-Moving/00724.png,202207191643_00-Moving,724,True,True
output/fascia/frames/202207191643_00-Moving/00725.png,output/fascia/masks/202207191643_00-Moving/00725.png,202207191643_00-Moving,725,True,True
output/fascia/frames/202207191643_00-Moving/00726.png,output/fascia/masks/202207191643_00-Moving/00726.png,202207191643_00-Moving,726,True,True
output/fascia/frames/202207191643_00-Moving/00727.png,output/fascia/masks/202207191643_00-Moving/00727.png,202207191643_00-Moving,727,True,True
output/fascia/frames/202207191643_00-Moving/00728.png,output/fascia/masks/202207191643_00-Moving/00728.png,202207191643_00-Moving,728,True,True
output/fascia/frames/202207191643_00-Moving/00729.png,output/fascia/masks/202207191643_00-Moving/00729.png,202207191643_00-Moving,729,True,True
output/fascia/frames/202207191643_00-Moving/00730.png,output/fascia/masks/202207191643_00-Moving/00730.png,202207191643_00-Moving,730,True,True
output/fascia/frames/202207191643_00-Moving/00731.png,output/fascia/masks/202207191643_00-Moving/00731.png,202207191643_00-Moving,731,True,True
output/fascia/frames/202207191643_00-Moving/00732.png,output/fascia/masks/202207191643_00-Moving/00732.png,202207191643_00-Moving,732,True,True
output/fascia/frames/202207191643_00-Moving/00733.png,output/fascia/masks/202207191643_00-Moving/00733.png,202207191643_00-Moving,733,True,True
output/fascia/frames/202207191643_00-Moving/00734.png,output/fascia/masks/202207191643_00-Moving/00734.png,202207191643_00-Moving,734,True,True
output/fascia/frames/202207191643_00-Moving/00735.png,output/fascia/masks/202207191643_00-Moving/00735.png,202207191643_00-Moving,735,True,True
output/fascia/frames/202207191643_00-Moving/00736.png,output/fascia/masks/202207191643_00-Moving/00736.png,202207191643_00-Moving,736,True,True
output/fascia/frames/202207191643_00-Moving/00737.png,output/fascia/masks/202207191643_00-Moving/00737.png,202207191643_00-Moving,737,True,True
output/fascia/frames/202207191643_00-Moving/00738.png,output/fascia/masks/202207191643_00-Moving/00738.png,202207191643_00-Moving,738,True,True
output/fascia/frames/202207191643_00-Moving/00739.png,output/fascia/masks/202207191643_00-Moving/00739.png,202207191643_00-Moving,739,True,True
output/fascia/frames/202207191643_00-Moving/00740.png,output/fascia/masks/202207191643_00-Moving/00740.png,202207191643_00-Moving,740,True,True
output/fascia/frames/202207191643_00-Moving/00741.png,output/fascia/masks/202207191643_00-Moving/00741.png,202207191643_00-Moving,741,True,True
output/fascia/frames/202207191643_00-Moving/00742.png,output/fascia/masks/202207191643_00-Moving/00742.png,202207191643_00-Moving,742,True,True
output/fascia/frames/202207191643_00-Moving/00743.png,output/fascia/masks/202207191643_00-Moving/00743.png,202207191643_00-Moving,743,True,True
output/fascia/frames/202207191643_00-Moving/00744.png,output/fascia/masks/202207191643_00-Moving/00744.png,202207191643_00-Moving,744,True,True
output/fascia/frames/202207191643_00-Moving/00745.png,output/fascia/masks/202207191643_00-Moving/00745.png,202207191643_00-Moving,745,True,True
output/fascia/frames/202207191643_00-Moving/00746.png,output/fascia/masks/202207191643_00-Moving/00746.png,202207191643_00-Moving,746,True,True
output/fascia/frames/202207191643_00-Moving/00747.png,output/fascia/masks/202207191643_00-Moving/00747.png,202207191643_00-Moving,747,True,True
output/fascia/frames/202207191643_00-Moving/00748.png,output/fascia/masks/202207191643_00-Moving/00748.png,202207191643_00-Moving,748,True,True
output/fascia/frames/202207191643_00-Moving/00749.png,output/fascia/masks/202207191643_00-Moving/00749.png,202207191643_00-Moving,749,True,True
output/fascia/frames/202207191643_00-Moving/00750.png,output/fascia/masks/202207191643_00-Moving/00750.png,202207191643_00-Moving,750,True,True
output/fascia/frames/202207191643_00-Moving/00751.png,output/fascia/masks/202207191643_00-Moving/00751.png,202207191643_00-Moving,751,True,True
output/fascia/frames/202207191643_00-Moving/00752.png,output/fascia/masks/202207191643_00-Moving/00752.png,202207191643_00-Moving,752,True,True
output/fascia/frames/202207191643_00-Moving/00753.png,output/fascia/masks/202207191643_00-Moving/00753.png,202207191643_00-Moving,753,True,True
output/fascia/frames/202207191643_00-Moving/00754.png,output/fascia/masks/202207191643_00-Moving/00754.png,202207191643_00-Moving,754,True,True
output/fascia/frames/202207191643_00-Moving/00755.png,output/fascia/masks/202207191643_00-Moving/00755.png,202207191643_00-Moving,755,True,True
output/fascia/frames/202207191643_00-Moving/00756.png,output/fascia/masks/202207191643_00-Moving/00756.png,202207191643_00-Moving,756,True,True
output/fascia/frames/202207191643_00-Moving/00757.png,output/fascia/masks/202207191643_00-Moving/00757.png,202207191643_00-Moving,757,True,True
output/fascia/frames/202207191643_00-Moving/00758.png,output/fascia/masks/202207191643_00-Moving/00758.png,202207191643_00-Moving,758,True,True
output/fascia/frames/202207191643_00-Moving/00759.png,output/fascia/masks/202207191643_00-Moving/00759.png,202207191643_00-Moving,759,True,True
output/fascia/frames/202207191643_00-Moving/00760.png,output/fascia/masks/202207191643_00-Moving/00760.png,202207191643_00-Moving,760,True,True
output/fascia/frames/202207191643_00-Moving/00761.png,output/fascia/masks/202207191643_00-Moving/00761.png,202207191643_00-Moving,761,True,True
output/fascia/frames/202207191643_00-Moving/00762.png,output/fascia/masks/202207191643_00-Moving/00762.png,202207191643_00-Moving,762,True,True
output/fascia/frames/202207191643_00-Moving/00763.png,output/fascia/masks/202207191643_00-Moving/00763.png,202207191643_00-Moving,763,True,True
output/fascia/frames/202207191643_00-Moving/00764.png,output/fascia/masks/202207191643_00-Moving/00764.png,202207191643_00-Moving,764,True,True
output/fascia/frames/202207191643_00-Moving/00765.png,output/fascia/masks/202207191643_00-Moving/00765.png,202207191643_00-Moving,765,True,True
output/fascia/frames/202207191643_00-Moving/00766.png,output/fascia/masks/202207191643_00-Moving/00766.png,202207191643_00-Moving,766,True,True
output/fascia/frames/202207191643_00-Moving/00767.png,output/fascia/masks/202207191643_00-Moving/00767.png,202207191643_00-Moving,767,True,True
output/fascia/frames/202207191643_00-Moving/00768.png,output/fascia/masks/202207191643_00-Moving/00768.png,202207191643_00-Moving,768,True,True
output/fascia/frames/202207191643_00-Moving/00769.png,output/fascia/masks/202207191643_00-Moving/00769.png,202207191643_00-Moving,769,True,True
output/fascia/frames/202207191643_00-Moving/00770.png,output/fascia/masks/202207191643_00-Moving/00770.png,202207191643_00-Moving,770,True,True
output/fascia/frames/202207191643_00-Moving/00771.png,output/fascia/masks/202207191643_00-Moving/00771.png,202207191643_00-Moving,771,True,True
output/fascia/frames/202207191643_00-Moving/00772.png,output/fascia/masks/202207191643_00-Moving/00772.png,202207191643_00-Moving,772,True,True
output/fascia/frames/202207191643_00-Moving/00773.png,output/fascia/masks/202207191643_00-Moving/00773.png,202207191643_00-Moving,773,True,True
output/fascia/frames/202207191643_00-Moving/00774.png,output/fascia/masks/202207191643_00-Moving/00774.png,202207191643_00-Moving,774,True,True
output/fascia/frames/202207191643_00-Moving/00775.png,output/fascia/masks/202207191643_00-Moving/00775.png,202207191643_00-Moving,775,True,True
output/fascia/frames/202207191643_00-Moving/00776.png,output/fascia/masks/202207191643_00-Moving/00776.png,202207191643_00-Moving,776,True,True
output/fascia/frames/202207191643_00-Moving/00777.png,output/fascia/masks/202207191643_00-Moving/00777.png,202207191643_00-Moving,777,True,True
output/fascia/frames/202207191643_00-Moving/00778.png,output/fascia/masks/202207191643_00-Moving/00778.png,202207191643_00-Moving,778,True,True
output/fascia/frames/202207191643_00-Moving/00779.png,output/fascia/masks/202207191643_00-Moving/00779.png,202207191643_00-Moving,779,True,True
output/fascia/frames/202207191643_00-Moving/00780.png,output/fascia/masks/202207191643_00-Moving/00780.png,202207191643_00-Moving,780,True,True
output/fascia/frames/202207191643_00-Moving/00781.png,output/fascia/masks/202207191643_00-Moving/00781.png,202207191643_00-Moving,781,True,True
output/fascia/frames/202207191643_00-Moving/00782.png,output/fascia/masks/202207191643_00-Moving/00782.png,202207191643_00-Moving,782,True,True
output/fascia/frames/202207191643_00-Moving/00783.png,output/fascia/masks/202207191643_00-Moving/00783.png,202207191643_00-Moving,783,True,True
output/fascia/frames/202207191643_00-Moving/00784.png,output/fascia/masks/202207191643_00-Moving/00784.png,202207191643_00-Moving,784,True,True
output/fascia/frames/202207191643_00-Moving/00785.png,output/fascia/masks/202207191643_00-Moving/00785.png,202207191643_00-Moving,785,True,True
output/fascia/frames/202207191643_00-Moving/00786.png,output/fascia/masks/202207191643_00-Moving/00786.png,202207191643_00-Moving,786,True,True
output/fascia/frames/202207191643_00-Moving/00787.png,output/fascia/masks/202207191643_00-Moving/00787.png,202207191643_00-Moving,787,True,True
output/fascia/frames/202207191643_00-Moving/00788.png,output/fascia/masks/202207191643_00-Moving/00788.png,202207191643_00-Moving,788,True,True
output/fascia/frames/202207191643_00-Moving/00789.png,output/fascia/masks/202207191643_00-Moving/00789.png,202207191643_00-Moving,789,True,True
output/fascia/frames/202207191643_00-Moving/00790.png,output/fascia/masks/202207191643_00-Moving/00790.png,202207191643_00-Moving,790,True,True
output/fascia/frames/202207191643_00-Moving/00791.png,output/fascia/masks/202207191643_00-Moving/00791.png,202207191643_00-Moving,791,True,True
output/fascia/frames/202207191643_00-Moving/00792.png,output/fascia/masks/202207191643_00-Moving/00792.png,202207191643_00-Moving,792,True,True
output/fascia/frames/202207191643_00-Moving/00793.png,output/fascia/masks/202207191643_00-Moving/00793.png,202207191643_00-Moving,793,True,True
output/fascia/frames/202207191643_00-Moving/00794.png,output/fascia/masks/202207191643_00-Moving/00794.png,202207191643_00-Moving,794,True,True
output/fascia/frames/202207191643_00-Moving/00795.png,output/fascia/masks/202207191643_00-Moving/00795.png,202207191643_00-Moving,795,True,True
output/fascia/frames/202207191643_00-Moving/00796.png,output/fascia/masks/202207191643_00-Moving/00796.png,202207191643_00-Moving,796,True,True
output/fascia/frames/202207191643_00-Moving/00797.png,output/fascia/masks/202207191643_00-Moving/00797.png,202207191643_00-Moving,797,True,True
output/fascia/frames/202207191643_00-Moving/00798.png,output/fascia/masks/202207191643_00-Moving/00798.png,202207191643_00-Moving,798,True,True
output/fascia/frames/202207191643_00-Moving/00799.png,output/fascia/masks/202207191643_00-Moving/00799.png,202207191643_00-Moving,799,True,True
output/fascia/frames/202207191643_00-Moving/00800.png,output/fascia/masks/202207191643_00-Moving/00800.png,202207191643_00-Moving,800,True,True
output/fascia/frames/202207191643_00-Moving/00801.png,output/fascia/masks/202207191643_00-Moving/00801.png,202207191643_00-Moving,801,True,True
output/fascia/frames/202207191643_00-Moving/00802.png,output/fascia/masks/202207191643_00-Moving/00802.png,202207191643_00-Moving,802,True,True
output/fascia/frames/202207191643_00-Moving/00803.png,output/fascia/masks/202207191643_00-Moving/00803.png,202207191643_00-Moving,803,True,True
output/fascia/frames/202207191643_00-Moving/00804.png,output/fascia/masks/202207191643_00-Moving/00804.png,202207191643_00-Moving,804,True,True
output/fascia/frames/202207191643_00-Moving/00805.png,output/fascia/masks/202207191643_00-Moving/00805.png,202207191643_00-Moving,805,True,True
output/fascia/frames/202207191643_00-Moving/00806.png,output/fascia/masks/202207191643_00-Moving/00806.png,202207191643_00-Moving,806,True,True
output/fascia/frames/202207191643_00-Moving/00807.png,output/fascia/masks/202207191643_00-Moving/00807.png,202207191643_00-Moving,807,True,True
output/fascia/frames/202207191643_00-Moving/00808.png,output/fascia/masks/202207191643_00-Moving/00808.png,202207191643_00-Moving,808,True,True
output/fascia/frames/202207191643_00-Moving/00809.png,output/fascia/masks/202207191643_00-Moving/00809.png,202207191643_00-Moving,809,True,True
output/fascia/frames/202207191643_00-Moving/00810.png,output/fascia/masks/202207191643_00-Moving/00810.png,202207191643_00-Moving,810,True,True
output/fascia/frames/202207191643_00-Moving/00811.png,output/fascia/masks/202207191643_00-Moving/00811.png,202207191643_00-Moving,811,True,True
output/fascia/frames/202207191643_00-Moving/00812.png,output/fascia/masks/202207191643_00-Moving/00812.png,202207191643_00-Moving,812,True,True
output/fascia/frames/202207191643_00-Moving/00813.png,output/fascia/masks/202207191643_00-Moving/00813.png,202207191643_00-Moving,813,True,True
output/fascia/frames/202207191643_00-Moving/00814.png,output/fascia/masks/202207191643_00-Moving/00814.png,202207191643_00-Moving,814,True,True
output/fascia/frames/202207191643_00-Moving/00815.png,output/fascia/masks/202207191643_00-Moving/00815.png,202207191643_00-Moving,815,True,True
output/fascia/frames/202207191643_00-Moving/00816.png,output/fascia/masks/202207191643_00-Moving/00816.png,202207191643_00-Moving,816,True,True
output/fascia/frames/202207191643_00-Moving/00817.png,output/fascia/masks/202207191643_00-Moving/00817.png,202207191643_00-Moving,817,True,True
output/fascia/frames/202207191643_00-Moving/00818.png,output/fascia/masks/202207191643_00-Moving/00818.png,202207191643_00-Moving,818,True,True
output/fascia/frames/202207191643_00-Moving/00819.png,output/fascia/masks/202207191643_00-Moving/00819.png,202207191643_00-Moving,819,True,True
output/fascia/frames/202207191643_00-Moving/00820.png,output/fascia/masks/202207191643_00-Moving/00820.png,202207191643_00-Moving,820,True,True
output/fascia/frames/202207191643_00-Moving/00821.png,output/fascia/masks/202207191643_00-Moving/00821.png,202207191643_00-Moving,821,True,True
output/fascia/frames/202207191643_00-Moving/00822.png,output/fascia/masks/202207191643_00-Moving/00822.png,202207191643_00-Moving,822,True,True
output/fascia/frames/202207191643_00-Moving/00823.png,output/fascia/masks/202207191643_00-Moving/00823.png,202207191643_00-Moving,823,True,True
output/fascia/frames/202207191643_00-Moving/00824.png,output/fascia/masks/202207191643_00-Moving/00824.png,202207191643_00-Moving,824,True,True
output/fascia/frames/202207191643_00-Moving/00825.png,output/fascia/masks/202207191643_00-Moving/00825.png,202207191643_00-Moving,825,True,True
output/fascia/frames/202207191643_00-Moving/00826.png,output/fascia/masks/202207191643_00-Moving/00826.png,202207191643_00-Moving,826,True,True
output/fascia/frames/202207191643_00-Moving/00827.png,output/fascia/masks/202207191643_00-Moving/00827.png,202207191643_00-Moving,827,True,True
output/fascia/frames/202207191643_00-Moving/00828.png,output/fascia/masks/202207191643_00-Moving/00828.png,202207191643_00-Moving,828,True,True
output/fascia/frames/202207191643_00-Moving/00829.png,output/fascia/masks/202207191643_00-Moving/00829.png,202207191643_00-Moving,829,True,True
output/fascia/frames/202207191643_00-Moving/00830.png,output/fascia/masks/202207191643_00-Moving/00830.png,202207191643_00-Moving,830,True,True
output/fascia/frames/202207191643_00-Moving/00831.png,output/fascia/masks/202207191643_00-Moving/00831.png,202207191643_00-Moving,831,True,True
output/fascia/frames/202207191643_00-Moving/00832.png,output/fascia/masks/202207191643_00-Moving/00832.png,202207191643_00-Moving,832,True,True
output/fascia/frames/202207191643_00-Moving/00833.png,output/fascia/masks/202207191643_00-Moving/00833.png,202207191643_00-Moving,833,True,True
output/fascia/frames/202207191643_00-Moving/00834.png,output/fascia/masks/202207191643_00-Moving/00834.png,202207191643_00-Moving,834,True,True
output/fascia/frames/202207191643_00-Moving/00835.png,output/fascia/masks/202207191643_00-Moving/00835.png,202207191643_00-Moving,835,True,True
output/fascia/frames/202207191643_00-Moving/00836.png,output/fascia/masks/202207191643_00-Moving/00836.png,202207191643_00-Moving,836,True,True
output/fascia/frames/202207191643_00-Moving/00837.png,output/fascia/masks/202207191643_00-Moving/00837.png,202207191643_00-Moving,837,True,True
output/fascia/frames/202207191643_00-Moving/00838.png,output/fascia/masks/202207191643_00-Moving/00838.png,202207191643_00-Moving,838,True,True
output/fascia/frames/202207191643_00-Moving/00839.png,output/fascia/masks/202207191643_00-Moving/00839.png,202207191643_00-Moving,839,True,True
output/fascia/frames/202207191643_00-Moving/00840.png,output/fascia/masks/202207191643_00-Moving/00840.png,202207191643_00-Moving,840,True,True
output/fascia/frames/202207191643_00-Moving/00841.png,output/fascia/masks/202207191643_00-Moving/00841.png,202207191643_00-Moving,841,True,True
output/fascia/frames/202207191643_00-Moving/00842.png,output/fascia/masks/202207191643_00-Moving/00842.png,202207191643_00-Moving,842,True,True
output/fascia/frames/202207191643_00-Moving/00843.png,output/fascia/masks/202207191643_00-Moving/00843.png,202207191643_00-Moving,843,True,True
output/fascia/frames/202207191643_00-Moving/00844.png,output/fascia/masks/202207191643_00-Moving/00844.png,202207191643_00-Moving,844,True,True
output/fascia/frames/202207191643_00-Moving/00845.png,output/fascia/masks/202207191643_00-Moving/00845.png,202207191643_00-Moving,845,True,True
output/fascia/frames/202207191643_00-Moving/00846.png,output/fascia/masks/202207191643_00-Moving/00846.png,202207191643_00-Moving,846,True,True
output/fascia/frames/202207191643_00-Moving/00847.png,output/fascia/masks/202207191643_00-Moving/00847.png,202207191643_00-Moving,847,True,True
output/fascia/frames/202207191643_00-Moving/00848.png,output/fascia/masks/202207191643_00-Moving/00848.png,202207191643_00-Moving,848,True,True
output/fascia/frames/202207191643_00-Moving/00849.png,output/fascia/masks/202207191643_00-Moving/00849.png,202207191643_00-Moving,849,True,True
output/fascia/frames/202207191643_00-Moving/00850.png,output/fascia/masks/202207191643_00-Moving/00850.png,202207191643_00-Moving,850,True,True
output/fascia/frames/202207191643_00-Moving/00851.png,output/fascia/masks/202207191643_00-Moving/00851.png,202207191643_00-Moving,851,True,True
output/fascia/frames/202207191643_00-Moving/00852.png,output/fascia/masks/202207191643_00-Moving/00852.png,202207191643_00-Moving,852,True,True
output/fascia/frames/202207191643_00-Moving/00853.png,output/fascia/masks/202207191643_00-Moving/00853.png,202207191643_00-Moving,853,True,True
output/fascia/frames/202207191643_00-Moving/00854.png,output/fascia/masks/202207191643_00-Moving/00854.png,202207191643_00-Moving,854,True,True
output/fascia/frames/202207191643_00-Moving/00855.png,output/fascia/masks/202207191643_00-Moving/00855.png,202207191643_00-Moving,855,True,True
output/fascia/frames/202207191643_00-Moving/00856.png,output/fascia/masks/202207191643_00-Moving/00856.png,202207191643_00-Moving,856,True,True
output/fascia/frames/202207191643_00-Moving/00857.png,output/fascia/masks/202207191643_00-Moving/00857.png,202207191643_00-Moving,857,True,True
output/fascia/frames/202207191643_00-Moving/00858.png,output/fascia/masks/202207191643_00-Moving/00858.png,202207191643_00-Moving,858,True,True
output/fascia/frames/202207191643_00-Moving/00859.png,output/fascia/masks/202207191643_00-Moving/00859.png,202207191643_00-Moving,859,True,True
output/fascia/frames/202207191643_00-Moving/00860.png,output/fascia/masks/202207191643_00-Moving/00860.png,202207191643_00-Moving,860,True,True
output/fascia/frames/202207191643_00-Moving/00861.png,output/fascia/masks/202207191643_00-Moving/00861.png,202207191643_00-Moving,861,True,True
output/fascia/frames/202207191643_00-Moving/00862.png,output/fascia/masks/202207191643_00-Moving/00862.png,202207191643_00-Moving,862,True,True
output/fascia/frames/202207191643_00-Moving/00863.png,output/fascia/masks/202207191643_00-Moving/00863.png,202207191643_00-Moving,863,True,True
output/fascia/frames/202207191643_00-Moving/00864.png,output/fascia/masks/202207191643_00-Moving/00864.png,202207191643_00-Moving,864,True,True
output/fascia/frames/202207191643_00-Moving/00865.png,output/fascia/masks/202207191643_00-Moving/00865.png,202207191643_00-Moving,865,True,True
output/fascia/frames/202207191643_00-Moving/00866.png,output/fascia/masks/202207191643_00-Moving/00866.png,202207191643_00-Moving,866,True,True
output/fascia/frames/202207191643_00-Moving/00867.png,output/fascia/masks/202207191643_00-Moving/00867.png,202207191643_00-Moving,867,True,True
output/fascia/frames/202207191643_00-Moving/00868.png,output/fascia/masks/202207191643_00-Moving/00868.png,202207191643_00-Moving,868,True,True
output/fascia/frames/202207191643_00-Moving/00869.png,output/fascia/masks/202207191643_00-Moving/00869.png,202207191643_00-Moving,869,True,True
output/fascia/frames/202207191643_00-Moving/00870.png,output/fascia/masks/202207191643_00-Moving/00870.png,202207191643_00-Moving,870,True,True
output/fascia/frames/202207191643_00-Moving/00871.png,output/fascia/masks/202207191643_00-Moving/00871.png,202207191643_00-Moving,871,True,True
output/fascia/frames/202207191643_00-Moving/00872.png,output/fascia/masks/202207191643_00-Moving/00872.png,202207191643_00-Moving,872,True,True
output/fascia/frames/202207191643_00-Moving/00873.png,output/fascia/masks/202207191643_00-Moving/00873.png,202207191643_00-Moving,873,True,True
output/fascia/frames/202207191643_00-Moving/00874.png,output/fascia/masks/202207191643_00-Moving/00874.png,202207191643_00-Moving,874,True,True
output/fascia/frames/202207191643_00-Moving/00875.png,output/fascia/masks/202207191643_00-Moving/00875.png,202207191643_00-Moving,875,True,True
output/fascia/frames/202207191643_00-Moving/00876.png,output/fascia/masks/202207191643_00-Moving/00876.png,202207191643_00-Moving,876,True,True
output/fascia/frames/202207191643_00-Moving/00877.png,output/fascia/masks/202207191643_00-Moving/00877.png,202207191643_00-Moving,877,True,True
output/fascia/frames/202207191643_00-Moving/00878.png,output/fascia/masks/202207191643_00-Moving/00878.png,202207191643_00-Moving,878,True,True
output/fascia/frames/202207191643_00-Moving/00879.png,output/fascia/masks/202207191643_00-Moving/00879.png,202207191643_00-Moving,879,True,True
output/fascia/frames/202207191643_00-Moving/00880.png,output/fascia/masks/202207191643_00-Moving/00880.png,202207191643_00-Moving,880,True,True
output/fascia/frames/202207191643_00-Moving/00881.png,output/fascia/masks/202207191643_00-Moving/00881.png,202207191643_00-Moving,881,True,True
output/fascia/frames/202207191643_00-Moving/00882.png,output/fascia/masks/202207191643_00-Moving/00882.png,202207191643_00-Moving,882,True,True
output/fascia/frames/202207191643_00-Moving/00883.png,output/fascia/masks/202207191643_00-Moving/00883.png,202207191643_00-Moving,883,True,True
output/fascia/frames/202207191643_00-Moving/00884.png,output/fascia/masks/202207191643_00-Moving/00884.png,202207191643_00-Moving,884,True,True
output/fascia/frames/202207191643_00-Moving/00885.png,output/fascia/masks/202207191643_00-Moving/00885.png,202207191643_00-Moving,885,True,True
output/fascia/frames/202207191643_00-Moving/00886.png,output/fascia/masks/202207191643_00-Moving/00886.png,202207191643_00-Moving,886,True,True
output/fascia/frames/202207191643_00-Moving/00887.png,output/fascia/masks/202207191643_00-Moving/00887.png,202207191643_00-Moving,887,True,True
output/fascia/frames/202207191643_00-Moving/00888.png,output/fascia/masks/202207191643_00-Moving/00888.png,202207191643_00-Moving,888,True,True
output/fascia/frames/202207191643_00-Moving/00889.png,output/fascia/masks/202207191643_00-Moving/00889.png,202207191643_00-Moving,889,True,True
output/fascia/frames/202207191643_00-Moving/00890.png,output/fascia/masks/202207191643_00-Moving/00890.png,202207191643_00-Moving,890,True,True
output/fascia/frames/202207191643_00-Moving/00891.png,output/fascia/masks/202207191643_00-Moving/00891.png,202207191643_00-Moving,891,True,True
output/fascia/frames/202207191643_00-Moving/00892.png,output/fascia/masks/202207191643_00-Moving/00892.png,202207191643_00-Moving,892,True,True
output/fascia/frames/202207191643_00-Moving/00893.png,output/fascia/masks/202207191643_00-Moving/00893.png,202207191643_00-Moving,893,True,True
output/fascia/frames/202207191643_00-Moving/00894.png,output/fascia/masks/202207191643_00-Moving/00894.png,202207191643_00-Moving,894,True,True
output/fascia/frames/202207191643_00-Moving/00895.png,output/fascia/masks/202207191643_00-Moving/00895.png,202207191643_00-Moving,895,True,True
output/fascia/frames/202207191643_00-Moving/00896.png,output/fascia/masks/202207191643_00-Moving/00896.png,202207191643_00-Moving,896,True,True
output/fascia/frames/202207191643_00-Moving/00897.png,output/fascia/masks/202207191643_00-Moving/00897.png,202207191643_00-Moving,897,True,True
output/fascia/frames/202207191643_00-Moving/00898.png,output/fascia/masks/202207191643_00-Moving/00898.png,202207191643_00-Moving,898,True,True
output/fascia/frames/202207191643_00-Moving/00899.png,output/fascia/masks/202207191643_00-Moving/00899.png,202207191643_00-Moving,899,True,True
output/fascia/frames/202207191643_00-Moving/00900.png,output/fascia/masks/202207191643_00-Moving/00900.png,202207191643_00-Moving,900,True,True
output/fascia/frames/202207191643_00-Moving/00901.png,output/fascia/masks/202207191643_00-Moving/00901.png,202207191643_00-Moving,901,True,True
output/fascia/frames/202207191643_00-Moving/00902.png,output/fascia/masks/202207191643_00-Moving/00902.png,202207191643_00-Moving,902,True,True
output/fascia/frames/202207191643_00-Moving/00903.png,output/fascia/masks/202207191643_00-Moving/00903.png,202207191643_00-Moving,903,True,True
output/fascia/frames/202207191643_00-Moving/00904.png,output/fascia/masks/202207191643_00-Moving/00904.png,202207191643_00-Moving,904,True,True
output/fascia/frames/202207191643_00-Moving/00905.png,output/fascia/masks/202207191643_00-Moving/00905.png,202207191643_00-Moving,905,True,True
output/fascia/frames/202207191643_00-Moving/00906.png,output/fascia/masks/202207191643_00-Moving/00906.png,202207191643_00-Moving,906,True,True
output/fascia/frames/202207191643_00-Moving/00907.png,output/fascia/masks/202207191643_00-Moving/00907.png,202207191643_00-Moving,907,True,True
output/fascia/frames/202207191643_00-Moving/00908.png,output/fascia/masks/202207191643_00-Moving/00908.png,202207191643_00-Moving,908,True,True
output/fascia/frames/202207191643_00-Moving/00909.png,output/fascia/masks/202207191643_00-Moving/00909.png,202207191643_00-Moving,909,True,True
output/fascia/frames/202207191643_00-Moving/00910.png,output/fascia/masks/202207191643_00-Moving/00910.png,202207191643_00-Moving,910,True,True
output/fascia/frames/202207191643_00-Moving/00911.png,output/fascia/masks/202207191643_00-Moving/00911.png,202207191643_00-Moving,911,True,True
output/fascia/frames/202207191643_00-Moving/00912.png,output/fascia/masks/202207191643_00-Moving/00912.png,202207191643_00-Moving,912,True,True
output/fascia/frames/202207191643_00-Moving/00913.png,output/fascia/masks/202207191643_00-Moving/00913.png,202207191643_00-Moving,913,True,True
output/fascia/frames/202207191643_00-Moving/00914.png,output/fascia/masks/202207191643_00-Moving/00914.png,202207191643_00-Moving,914,True,True
output/fascia/frames/202207191643_00-Moving/00915.png,output/fascia/masks/202207191643_00-Moving/00915.png,202207191643_00-Moving,915,True,True
output/fascia/frames/202207191643_00-Moving/00916.png,output/fascia/masks/202207191643_00-Moving/00916.png,202207191643_00-Moving,916,True,True
output/fascia/frames/202207191643_00-Moving/00917.png,output/fascia/masks/202207191643_00-Moving/00917.png,202207191643_00-Moving,917,True,True
output/fascia/frames/202207191643_00-Moving/00918.png,output/fascia/masks/202207191643_00-Moving/00918.png,202207191643_00-Moving,918,True,True
output/fascia/frames/202207191643_00-Moving/00919.png,output/fascia/masks/202207191643_00-Moving/00919.png,202207191643_00-Moving,919,True,True
output/fascia/frames/202207191643_00-Moving/00920.png,output/fascia/masks/202207191643_00-Moving/00920.png,202207191643_00-Moving,920,True,True
output/fascia/frames/202207191643_00-Moving/00921.png,output/fascia/masks/202207191643_00-Moving/00921.png,202207191643_00-Moving,921,True,True
output/fascia/frames/202207191643_00-Moving/00922.png,output/fascia/masks/202207191643_00-Moving/00922.png,202207191643_00-Moving,922,True,True
output/fascia/frames/202207191643_00-Moving/00923.png,output/fascia/masks/202207191643_00-Moving/00923.png,202207191643_00-Moving,923,True,True
output/fascia/frames/202207191643_00-Moving/00924.png,output/fascia/masks/202207191643_00-Moving/00924.png,202207191643_00-Moving,924,True,True
output/fascia/frames/202207191643_00-Moving/00925.png,output/fascia/masks/202207191643_00-Moving/00925.png,202207191643_00-Moving,925,True,True
output/fascia/frames/202207191643_00-Moving/00926.png,output/fascia/masks/202207191643_00-Moving/00926.png,202207191643_00-Moving,926,True,True
output/fascia/frames/202207191643_00-Moving/00927.png,output/fascia/masks/202207191643_00-Moving/00927.png,202207191643_00-Moving,927,True,True
output/fascia/frames/202207191643_00-Moving/00928.png,output/fascia/masks/202207191643_00-Moving/00928.png,202207191643_00-Moving,928,True,True
output/fascia/frames/202207191643_00-Moving/00929.png,output/fascia/masks/202207191643_00-Moving/00929.png,202207191643_00-Moving,929,True,True
output/fascia/frames/202207191643_00-Moving/00930.png,output/fascia/masks/202207191643_00-Moving/00930.png,202207191643_00-Moving,930,True,True
output/fascia/frames/202207191643_00-Moving/00931.png,output/fascia/masks/202207191643_00-Moving/00931.png,202207191643_00-Moving,931,True,True
output/fascia/frames/202207191643_00-Moving/00932.png,output/fascia/masks/202207191643_00-Moving/00932.png,202207191643_00-Moving,932,True,True
output/fascia/frames/202207191643_00-Moving/00933.png,output/fascia/masks/202207191643_00-Moving/00933.png,202207191643_00-Moving,933,True,True
output/fascia/frames/202207191643_00-Moving/00934.png,output/fascia/masks/202207191643_00-Moving/00934.png,202207191643_00-Moving,934,True,True
output/fascia/frames/202207191643_00-Moving/00935.png,output/fascia/masks/202207191643_00-Moving/00935.png,202207191643_00-Moving,935,True,True
output/fascia/frames/202207191643_00-Moving/00936.png,output/fascia/masks/202207191643_00-Moving/00936.png,202207191643_00-Moving,936,True,True
output/fascia/frames/202207191643_00-Moving/00937.png,output/fascia/masks/202207191643_00-Moving/00937.png,202207191643_00-Moving,937,True,True
output/fascia/frames/202207191643_00-Moving/00938.png,output/fascia/masks/202207191643_00-Moving/00938.png,202207191643_00-Moving,938,True,True
output/fascia/frames/202207191643_00-Moving/00939.png,output/fascia/masks/202207191643_00-Moving/00939.png,202207191643_00-Moving,939,True,True
output/fascia/frames/202207191643_00-Moving/00940.png,output/fascia/masks/202207191643_00-Moving/00940.png,202207191643_00-Moving,940,True,True
output/fascia/frames/202207191643_00-Moving/00941.png,output/fascia/masks/202207191643_00-Moving/00941.png,202207191643_00-Moving,941,True,True
output/fascia/frames/202207191643_00-Moving/00942.png,output/fascia/masks/202207191643_00-Moving/00942.png,202207191643_00-Moving,942,True,True
output/fascia/frames/202207191643_00-Moving/00943.png,output/fascia/masks/202207191643_00-Moving/00943.png,202207191643_00-Moving,943,True,True
output/fascia/frames/202207191643_00-Moving/00944.png,output/fascia/masks/202207191643_00-Moving/00944.png,202207191643_00-Moving,944,True,True
output/fascia/frames/202207191643_00-Moving/00945.png,output/fascia/masks/202207191643_00-Moving/00945.png,202207191643_00-Moving,945,True,True
output/fascia/frames/202207191643_00-Moving/00946.png,output/fascia/masks/202207191643_00-Moving/00946.png,202207191643_00-Moving,946,True,True
output/fascia/frames/202207191643_00-Moving/00947.png,output/fascia/masks/202207191643_00-Moving/00947.png,202207191643_00-Moving,947,True,True
output/fascia/frames/202207191643_00-Moving/00948.png,output/fascia/masks/202207191643_00-Moving/00948.png,202207191643_00-Moving,948,True,True
output/fascia/frames/202207191643_00-Moving/00949.png,output/fascia/masks/202207191643_00-Moving/00949.png,202207191643_00-Moving,949,True,True
output/fascia/frames/202207191643_00-Moving/00950.png,output/fascia/masks/202207191643_00-Moving/00950.png,202207191643_00-Moving,950,True,True
output/fascia/frames/202207191643_00-Moving/00951.png,output/fascia/masks/202207191643_00-Moving/00951.png,202207191643_00-Moving,951,True,True
output/fascia/frames/202207191643_00-Moving/00952.png,output/fascia/masks/202207191643_00-Moving/00952.png,202207191643_00-Moving,952,True,True
output/fascia/frames/202207191643_00-Moving/00953.png,output/fascia/masks/202207191643_00-Moving/00953.png,202207191643_00-Moving,953,True,True
output/fascia/frames/202207191643_00-Moving/00954.png,output/fascia/masks/202207191643_00-Moving/00954.png,202207191643_00-Moving,954,True,True
output/fascia/frames/202207191643_00-Moving/00955.png,output/fascia/masks/202207191643_00-Moving/00955.png,202207191643_00-Moving,955,True,True
output/fascia/frames/202207191643_00-Moving/00956.png,output/fascia/masks/202207191643_00-Moving/00956.png,202207191643_00-Moving,956,True,True
output/fascia/frames/202207191643_00-Moving/00957.png,output/fascia/masks/202207191643_00-Moving/00957.png,202207191643_00-Moving,957,True,True
output/fascia/frames/202207191643_00-Moving/00958.png,output/fascia/masks/202207191643_00-Moving/00958.png,202207191643_00-Moving,958,True,True
output/fascia/frames/202207191643_00-Moving/00959.png,output/fascia/masks/202207191643_00-Moving/00959.png,202207191643_00-Moving,959,True,True
output/fascia/frames/202207191643_00-Moving/00960.png,output/fascia/masks/202207191643_00-Moving/00960.png,202207191643_00-Moving,960,True,True
output/fascia/frames/202207191643_00-Moving/00961.png,output/fascia/masks/202207191643_00-Moving/00961.png,202207191643_00-Moving,961,True,True
output/fascia/frames/202207191643_00-Moving/00962.png,output/fascia/masks/202207191643_00-Moving/00962.png,202207191643_00-Moving,962,True,True
output/fascia/frames/202207191643_00-Moving/00963.png,output/fascia/masks/202207191643_00-Moving/00963.png,202207191643_00-Moving,963,True,True
output/fascia/frames/202207191643_00-Moving/00964.png,output/fascia/masks/202207191643_00-Moving/00964.png,202207191643_00-Moving,964,True,True
output/fascia/frames/202207191643_00-Moving/00965.png,output/fascia/masks/202207191643_00-Moving/00965.png,202207191643_00-Moving,965,True,True
output/fascia/frames/202207191643_00-Moving/00966.png,output/fascia/masks/202207191643_00-Moving/00966.png,202207191643_00-Moving,966,True,True
output/fascia/frames/202207191643_00-Moving/00967.png,output/fascia/masks/202207191643_00-Moving/00967.png,202207191643_00-Moving,967,True,True
output/fascia/frames/202207191643_00-Moving/00968.png,output/fascia/masks/202207191643_00-Moving/00968.png,202207191643_00-Moving,968,True,True
output/fascia/frames/202207191643_00-Moving/00969.png,output/fascia/masks/202207191643_00-Moving/00969.png,202207191643_00-Moving,969,True,True
output/fascia/frames/202207191643_00-Moving/00970.png,output/fascia/masks/202207191643_00-Moving/00970.png,202207191643_00-Moving,970,True,True
output/fascia/frames/202207191643_00-Moving/00971.png,output/fascia/masks/202207191643_00-Moving/00971.png,202207191643_00-Moving,971,True,True
output/fascia/frames/202207191643_00-Moving/00972.png,output/fascia/masks/202207191643_00-Moving/00972.png,202207191643_00-Moving,972,True,True
output/fascia/frames/202207191643_00-Moving/00973.png,output/fascia/masks/202207191643_00-Moving/00973.png,202207191643_00-Moving,973,True,True
output/fascia/frames/202207191643_00-Moving/00974.png,output/fascia/masks/202207191643_00-Moving/00974.png,202207191643_00-Moving,974,True,True
output/fascia/frames/202207191643_00-Moving/00975.png,output/fascia/masks/202207191643_00-Moving/00975.png,202207191643_00-Moving,975,True,True
output/fascia/frames/202207191643_00-Moving/00976.png,output/fascia/masks/202207191643_00-Moving/00976.png,202207191643_00-Moving,976,True,True
output/fascia/frames/202207191643_00-Moving/00977.png,output/fascia/masks/202207191643_00-Moving/00977.png,202207191643_00-Moving,977,True,True
output/fascia/frames/202207191643_00-Moving/00978.png,output/fascia/masks/202207191643_00-Moving/00978.png,202207191643_00-Moving,978,True,True
output/fascia/frames/202207191643_00-Moving/00979.png,output/fascia/masks/202207191643_00-Moving/00979.png,202207191643_00-Moving,979,True,True
output/fascia/frames/202207191643_00-Moving/00980.png,output/fascia/masks/202207191643_00-Moving/00980.png,202207191643_00-Moving,980,True,True
output/fascia/frames/202207191643_00-Moving/00981.png,output/fascia/masks/202207191643_00-Moving/00981.png,202207191643_00-Moving,981,True,True
output/fascia/frames/202207191643_00-Moving/00982.png,output/fascia/masks/202207191643_00-Moving/00982.png,202207191643_00-Moving,982,True,True
output/fascia/frames/202207191643_00-Moving/00983.png,output/fascia/masks/202207191643_00-Moving/00983.png,202207191643_00-Moving,983,True,True
output/fascia/frames/202207191643_00-Moving/00984.png,output/fascia/masks/202207191643_00-Moving/00984.png,202207191643_00-Moving,984,True,True
output/fascia/frames/202207191643_00-Moving/00985.png,output/fascia/masks/202207191643_00-Moving/00985.png,202207191643_00-Moving,985,True,True
output/fascia/frames/202207191643_00-Moving/00986.png,output/fascia/masks/202207191643_00-Moving/00986.png,202207191643_00-Moving,986,True,True
output/fascia/frames/202207191643_00-Moving/00987.png,output/fascia/masks/202207191643_00-Moving/00987.png,202207191643_00-Moving,987,True,True
output/fascia/frames/202207191643_00-Moving/00988.png,output/fascia/masks/202207191643_00-Moving/00988.png,202207191643_00-Moving,988,True,True
output/fascia/frames/202207191643_00-Moving/00989.png,output/fascia/masks/202207191643_00-Moving/00989.png,202207191643_00-Moving,989,True,True
output/fascia/frames/202207191643_00-Moving/00990.png,output/fascia/masks/202207191643_00-Moving/00990.png,202207191643_00-Moving,990,True,True
output/fascia/frames/202207191643_00-Moving/00991.png,output/fascia/masks/202207191643_00-Moving/00991.png,202207191643_00-Moving,991,True,True
output/fascia/frames/202207191643_00-Moving/00992.png,output/fascia/masks/202207191643_00-Moving/00992.png,202207191643_00-Moving,992,True,True
output/fascia/frames/202207191643_00-Moving/00993.png,output/fascia/masks/202207191643_00-Moving/00993.png,202207191643_00-Moving,993,True,True
output/fascia/frames/202207191643_00-Moving/00994.png,output/fascia/masks/202207191643_00-Moving/00994.png,202207191643_00-Moving,994,True,True
output/fascia/frames/202207191643_00-Moving/00995.png,output/fascia/masks/202207191643_00-Moving/00995.png,202207191643_00-Moving,995,True,True
output/fascia/frames/202207191643_00-Moving/00996.png,output/fascia/masks/202207191643_00-Moving/00996.png,202207191643_00-Moving,996,True,True
output/fascia/frames/202207191643_00-Moving/00997.png,output/fascia/masks/202207191643_00-Moving/00997.png,202207191643_00-Moving,997,True,True
output/fascia/frames/202207191643_00-Moving/00998.png,output/fascia/masks/202207191643_00-Moving/00998.png,202207191643_00-Moving,998,True,True
output/fascia/frames/202207191643_00-Moving/00999.png,output/fascia/masks/202207191643_00-Moving/00999.png,202207191643_00-Moving,999,True,True
output/fascia/frames/202207191643_00-Moving/01000.png,output/fascia/masks/202207191643_00-Moving/01000.png,202207191643_00-Moving,1000,True,True
output/fascia/frames/202207191643_00-Moving/01001.png,output/fascia/masks/202207191643_00-Moving/01001.png,202207191643_00-Moving,1001,True,True
output/fascia/frames/202207191643_00-Moving/01002.png,output/fascia/masks/202207191643_00-Moving/01002.png,202207191643_00-Moving,1002,True,True
output/fascia/frames/202207191643_00-Moving/01003.png,output/fascia/masks/202207191643_00-Moving/01003.png,202207191643_00-Moving,1003,True,True
output/fascia/frames/202207191643_00-Moving/01004.png,output/fascia/masks/202207191643_00-Moving/01004.png,202207191643_00-Moving,1004,True,True
output/fascia/frames/202207191643_00-Moving/01005.png,output/fascia/masks/202207191643_00-Moving/01005.png,202207191643_00-Moving,1005,True,True
output/fascia/frames/202207191643_00-Moving/01006.png,output/fascia/masks/202207191643_00-Moving/01006.png,202207191643_00-Moving,1006,True,True
output/fascia/frames/202207191643_00-Moving/01007.png,output/fascia/masks/202207191643_00-Moving/01007.png,202207191643_00-Moving,1007,True,True
output/fascia/frames/202207191643_00-Moving/01008.png,output/fascia/masks/202207191643_00-Moving/01008.png,202207191643_00-Moving,1008,True,True
output/fascia/frames/202207191643_00-Moving/01009.png,output/fascia/masks/202207191643_00-Moving/01009.png,202207191643_00-Moving,1009,True,True
output/fascia/frames/202207191643_00-Moving/01010.png,output/fascia/masks/202207191643_00-Moving/01010.png,202207191643_00-Moving,1010,True,True
output/fascia/frames/202207191643_00-Moving/01011.png,output/fascia/masks/202207191643_00-Moving/01011.png,202207191643_00-Moving,1011,True,True
output/fascia/frames/202207191643_00-Moving/01012.png,output/fascia/masks/202207191643_00-Moving/01012.png,202207191643_00-Moving,1012,True,True
output/fascia/frames/202207191643_00-Moving/01013.png,output/fascia/masks/202207191643_00-Moving/01013.png,202207191643_00-Moving,1013,True,True
output/fascia/frames/202207191643_00-Moving/01014.png,output/fascia/masks/202207191643_00-Moving/01014.png,202207191643_00-Moving,1014,True,True
output/fascia/frames/202207191643_00-Moving/01015.png,output/fascia/masks/202207191643_00-Moving/01015.png,202207191643_00-Moving,1015,True,True
output/fascia/frames/202207191643_00-Moving/01016.png,output/fascia/masks/202207191643_00-Moving/01016.png,202207191643_00-Moving,1016,True,True
output/fascia/frames/202207191643_00-Moving/01017.png,output/fascia/masks/202207191643_00-Moving/01017.png,202207191643_00-Moving,1017,True,True
output/fascia/frames/202207191643_00-Moving/01018.png,output/fascia/masks/202207191643_00-Moving/01018.png,202207191643_00-Moving,1018,True,True
output/fascia/frames/202207191643_00-Moving/01019.png,output/fascia/masks/202207191643_00-Moving/01019.png,202207191643_00-Moving,1019,True,True
output/fascia/frames/202207191643_00-Moving/01020.png,output/fascia/masks/202207191643_00-Moving/01020.png,202207191643_00-Moving,1020,True,True
output/fascia/frames/202207191643_00-Moving/01021.png,output/fascia/masks/202207191643_00-Moving/01021.png,202207191643_00-Moving,1021,True,True
output/fascia/frames/202207191643_00-Moving/01022.png,output/fascia/masks/202207191643_00-Moving/01022.png,202207191643_00-Moving,1022,True,True
output/fascia/frames/202207191643_00-Moving/01023.png,output/fascia/masks/202207191643_00-Moving/01023.png,202207191643_00-Moving,1023,True,True
output/fascia/frames/202207191643_00-Moving/01024.png,output/fascia/masks/202207191643_00-Moving/01024.png,202207191643_00-Moving,1024,True,True
output/fascia/frames/202207191643_00-Moving/01025.png,output/fascia/masks/202207191643_00-Moving/01025.png,202207191643_00-Moving,1025,True,True
output/fascia/frames/202207191643_00-Moving/01026.png,output/fascia/masks/202207191643_00-Moving/01026.png,202207191643_00-Moving,1026,True,True
output/fascia/frames/202207191643_00-Moving/01027.png,output/fascia/masks/202207191643_00-Moving/01027.png,202207191643_00-Moving,1027,True,True
output/fascia/frames/202207191643_00-Moving/01028.png,output/fascia/masks/202207191643_00-Moving/01028.png,202207191643_00-Moving,1028,True,True
output/fascia/frames/202207191643_00-Moving/01029.png,output/fascia/masks/202207191643_00-Moving/01029.png,202207191643_00-Moving,1029,True,True
output/fascia/frames/202207191643_00-Moving/01030.png,output/fascia/masks/202207191643_00-Moving/01030.png,202207191643_00-Moving,1030,True,True
output/fascia/frames/202207191643_00-Moving/01031.png,output/fascia/masks/202207191643_00-Moving/01031.png,202207191643_00-Moving,1031,True,True
output/fascia/frames/202207191643_00-Moving/01032.png,output/fascia/masks/202207191643_00-Moving/01032.png,202207191643_00-Moving,1032,True,True
output/fascia/frames/202207191643_00-Moving/01033.png,output/fascia/masks/202207191643_00-Moving/01033.png,202207191643_00-Moving,1033,True,True
output/fascia/frames/202207191643_00-Moving/01034.png,output/fascia/masks/202207191643_00-Moving/01034.png,202207191643_00-Moving,1034,True,True
output/fascia/frames/202207191643_00-Moving/01035.png,output/fascia/masks/202207191643_00-Moving/01035.png,202207191643_00-Moving,1035,True,True
output/fascia/frames/202207191643_00-Moving/01036.png,output/fascia/masks/202207191643_00-Moving/01036.png,202207191643_00-Moving,1036,True,True
output/fascia/frames/202207191643_00-Moving/01037.png,output/fascia/masks/202207191643_00-Moving/01037.png,202207191643_00-Moving,1037,True,True
output/fascia/frames/202207191643_00-Moving/01038.png,output/fascia/masks/202207191643_00-Moving/01038.png,202207191643_00-Moving,1038,True,True
output/fascia/frames/202207191643_00-Moving/01039.png,output/fascia/masks/202207191643_00-Moving/01039.png,202207191643_00-Moving,1039,True,True
output/fascia/frames/202207191643_00-Moving/01040.png,output/fascia/masks/202207191643_00-Moving/01040.png,202207191643_00-Moving,1040,True,True
output/fascia/frames/202207191643_00-Moving/01041.png,output/fascia/masks/202207191643_00-Moving/01041.png,202207191643_00-Moving,1041,True,True
output/fascia/frames/202207191643_00-Moving/01042.png,output/fascia/masks/202207191643_00-Moving/01042.png,202207191643_00-Moving,1042,True,True
output/fascia/frames/202207191643_00-Moving/01043.png,output/fascia/masks/202207191643_00-Moving/01043.png,202207191643_00-Moving,1043,True,True
output/fascia/frames/202207191643_00-Moving/01044.png,output/fascia/masks/202207191643_00-Moving/01044.png,202207191643_00-Moving,1044,True,True
output/fascia/frames/202207191643_00-Moving/01045.png,output/fascia/masks/202207191643_00-Moving/01045.png,202207191643_00-Moving,1045,True,True
output/fascia/frames/202207191643_00-Moving/01046.png,output/fascia/masks/202207191643_00-Moving/01046.png,202207191643_00-Moving,1046,True,True
output/fascia/frames/202207191643_00-Moving/01047.png,output/fascia/masks/202207191643_00-Moving/01047.png,202207191643_00-Moving,1047,True,True
output/fascia/frames/202207191643_00-Moving/01048.png,output/fascia/masks/202207191643_00-Moving/01048.png,202207191643_00-Moving,1048,True,True
output/fascia/frames/202207191643_00-Moving/01049.png,output/fascia/masks/202207191643_00-Moving/01049.png,202207191643_00-Moving,1049,True,True
output/fascia/frames/202207191643_00-Moving/01050.png,output/fascia/masks/202207191643_00-Moving/01050.png,202207191643_00-Moving,1050,True,True
output/fascia/frames/202207191643_00-Moving/01051.png,output/fascia/masks/202207191643_00-Moving/01051.png,202207191643_00-Moving,1051,True,True
output/fascia/frames/202207191643_00-Moving/01052.png,output/fascia/masks/202207191643_00-Moving/01052.png,202207191643_00-Moving,1052,True,True
output/fascia/frames/202207191643_00-Moving/01053.png,output/fascia/masks/202207191643_00-Moving/01053.png,202207191643_00-Moving,1053,True,True
output/fascia/frames/202207191643_00-Moving/01054.png,output/fascia/masks/202207191643_00-Moving/01054.png,202207191643_00-Moving,1054,True,True
output/fascia/frames/202207191643_00-Moving/01055.png,output/fascia/masks/202207191643_00-Moving/01055.png,202207191643_00-Moving,1055,True,True
output/fascia/frames/202207191643_00-Moving/01056.png,output/fascia/masks/202207191643_00-Moving/01056.png,202207191643_00-Moving,1056,True,True
output/fascia/frames/202207191643_00-Moving/01057.png,output/fascia/masks/202207191643_00-Moving/01057.png,202207191643_00-Moving,1057,True,True
output/fascia/frames/202207191643_00-Moving/01058.png,output/fascia/masks/202207191643_00-Moving/01058.png,202207191643_00-Moving,1058,True,True
output/fascia/frames/202207191643_00-Moving/01059.png,output/fascia/masks/202207191643_00-Moving/01059.png,202207191643_00-Moving,1059,True,True
output/fascia/frames/202207191643_00-Moving/01060.png,output/fascia/masks/202207191643_00-Moving/01060.png,202207191643_00-Moving,1060,True,True
output/fascia/frames/202207191643_00-Moving/01061.png,output/fascia/masks/202207191643_00-Moving/01061.png,202207191643_00-Moving,1061,True,True
output/fascia/frames/202207191643_00-Moving/01062.png,output/fascia/masks/202207191643_00-Moving/01062.png,202207191643_00-Moving,1062,True,True
output/fascia/frames/202207191643_00-Moving/01063.png,output/fascia/masks/202207191643_00-Moving/01063.png,202207191643_00-Moving,1063,True,True
output/fascia/frames/202207191643_00-Moving/01064.png,output/fascia/masks/202207191643_00-Moving/01064.png,202207191643_00-Moving,1064,True,True
output/fascia/frames/202207191643_00-Moving/01065.png,output/fascia/masks/202207191643_00-Moving/01065.png,202207191643_00-Moving,1065,True,True
output/fascia/frames/202207191643_00-Moving/01066.png,output/fascia/masks/202207191643_00-Moving/01066.png,202207191643_00-Moving,1066,True,True
output/fascia/frames/202207191643_00-Moving/01067.png,output/fascia/masks/202207191643_00-Moving/01067.png,202207191643_00-Moving,1067,True,True
output/fascia/frames/202207191643_00-Moving/01068.png,output/fascia/masks/202207191643_00-Moving/01068.png,202207191643_00-Moving,1068,True,True
output/fascia/frames/202207191643_00-Moving/01069.png,output/fascia/masks/202207191643_00-Moving/01069.png,202207191643_00-Moving,1069,True,True
output/fascia/frames/202207191643_00-Moving/01070.png,output/fascia/masks/202207191643_00-Moving/01070.png,202207191643_00-Moving,1070,True,True
output/fascia/frames/202207191643_00-Moving/01071.png,output/fascia/masks/202207191643_00-Moving/01071.png,202207191643_00-Moving,1071,True,True
output/fascia/frames/202207191643_00-Moving/01072.png,output/fascia/masks/202207191643_00-Moving/01072.png,202207191643_00-Moving,1072,True,True
output/fascia/frames/202207191643_00-Moving/01073.png,output/fascia/masks/202207191643_00-Moving/01073.png,202207191643_00-Moving,1073,True,True
output/fascia/frames/202207191643_00-Moving/01074.png,output/fascia/masks/202207191643_00-Moving/01074.png,202207191643_00-Moving,1074,True,True
output/fascia/frames/202207191643_00-Moving/01075.png,output/fascia/masks/202207191643_00-Moving/01075.png,202207191643_00-Moving,1075,True,True
output/fascia/frames/202207191643_00-Moving/01076.png,output/fascia/masks/202207191643_00-Moving/01076.png,202207191643_00-Moving,1076,True,True
output/fascia/frames/202207191643_00-Moving/01077.png,output/fascia/masks/202207191643_00-Moving/01077.png,202207191643_00-Moving,1077,True,True
output/fascia/frames/202207191643_00-Moving/01078.png,output/fascia/masks/202207191643_00-Moving/01078.png,202207191643_00-Moving,1078,True,True
output/fascia/frames/202207191643_00-Moving/01079.png,output/fascia/masks/202207191643_00-Moving/01079.png,202207191643_00-Moving,1079,True,True
output/fascia/frames/202207191643_00-Moving/01080.png,output/fascia/masks/202207191643_00-Moving/01080.png,202207191643_00-Moving,1080,True,True
output/fascia/frames/202207191643_00-Moving/01081.png,output/fascia/masks/202207191643_00-Moving/01081.png,202207191643_00-Moving,1081,True,True
output/fascia/frames/202207191643_00-Moving/01082.png,output/fascia/masks/202207191643_00-Moving/01082.png,202207191643_00-Moving,1082,True,True
output/fascia/frames/202207191643_00-Moving/01083.png,output/fascia/masks/202207191643_00-Moving/01083.png,202207191643_00-Moving,1083,True,True
output/fascia/frames/202207191643_00-Moving/01084.png,output/fascia/masks/202207191643_00-Moving/01084.png,202207191643_00-Moving,1084,True,True
output/fascia/frames/202207191643_00-Moving/01085.png,output/fascia/masks/202207191643_00-Moving/01085.png,202207191643_00-Moving,1085,True,True
output/fascia/frames/202207191643_00-Moving/01086.png,output/fascia/masks/202207191643_00-Moving/01086.png,202207191643_00-Moving,1086,True,True
output/fascia/frames/202207191643_00-Moving/01087.png,output/fascia/masks/202207191643_00-Moving/01087.png,202207191643_00-Moving,1087,True,True
output/fascia/frames/202207191643_00-Moving/01088.png,output/fascia/masks/202207191643_00-Moving/01088.png,202207191643_00-Moving,1088,True,True
output/fascia/frames/202207191643_00-Moving/01089.png,output/fascia/masks/202207191643_00-Moving/01089.png,202207191643_00-Moving,1089,True,True
output/fascia/frames/202207191643_00-Moving/01090.png,output/fascia/masks/202207191643_00-Moving/01090.png,202207191643_00-Moving,1090,True,True
output/fascia/frames/202207191643_00-Moving/01091.png,output/fascia/masks/202207191643_00-Moving/01091.png,202207191643_00-Moving,1091,True,True
output/fascia/frames/202207191643_00-Moving/01092.png,output/fascia/masks/202207191643_00-Moving/01092.png,202207191643_00-Moving,1092,True,True
output/fascia/frames/202207191643_00-Moving/01093.png,output/fascia/masks/202207191643_00-Moving/01093.png,202207191643_00-Moving,1093,True,True
output/fascia/frames/202207191643_00-Moving/01094.png,output/fascia/masks/202207191643_00-Moving/01094.png,202207191643_00-Moving,1094,True,True
output/fascia/frames/202207191643_00-Moving/01095.png,output/fascia/masks/202207191643_00-Moving/01095.png,202207191643_00-Moving,1095,True,True
output/fascia/frames/202207191643_00-Moving/01096.png,output/fascia/masks/202207191643_00-Moving/01096.png,202207191643_00-Moving,1096,True,True
output/fascia/frames/202207191643_00-Moving/01097.png,output/fascia/masks/202207191643_00-Moving/01097.png,202207191643_00-Moving,1097,True,True
output/fascia/frames/202207191643_00-Moving/01098.png,output/fascia/masks/202207191643_00-Moving/01098.png,202207191643_00-Moving,1098,True,True
output/fascia/frames/202207191643_00-Moving/01099.png,output/fascia/masks/202207191643_00-Moving/01099.png,202207191643_00-Moving,1099,True,True
output/fascia/frames/202207191643_00-Moving/01100.png,output/fascia/masks/202207191643_00-Moving/01100.png,202207191643_00-Moving,1100,True,True
output/fascia/frames/202207191643_00-Moving/01101.png,output/fascia/masks/202207191643_00-Moving/01101.png,202207191643_00-Moving,1101,True,True
output/fascia/frames/202207191643_00-Moving/01102.png,output/fascia/masks/202207191643_00-Moving/01102.png,202207191643_00-Moving,1102,True,True
output/fascia/frames/202207191643_00-Moving/01103.png,output/fascia/masks/202207191643_00-Moving/01103.png,202207191643_00-Moving,1103,True,True
output/fascia/frames/202207191643_00-Moving/01104.png,output/fascia/masks/202207191643_00-Moving/01104.png,202207191643_00-Moving,1104,True,True
output/fascia/frames/202207191643_00-Moving/01105.png,output/fascia/masks/202207191643_00-Moving/01105.png,202207191643_00-Moving,1105,True,True
output/fascia/frames/202207191643_00-Moving/01106.png,output/fascia/masks/202207191643_00-Moving/01106.png,202207191643_00-Moving,1106,True,True
output/fascia/frames/202207191643_00-Moving/01107.png,output/fascia/masks/202207191643_00-Moving/01107.png,202207191643_00-Moving,1107,True,True
output/fascia/frames/202207191643_00-Moving/01108.png,output/fascia/masks/202207191643_00-Moving/01108.png,202207191643_00-Moving,1108,True,True
output/fascia/frames/202207191643_00-Moving/01109.png,output/fascia/masks/202207191643_00-Moving/01109.png,202207191643_00-Moving,1109,True,True
output/fascia/frames/202207191643_00-Moving/01110.png,output/fascia/masks/202207191643_00-Moving/01110.png,202207191643_00-Moving,1110,True,True
output/fascia/frames/202207191643_00-Moving/01111.png,output/fascia/masks/202207191643_00-Moving/01111.png,202207191643_00-Moving,1111,True,True
output/fascia/frames/202207191643_00-Moving/01112.png,output/fascia/masks/202207191643_00-Moving/01112.png,202207191643_00-Moving,1112,True,True
output/fascia/frames/202207191643_00-Moving/01113.png,output/fascia/masks/202207191643_00-Moving/01113.png,202207191643_00-Moving,1113,True,True
output/fascia/frames/202207191643_00-Moving/01114.png,output/fascia/masks/202207191643_00-Moving/01114.png,202207191643_00-Moving,1114,True,True
output/fascia/frames/202207191643_00-Moving/01115.png,output/fascia/masks/202207191643_00-Moving/01115.png,202207191643_00-Moving,1115,True,True
output/fascia/frames/202207191643_00-Moving/01116.png,output/fascia/masks/202207191643_00-Moving/01116.png,202207191643_00-Moving,1116,True,True
output/fascia/frames/202207191643_00-Moving/01117.png,output/fascia/masks/202207191643_00-Moving/01117.png,202207191643_00-Moving,1117,True,True
output/fascia/frames/202207191643_00-Moving/01118.png,output/fascia/masks/202207191643_00-Moving/01118.png,202207191643_00-Moving,1118,True,True
output/fascia/frames/202207191643_00-Moving/01119.png,output/fascia/masks/202207191643_00-Moving/01119.png,202207191643_00-Moving,1119,True,True
output/fascia/frames/202207191643_00-Moving/01120.png,output/fascia/masks/202207191643_00-Moving/01120.png,202207191643_00-Moving,1120,True,True
output/fascia/frames/202207191643_00-Moving/01121.png,output/fascia/masks/202207191643_00-Moving/01121.png,202207191643_00-Moving,1121,True,True
output/fascia/frames/202207191643_00-Moving/01122.png,output/fascia/masks/202207191643_00-Moving/01122.png,202207191643_00-Moving,1122,True,True
output/fascia/frames/202207191643_00-Moving/01123.png,output/fascia/masks/202207191643_00-Moving/01123.png,202207191643_00-Moving,1123,True,True
output/fascia/frames/202207191643_00-Moving/01124.png,output/fascia/masks/202207191643_00-Moving/01124.png,202207191643_00-Moving,1124,True,True
output/fascia/frames/202207191643_00-Moving/01125.png,output/fascia/masks/202207191643_00-Moving/01125.png,202207191643_00-Moving,1125,True,True
output/fascia/frames/202207191643_00-Moving/01126.png,output/fascia/masks/202207191643_00-Moving/01126.png,202207191643_00-Moving,1126,True,True
output/fascia/frames/202207191643_00-Moving/01127.png,output/fascia/masks/202207191643_00-Moving/01127.png,202207191643_00-Moving,1127,True,True
output/fascia/frames/202207191643_00-Moving/01128.png,output/fascia/masks/202207191643_00-Moving/01128.png,202207191643_00-Moving,1128,True,True
output/fascia/frames/202207191643_00-Moving/01129.png,output/fascia/masks/202207191643_00-Moving/01129.png,202207191643_00-Moving,1129,True,True
output/fascia/frames/202207191643_00-Moving/01130.png,output/fascia/masks/202207191643_00-Moving/01130.png,202207191643_00-Moving,1130,True,True
output/fascia/frames/202207191643_00-Moving/01131.png,output/fascia/masks/202207191643_00-Moving/01131.png,202207191643_00-Moving,1131,True,True
output/fascia/frames/202207191643_00-Moving/01132.png,output/fascia/masks/202207191643_00-Moving/01132.png,202207191643_00-Moving,1132,True,True
output/fascia/frames/202207191643_00-Moving/01133.png,output/fascia/masks/202207191643_00-Moving/01133.png,202207191643_00-Moving,1133,True,True
output/fascia/frames/202207191643_00-Moving/01134.png,output/fascia/masks/202207191643_00-Moving/01134.png,202207191643_00-Moving,1134,True,True
output/fascia/frames/202207191643_00-Moving/01135.png,output/fascia/masks/202207191643_00-Moving/01135.png,202207191643_00-Moving,1135,True,True
output/fascia/frames/202207191643_00-Moving/01136.png,output/fascia/masks/202207191643_00-Moving/01136.png,202207191643_00-Moving,1136,True,True
output/fascia/frames/202207191643_00-Moving/01137.png,output/fascia/masks/202207191643_00-Moving/01137.png,202207191643_00-Moving,1137,True,True
output/fascia/frames/202207191643_00-Moving/01138.png,output/fascia/masks/202207191643_00-Moving/01138.png,202207191643_00-Moving,1138,True,True
output/fascia/frames/202207191643_00-Moving/01139.png,output/fascia/masks/202207191643_00-Moving/01139.png,202207191643_00-Moving,1139,True,True
output/fascia/frames/202207191643_00-Moving/01140.png,output/fascia/masks/202207191643_00-Moving/01140.png,202207191643_00-Moving,1140,True,True
output/fascia/frames/202207191643_00-Moving/01141.png,output/fascia/masks/202207191643_00-Moving/01141.png,202207191643_00-Moving,1141,True,True
output/fascia/frames/202207191643_00-Moving/01142.png,output/fascia/masks/202207191643_00-Moving/01142.png,202207191643_00-Moving,1142,True,True
output/fascia/frames/202207191643_00-Moving/01143.png,output/fascia/masks/202207191643_00-Moving/01143.png,202207191643_00-Moving,1143,True,True
output/fascia/frames/202207191643_00-Moving/01144.png,output/fascia/masks/202207191643_00-Moving/01144.png,202207191643_00-Moving,1144,True,True
output/fascia/frames/202207191643_00-Moving/01145.png,output/fascia/masks/202207191643_00-Moving/01145.png,202207191643_00-Moving,1145,True,True
output/fascia/frames/202207191643_00-Moving/01146.png,output/fascia/masks/202207191643_00-Moving/01146.png,202207191643_00-Moving,1146,True,True
output/fascia/frames/202207191643_00-Moving/01147.png,output/fascia/masks/202207191643_00-Moving/01147.png,202207191643_00-Moving,1147,True,True
output/fascia/frames/202207191643_00-Moving/01148.png,output/fascia/masks/202207191643_00-Moving/01148.png,202207191643_00-Moving,1148,True,True
output/fascia/frames/202207191643_00-Moving/01149.png,output/fascia/masks/202207191643_00-Moving/01149.png,202207191643_00-Moving,1149,True,True
output/fascia/frames/202207191643_00-Moving/01150.png,output/fascia/masks/202207191643_00-Moving/01150.png,202207191643_00-Moving,1150,True,True
output/fascia/frames/202207191643_00-Moving/01151.png,output/fascia/masks/202207191643_00-Moving/01151.png,202207191643_00-Moving,1151,True,True
output/fascia/frames/202207191643_00-Moving/01152.png,output/fascia/masks/202207191643_00-Moving/01152.png,202207191643_00-Moving,1152,True,True
output/fascia/frames/202207191643_00-Moving/01153.png,output/fascia/masks/202207191643_00-Moving/01153.png,202207191643_00-Moving,1153,True,True
output/fascia/frames/202207191643_00-Moving/01154.png,output/fascia/masks/202207191643_00-Moving/01154.png,202207191643_00-Moving,1154,True,True
output/fascia/frames/202207191643_00-Moving/01155.png,output/fascia/masks/202207191643_00-Moving/01155.png,202207191643_00-Moving,1155,True,True
output/fascia/frames/202207191643_00-Moving/01156.png,output/fascia/masks/202207191643_00-Moving/01156.png,202207191643_00-Moving,1156,True,True
output/fascia/frames/202207191643_00-Moving/01157.png,output/fascia/masks/202207191643_00-Moving/01157.png,202207191643_00-Moving,1157,True,True
output/fascia/frames/202207191643_00-Moving/01158.png,output/fascia/masks/202207191643_00-Moving/01158.png,202207191643_00-Moving,1158,True,True
output/fascia/frames/202207191643_00-Moving/01159.png,output/fascia/masks/202207191643_00-Moving/01159.png,202207191643_00-Moving,1159,True,True
output/fascia/frames/202207191643_00-Moving/01160.png,output/fascia/masks/202207191643_00-Moving/01160.png,202207191643_00-Moving,1160,True,True
output/fascia/frames/202207191643_00-Moving/01161.png,output/fascia/masks/202207191643_00-Moving/01161.png,202207191643_00-Moving,1161,True,True
output/fascia/frames/202207191643_00-Moving/01162.png,output/fascia/masks/202207191643_00-Moving/01162.png,202207191643_00-Moving,1162,True,True
output/fascia/frames/202207191643_00-Moving/01163.png,output/fascia/masks/202207191643_00-Moving/01163.png,202207191643_00-Moving,1163,True,True
output/fascia/frames/202207191643_00-Moving/01164.png,output/fascia/masks/202207191643_00-Moving/01164.png,202207191643_00-Moving,1164,True,True
output/fascia/frames/202207191643_00-Moving/01165.png,output/fascia/masks/202207191643_00-Moving/01165.png,202207191643_00-Moving,1165,True,True
output/fascia/frames/202207191643_00-Moving/01166.png,output/fascia/masks/202207191643_00-Moving/01166.png,202207191643_00-Moving,1166,True,True
output/fascia/frames/202207191643_00-Moving/01167.png,output/fascia/masks/202207191643_00-Moving/01167.png,202207191643_00-Moving,1167,True,True
output/fascia/frames/202207191643_00-Moving/01168.png,output/fascia/masks/202207191643_00-Moving/01168.png,202207191643_00-Moving,1168,True,True
output/fascia/frames/202207191643_00-Moving/01169.png,output/fascia/masks/202207191643_00-Moving/01169.png,202207191643_00-Moving,1169,True,True
output/fascia/frames/202207191643_00-Moving/01170.png,output/fascia/masks/202207191643_00-Moving/01170.png,202207191643_00-Moving,1170,True,True
output/fascia/frames/202207191643_00-Moving/01171.png,output/fascia/masks/202207191643_00-Moving/01171.png,202207191643_00-Moving,1171,True,True
output/fascia/frames/202207191643_00-Moving/01172.png,output/fascia/masks/202207191643_00-Moving/01172.png,202207191643_00-Moving,1172,True,True
output/fascia/frames/202207191643_00-Moving/01173.png,output/fascia/masks/202207191643_00-Moving/01173.png,202207191643_00-Moving,1173,True,True
output/fascia/frames/202207191643_00-Moving/01174.png,output/fascia/masks/202207191643_00-Moving/01174.png,202207191643_00-Moving,1174,True,True
output/fascia/frames/202207191643_00-Moving/01175.png,output/fascia/masks/202207191643_00-Moving/01175.png,202207191643_00-Moving,1175,True,True
output/fascia/frames/202207191643_00-Moving/01176.png,output/fascia/masks/202207191643_00-Moving/01176.png,202207191643_00-Moving,1176,True,True
output/fascia/frames/202207191643_00-Moving/01177.png,output/fascia/masks/202207191643_00-Moving/01177.png,202207191643_00-Moving,1177,True,True
output/fascia/frames/202207191643_00-Moving/01178.png,output/fascia/masks/202207191643_00-Moving/01178.png,202207191643_00-Moving,1178,True,True
output/fascia/frames/202207191643_00-Moving/01179.png,output/fascia/masks/202207191643_00-Moving/01179.png,202207191643_00-Moving,1179,True,True
output/fascia/frames/202207191643_00-Moving/01180.png,output/fascia/masks/202207191643_00-Moving/01180.png,202207191643_00-Moving,1180,True,True
output/fascia/frames/202207191643_00-Moving/01181.png,output/fascia/masks/202207191643_00-Moving/01181.png,202207191643_00-Moving,1181,True,True
output/fascia/frames/202207191643_00-Moving/01182.png,output/fascia/masks/202207191643_00-Moving/01182.png,202207191643_00-Moving,1182,True,True
output/fascia/frames/202207191643_00-Moving/01183.png,output/fascia/masks/202207191643_00-Moving/01183.png,202207191643_00-Moving,1183,True,True
output/fascia/frames/202207191643_00-Moving/01184.png,output/fascia/masks/202207191643_00-Moving/01184.png,202207191643_00-Moving,1184,True,True
output/fascia/frames/202207191643_00-Moving/01185.png,output/fascia/masks/202207191643_00-Moving/01185.png,202207191643_00-Moving,1185,True,True
output/fascia/frames/202207191643_00-Moving/01186.png,output/fascia/masks/202207191643_00-Moving/01186.png,202207191643_00-Moving,1186,True,True
output/fascia/frames/202207191643_00-Moving/01187.png,output/fascia/masks/202207191643_00-Moving/01187.png,202207191643_00-Moving,1187,True,True
output/fascia/frames/202207191643_00-Moving/01188.png,output/fascia/masks/202207191643_00-Moving/01188.png,202207191643_00-Moving,1188,True,True
output/fascia/frames/202207191643_00-Moving/01189.png,output/fascia/masks/202207191643_00-Moving/01189.png,202207191643_00-Moving,1189,True,True
output/fascia/frames/202207191643_00-Moving/01190.png,output/fascia/masks/202207191643_00-Moving/01190.png,202207191643_00-Moving,1190,True,True
output/fascia/frames/202207191643_00-Moving/01191.png,output/fascia/masks/202207191643_00-Moving/01191.png,202207191643_00-Moving,1191,True,True
output/fascia/frames/202207191643_00-Moving/01192.png,output/fascia/masks/202207191643_00-Moving/01192.png,202207191643_00-Moving,1192,True,True
output/fascia/frames/202207191643_00-Moving/01193.png,output/fascia/masks/202207191643_00-Moving/01193.png,202207191643_00-Moving,1193,True,True
output/fascia/frames/202207191643_00-Moving/01194.png,output/fascia/masks/202207191643_00-Moving/01194.png,202207191643_00-Moving,1194,True,True
output/fascia/frames/202207191643_00-Moving/01195.png,output/fascia/masks/202207191643_00-Moving/01195.png,202207191643_00-Moving,1195,True,True
output/fascia/frames/202207191643_00-Moving/01196.png,output/fascia/masks/202207191643_00-Moving/01196.png,202207191643_00-Moving,1196,True,True
output/fascia/frames/202207191643_00-Moving/01197.png,output/fascia/masks/202207191643_00-Moving/01197.png,202207191643_00-Moving,1197,True,True
output/fascia/frames/202207191643_00-Moving/01198.png,output/fascia/masks/202207191643_00-Moving/01198.png,202207191643_00-Moving,1198,True,True
output/fascia/frames/202207191643_00-Moving/01199.png,output/fascia/masks/202207191643_00-Moving/01199.png,202207191643_00-Moving,1199,True,True
output/fascia/frames/202207191643_00-Moving/01200.png,output/fascia/masks/202207191643_00-Moving/01200.png,202207191643_00-Moving,1200,True,True
output/fascia/frames/202207191643_00-Moving/01201.png,output/fascia/masks/202207191643_00-Moving/01201.png,202207191643_00-Moving,1201,True,True
output/fascia/frames/202207191643_00-Moving/01202.png,output/fascia/masks/202207191643_00-Moving/01202.png,202207191643_00-Moving,1202,True,True
output/fascia/frames/202207191643_00-Moving/01203.png,output/fascia/masks/202207191643_00-Moving/01203.png,202207191643_00-Moving,1203,True,True
output/fascia/frames/202207191643_00-Moving/01204.png,output/fascia/masks/202207191643_00-Moving/01204.png,202207191643_00-Moving,1204,True,True
output/fascia/frames/202207191643_00-Moving/01205.png,output/fascia/masks/202207191643_00-Moving/01205.png,202207191643_00-Moving,1205,True,True
output/fascia/frames/202207191643_00-Moving/01206.png,output/fascia/masks/202207191643_00-Moving/01206.png,202207191643_00-Moving,1206,True,True
output/fascia/frames/202207191643_00-Moving/01207.png,output/fascia/masks/202207191643_00-Moving/01207.png,202207191643_00-Moving,1207,True,True
output/fascia/frames/202207191643_00-Moving/01208.png,output/fascia/masks/202207191643_00-Moving/01208.png,202207191643_00-Moving,1208,True,True
output/fascia/frames/202207191643_00-Moving/01209.png,output/fascia/masks/202207191643_00-Moving/01209.png,202207191643_00-Moving,1209,True,True
output/fascia/frames/202207191643_00-Moving/01210.png,output/fascia/masks/202207191643_00-Moving/01210.png,202207191643_00-Moving,1210,True,True
output/fascia/frames/202207191643_00-Moving/01211.png,output/fascia/masks/202207191643_00-Moving/01211.png,202207191643_00-Moving,1211,True,True
output/fascia/frames/202207191643_00-Moving/01212.png,output/fascia/masks/202207191643_00-Moving/01212.png,202207191643_00-Moving,1212,True,True
output/fascia/frames/202207191643_00-Moving/01213.png,output/fascia/masks/202207191643_00-Moving/01213.png,202207191643_00-Moving,1213,True,True
output/fascia/frames/202207191643_00-Moving/01214.png,output/fascia/masks/202207191643_00-Moving/01214.png,202207191643_00-Moving,1214,True,True
output/fascia/frames/202207191643_00-Moving/01215.png,output/fascia/masks/202207191643_00-Moving/01215.png,202207191643_00-Moving,1215,True,True
output/fascia/frames/202207191643_00-Moving/01216.png,output/fascia/masks/202207191643_00-Moving/01216.png,202207191643_00-Moving,1216,True,True
output/fascia/frames/202207191643_00-Moving/01217.png,output/fascia/masks/202207191643_00-Moving/01217.png,202207191643_00-Moving,1217,True,True
output/fascia/frames/202207191643_00-Moving/01218.png,output/fascia/masks/202207191643_00-Moving/01218.png,202207191643_00-Moving,1218,True,True
output/fascia/frames/202207191643_00-Moving/01219.png,output/fascia/masks/202207191643_00-Moving/01219.png,202207191643_00-Moving,1219,True,True
output/fascia/frames/202207191643_00-Moving/01220.png,output/fascia/masks/202207191643_00-Moving/01220.png,202207191643_00-Moving,1220,True,True
output/fascia/frames/202207191643_00-Moving/01221.png,output/fascia/masks/202207191643_00-Moving/01221.png,202207191643_00-Moving,1221,True,True
output/fascia/frames/202207191643_00-Moving/01222.png,output/fascia/masks/202207191643_00-Moving/01222.png,202207191643_00-Moving,1222,True,True
output/fascia/frames/202207191643_00-Moving/01223.png,output/fascia/masks/202207191643_00-Moving/01223.png,202207191643_00-Moving,1223,True,True
output/fascia/frames/202207191643_00-Moving/01224.png,output/fascia/masks/202207191643_00-Moving/01224.png,202207191643_00-Moving,1224,True,True
output/fascia/frames/202207191643_00-Moving/01225.png,output/fascia/masks/202207191643_00-Moving/01225.png,202207191643_00-Moving,1225,True,True
output/fascia/frames/202207191643_00-Moving/01226.png,output/fascia/masks/202207191643_00-Moving/01226.png,202207191643_00-Moving,1226,True,True
output/fascia/frames/202207191643_00-Moving/01227.png,output/fascia/masks/202207191643_00-Moving/01227.png,202207191643_00-Moving,1227,True,True
output/fascia/frames/202207191643_00-Moving/01228.png,output/fascia/masks/202207191643_00-Moving/01228.png,202207191643_00-Moving,1228,True,True
output/fascia/frames/202207191643_00-Moving/01229.png,output/fascia/masks/202207191643_00-Moving/01229.png,202207191643_00-Moving,1229,True,True
output/fascia/frames/202207191643_00-Moving/01230.png,output/fascia/masks/202207191643_00-Moving/01230.png,202207191643_00-Moving,1230,True,True
output/fascia/frames/202207191643_00-Moving/01231.png,output/fascia/masks/202207191643_00-Moving/01231.png,202207191643_00-Moving,1231,True,True
output/fascia/frames/202207191643_00-Moving/01232.png,output/fascia/masks/202207191643_00-Moving/01232.png,202207191643_00-Moving,1232,True,True
output/fascia/frames/202207191643_00-Moving/01233.png,output/fascia/masks/202207191643_00-Moving/01233.png,202207191643_00-Moving,1233,True,True
output/fascia/frames/202207191643_00-Moving/01234.png,output/fascia/masks/202207191643_00-Moving/01234.png,202207191643_00-Moving,1234,True,True
output/fascia/frames/202207191643_00-Moving/01235.png,output/fascia/masks/202207191643_00-Moving/01235.png,202207191643_00-Moving,1235,True,True
output/fascia/frames/202207191643_00-Moving/01236.png,output/fascia/masks/202207191643_00-Moving/01236.png,202207191643_00-Moving,1236,True,True
output/fascia/frames/202207191643_00-Moving/01237.png,output/fascia/masks/202207191643_00-Moving/01237.png,202207191643_00-Moving,1237,True,True
output/fascia/frames/202207191643_00-Moving/01238.png,output/fascia/masks/202207191643_00-Moving/01238.png,202207191643_00-Moving,1238,True,True
output/fascia/frames/202207191643_00-Moving/01239.png,output/fascia/masks/202207191643_00-Moving/01239.png,202207191643_00-Moving,1239,True,True
output/fascia/frames/202207191643_00-Moving/01240.png,output/fascia/masks/202207191643_00-Moving/01240.png,202207191643_00-Moving,1240,True,True
output/fascia/frames/202207191643_00-Moving/01241.png,output/fascia/masks/202207191643_00-Moving/01241.png,202207191643_00-Moving,1241,True,True
output/fascia/frames/202207191643_00-Moving/01242.png,output/fascia/masks/202207191643_00-Moving/01242.png,202207191643_00-Moving,1242,True,True
output/fascia/frames/202207191643_00-Moving/01243.png,output/fascia/masks/202207191643_00-Moving/01243.png,202207191643_00-Moving,1243,True,True
output/fascia/frames/202207191643_00-Moving/01244.png,output/fascia/masks/202207191643_00-Moving/01244.png,202207191643_00-Moving,1244,True,True
output/fascia/frames/202207191643_00-Moving/01245.png,output/fascia/masks/202207191643_00-Moving/01245.png,202207191643_00-Moving,1245,True,True
output/fascia/frames/202207191643_00-Moving/01246.png,output/fascia/masks/202207191643_00-Moving/01246.png,202207191643_00-Moving,1246,True,True
output/fascia/frames/202207191643_00-Moving/01247.png,output/fascia/masks/202207191643_00-Moving/01247.png,202207191643_00-Moving,1247,True,True
output/fascia/frames/202207191643_00-Moving/01248.png,output/fascia/masks/202207191643_00-Moving/01248.png,202207191643_00-Moving,1248,True,True
output/fascia/frames/202207191643_00-Moving/01249.png,output/fascia/masks/202207191643_00-Moving/01249.png,202207191643_00-Moving,1249,True,True
output/fascia/frames/202207191643_00-Moving/01250.png,output/fascia/masks/202207191643_00-Moving/01250.png,202207191643_00-Moving,1250,True,True
output/fascia/frames/202207191643_00-Moving/01251.png,output/fascia/masks/202207191643_00-Moving/01251.png,202207191643_00-Moving,1251,True,True
output/fascia/frames/202207191643_00-Moving/01252.png,output/fascia/masks/202207191643_00-Moving/01252.png,202207191643_00-Moving,1252,True,True
output/fascia/frames/202207191643_00-Moving/01253.png,output/fascia/masks/202207191643_00-Moving/01253.png,202207191643_00-Moving,1253,True,True
output/fascia/frames/202207191643_00-Moving/01254.png,output/fascia/masks/202207191643_00-Moving/01254.png,202207191643_00-Moving,1254,True,True
output/fascia/frames/202207191643_00-Moving/01255.png,output/fascia/masks/202207191643_00-Moving/01255.png,202207191643_00-Moving,1255,True,True
output/fascia/frames/202207191643_00-Moving/01256.png,output/fascia/masks/202207191643_00-Moving/01256.png,202207191643_00-Moving,1256,True,True
output/fascia/frames/202207191643_00-Moving/01257.png,output/fascia/masks/202207191643_00-Moving/01257.png,202207191643_00-Moving,1257,True,True
output/fascia/frames/202207191643_00-Moving/01258.png,output/fascia/masks/202207191643_00-Moving/01258.png,202207191643_00-Moving,1258,True,True
output/fascia/frames/202207191643_00-Moving/01259.png,output/fascia/masks/202207191643_00-Moving/01259.png,202207191643_00-Moving,1259,True,True
output/fascia/frames/202207191643_00-Moving/01260.png,output/fascia/masks/202207191643_00-Moving/01260.png,202207191643_00-Moving,1260,True,True
output/fascia/frames/202207191643_00-Moving/01261.png,output/fascia/masks/202207191643_00-Moving/01261.png,202207191643_00-Moving,1261,True,True
output/fascia/frames/202207191643_00-Moving/01262.png,output/fascia/masks/202207191643_00-Moving/01262.png,202207191643_00-Moving,1262,True,True
output/fascia/frames/202207191643_00-Moving/01263.png,output/fascia/masks/202207191643_00-Moving/01263.png,202207191643_00-Moving,1263,True,True
output/fascia/frames/202207191643_00-Moving/01264.png,output/fascia/masks/202207191643_00-Moving/01264.png,202207191643_00-Moving,1264,True,True
output/fascia/frames/202207191643_00-Moving/01265.png,output/fascia/masks/202207191643_00-Moving/01265.png,202207191643_00-Moving,1265,True,True
output/fascia/frames/202207191643_00-Moving/01266.png,output/fascia/masks/202207191643_00-Moving/01266.png,202207191643_00-Moving,1266,True,True
output/fascia/frames/202207191643_00-Moving/01267.png,output/fascia/masks/202207191643_00-Moving/01267.png,202207191643_00-Moving,1267,True,True
output/fascia/frames/202207191643_00-Moving/01268.png,output/fascia/masks/202207191643_00-Moving/01268.png,202207191643_00-Moving,1268,True,True
output/fascia/frames/202207191643_00-Moving/01269.png,output/fascia/masks/202207191643_00-Moving/01269.png,202207191643_00-Moving,1269,True,True
output/fascia/frames/202207191643_00-Moving/01270.png,output/fascia/masks/202207191643_00-Moving/01270.png,202207191643_00-Moving,1270,True,True
output/fascia/frames/202207191643_00-Moving/01271.png,output/fascia/masks/202207191643_00-Moving/01271.png,202207191643_00-Moving,1271,True,True
output/fascia/frames/202207191643_00-Moving/01272.png,output/fascia/masks/202207191643_00-Moving/01272.png,202207191643_00-Moving,1272,True,True
output/fascia/frames/202207191643_00-Moving/01273.png,output/fascia/masks/202207191643_00-Moving/01273.png,202207191643_00-Moving,1273,True,True
output/fascia/frames/202207191643_00-Moving/01274.png,output/fascia/masks/202207191643_00-Moving/01274.png,202207191643_00-Moving,1274,True,True
output/fascia/frames/202207191643_00-Moving/01275.png,output/fascia/masks/202207191643_00-Moving/01275.png,202207191643_00-Moving,1275,True,True
output/fascia/frames/202207191643_00-Moving/01276.png,output/fascia/masks/202207191643_00-Moving/01276.png,202207191643_00-Moving,1276,True,True
output/fascia/frames/202207191643_00-Moving/01277.png,output/fascia/masks/202207191643_00-Moving/01277.png,202207191643_00-Moving,1277,True,True
output/fascia/frames/202207191643_00-Moving/01278.png,output/fascia/masks/202207191643_00-Moving/01278.png,202207191643_00-Moving,1278,True,True
output/fascia/frames/202207191643_00-Moving/01279.png,output/fascia/masks/202207191643_00-Moving/01279.png,202207191643_00-Moving,1279,True,True
output/fascia/frames/202207191643_00-Moving/01280.png,output/fascia/masks/202207191643_00-Moving/01280.png,202207191643_00-Moving,1280,True,True
output/fascia/frames/202207191643_00-Moving/01281.png,output/fascia/masks/202207191643_00-Moving/01281.png,202207191643_00-Moving,1281,True,True
output/fascia/frames/202207191643_00-Moving/01282.png,output/fascia/masks/202207191643_00-Moving/01282.png,202207191643_00-Moving,1282,True,True
output/fascia/frames/202207191643_00-Moving/01283.png,output/fascia/masks/202207191643_00-Moving/01283.png,202207191643_00-Moving,1283,True,True
output/fascia/frames/202207191643_00-Moving/01284.png,output/fascia/masks/202207191643_00-Moving/01284.png,202207191643_00-Moving,1284,True,True
output/fascia/frames/202207191643_00-Moving/01285.png,output/fascia/masks/202207191643_00-Moving/01285.png,202207191643_00-Moving,1285,True,True
output/fascia/frames/202207191643_00-Moving/01286.png,output/fascia/masks/202207191643_00-Moving/01286.png,202207191643_00-Moving,1286,True,True
output/fascia/frames/202207191643_00-Moving/01287.png,output/fascia/masks/202207191643_00-Moving/01287.png,202207191643_00-Moving,1287,True,True
output/fascia/frames/202207191643_00-Moving/01288.png,output/fascia/masks/202207191643_00-Moving/01288.png,202207191643_00-Moving,1288,True,True
output/fascia/frames/202207191643_00-Moving/01289.png,output/fascia/masks/202207191643_00-Moving/01289.png,202207191643_00-Moving,1289,True,True
output/fascia/frames/202207191643_00-Moving/01290.png,output/fascia/masks/202207191643_00-Moving/01290.png,202207191643_00-Moving,1290,True,True
output/fascia/frames/202207191643_00-Moving/01291.png,output/fascia/masks/202207191643_00-Moving/01291.png,202207191643_00-Moving,1291,True,True
output/fascia/frames/202207191643_00-Moving/01292.png,output/fascia/masks/202207191643_00-Moving/01292.png,202207191643_00-Moving,1292,True,True
output/fascia/frames/202207191643_00-Moving/01293.png,output/fascia/masks/202207191643_00-Moving/01293.png,202207191643_00-Moving,1293,True,True
output/fascia/frames/202207191643_00-Moving/01294.png,output/fascia/masks/202207191643_00-Moving/01294.png,202207191643_00-Moving,1294,True,True
output/fascia/frames/202207191643_00-Moving/01295.png,output/fascia/masks/202207191643_00-Moving/01295.png,202207191643_00-Moving,1295,True,True
output/fascia/frames/202207191643_00-Moving/01296.png,output/fascia/masks/202207191643_00-Moving/01296.png,202207191643_00-Moving,1296,True,True
output/fascia/frames/202207191643_00-Moving/01297.png,output/fascia/masks/202207191643_00-Moving/01297.png,202207191643_00-Moving,1297,True,True
output/fascia/frames/202207191643_00-Moving/01298.png,output/fascia/masks/202207191643_00-Moving/01298.png,202207191643_00-Moving,1298,True,True
output/fascia/frames/202207191643_00-Moving/01299.png,output/fascia/masks/202207191643_00-Moving/01299.png,202207191643_00-Moving,1299,True,True
output/fascia/frames/202207191643_00-Moving/01300.png,output/fascia/masks/202207191643_00-Moving/01300.png,202207191643_00-Moving,1300,True,True
output/fascia/frames/202207191643_00-Moving/01301.png,output/fascia/masks/202207191643_00-Moving/01301.png,202207191643_00-Moving,1301,True,True
output/fascia/frames/202207191643_00-Moving/01302.png,output/fascia/masks/202207191643_00-Moving/01302.png,202207191643_00-Moving,1302,True,True
output/fascia/frames/202207191643_00-Moving/01303.png,output/fascia/masks/202207191643_00-Moving/01303.png,202207191643_00-Moving,1303,True,True
output/fascia/frames/202207191643_00-Moving/01304.png,output/fascia/masks/202207191643_00-Moving/01304.png,202207191643_00-Moving,1304,True,True
output/fascia/frames/202207191643_00-Moving/01305.png,output/fascia/masks/202207191643_00-Moving/01305.png,202207191643_00-Moving,1305,True,True
output/fascia/frames/202207191643_00-Moving/01306.png,output/fascia/masks/202207191643_00-Moving/01306.png,202207191643_00-Moving,1306,True,True
output/fascia/frames/202207191643_00-Moving/01307.png,output/fascia/masks/202207191643_00-Moving/01307.png,202207191643_00-Moving,1307,True,True
output/fascia/frames/202207191643_00-Moving/01308.png,output/fascia/masks/202207191643_00-Moving/01308.png,202207191643_00-Moving,1308,True,True
output/fascia/frames/202207191643_00-Moving/01309.png,output/fascia/masks/202207191643_00-Moving/01309.png,202207191643_00-Moving,1309,True,True
output/fascia/frames/202207191643_00-Moving/01310.png,output/fascia/masks/202207191643_00-Moving/01310.png,202207191643_00-Moving,1310,True,True
output/fascia/frames/202207191643_00-Moving/01311.png,output/fascia/masks/202207191643_00-Moving/01311.png,202207191643_00-Moving,1311,True,True
output/fascia/frames/202207191643_00-Moving/01312.png,output/fascia/masks/202207191643_00-Moving/01312.png,202207191643_00-Moving,1312,True,True
output/fascia/frames/202207191643_00-Moving/01313.png,output/fascia/masks/202207191643_00-Moving/01313.png,202207191643_00-Moving,1313,True,True
output/fascia/frames/202207191643_00-Moving/01314.png,output/fascia/masks/202207191643_00-Moving/01314.png,202207191643_00-Moving,1314,True,True
output/fascia/frames/202207191643_00-Moving/01315.png,output/fascia/masks/202207191643_00-Moving/01315.png,202207191643_00-Moving,1315,True,True
output/fascia/frames/202207191643_00-Moving/01316.png,output/fascia/masks/202207191643_00-Moving/01316.png,202207191643_00-Moving,1316,True,True
output/fascia/frames/202207191643_00-Moving/01317.png,output/fascia/masks/202207191643_00-Moving/01317.png,202207191643_00-Moving,1317,True,True
output/fascia/frames/202207191643_00-Moving/01318.png,output/fascia/masks/202207191643_00-Moving/01318.png,202207191643_00-Moving,1318,True,True
output/fascia/frames/202207191643_00-Moving/01319.png,output/fascia/masks/202207191643_00-Moving/01319.png,202207191643_00-Moving,1319,True,True
output/fascia/frames/202207191643_00-Moving/01320.png,output/fascia/masks/202207191643_00-Moving/01320.png,202207191643_00-Moving,1320,True,True
output/fascia/frames/202207191643_00-Moving/01321.png,output/fascia/masks/202207191643_00-Moving/01321.png,202207191643_00-Moving,1321,True,True
output/fascia/frames/202207191643_00-Moving/01322.png,output/fascia/masks/202207191643_00-Moving/01322.png,202207191643_00-Moving,1322,True,True
output/fascia/frames/202207191643_00-Moving/01323.png,output/fascia/masks/202207191643_00-Moving/01323.png,202207191643_00-Moving,1323,True,True
output/fascia/frames/202207191643_00-Moving/01324.png,output/fascia/masks/202207191643_00-Moving/01324.png,202207191643_00-Moving,1324,True,True
output/fascia/frames/202207191643_00-Moving/01325.png,output/fascia/masks/202207191643_00-Moving/01325.png,202207191643_00-Moving,1325,True,True
output/fascia/frames/202207191643_00-Moving/01326.png,output/fascia/masks/202207191643_00-Moving/01326.png,202207191643_00-Moving,1326,True,True
output/fascia/frames/202207191643_00-Moving/01327.png,output/fascia/masks/202207191643_00-Moving/01327.png,202207191643_00-Moving,1327,True,True
output/fascia/frames/202207191643_00-Moving/01328.png,output/fascia/masks/202207191643_00-Moving/01328.png,202207191643_00-Moving,1328,True,True
output/fascia/frames/202207191643_00-Moving/01329.png,output/fascia/masks/202207191643_00-Moving/01329.png,202207191643_00-Moving,1329,True,True
output/fascia/frames/202207191643_00-Moving/01330.png,output/fascia/masks/202207191643_00-Moving/01330.png,202207191643_00-Moving,1330,True,True
output/fascia/frames/202207191643_00-Moving/01331.png,output/fascia/masks/202207191643_00-Moving/01331.png,202207191643_00-Moving,1331,True,True
output/fascia/frames/202207191643_00-Moving/01332.png,output/fascia/masks/202207191643_00-Moving/01332.png,202207191643_00-Moving,1332,True,True
output/fascia/frames/202207191643_00-Moving/01333.png,output/fascia/masks/202207191643_00-Moving/01333.png,202207191643_00-Moving,1333,True,True
output/fascia/frames/202207191643_00-Moving/01334.png,output/fascia/masks/202207191643_00-Moving/01334.png,202207191643_00-Moving,1334,True,True
output/fascia/frames/202207191643_00-Moving/01335.png,output/fascia/masks/202207191643_00-Moving/01335.png,202207191643_00-Moving,1335,True,True
output/fascia/frames/202207191643_00-Moving/01336.png,output/fascia/masks/202207191643_00-Moving/01336.png,202207191643_00-Moving,1336,True,True
output/fascia/frames/202207191643_00-Moving/01337.png,output/fascia/masks/202207191643_00-Moving/01337.png,202207191643_00-Moving,1337,True,True
output/fascia/frames/202207191643_00-Moving/01338.png,output/fascia/masks/202207191643_00-Moving/01338.png,202207191643_00-Moving,1338,True,True
output/fascia/frames/202207191643_00-Moving/01339.png,output/fascia/masks/202207191643_00-Moving/01339.png,202207191643_00-Moving,1339,True,True
output/fascia/frames/202207191643_00-Moving/01340.png,output/fascia/masks/202207191643_00-Moving/01340.png,202207191643_00-Moving,1340,True,True
output/fascia/frames/202207191643_00-Moving/01341.png,output/fascia/masks/202207191643_00-Moving/01341.png,202207191643_00-Moving,1341,True,True
output/fascia/frames/202207191643_00-Moving/01342.png,output/fascia/masks/202207191643_00-Moving/01342.png,202207191643_00-Moving,1342,True,True
output/fascia/frames/202207191643_00-Moving/01343.png,output/fascia/masks/202207191643_00-Moving/01343.png,202207191643_00-Moving,1343,True,True
output/fascia/frames/202207191643_00-Moving/01344.png,output/fascia/masks/202207191643_00-Moving/01344.png,202207191643_00-Moving,1344,True,True
output/fascia/frames/202207191643_00-Moving/01345.png,output/fascia/masks/202207191643_00-Moving/01345.png,202207191643_00-Moving,1345,True,True
output/fascia/frames/202207191643_00-Moving/01346.png,output/fascia/masks/202207191643_00-Moving/01346.png,202207191643_00-Moving,1346,True,True
output/fascia/frames/202207191643_00-Moving/01347.png,output/fascia/masks/202207191643_00-Moving/01347.png,202207191643_00-Moving,1347,True,True
output/fascia/frames/202207191643_00-Moving/01348.png,output/fascia/masks/202207191643_00-Moving/01348.png,202207191643_00-Moving,1348,True,True
output/fascia/frames/202207191643_00-Moving/01349.png,output/fascia/masks/202207191643_00-Moving/01349.png,202207191643_00-Moving,1349,True,True
output/fascia/frames/202207191643_00-Moving/01350.png,output/fascia/masks/202207191643_00-Moving/01350.png,202207191643_00-Moving,1350,True,True
output/fascia/frames/202207191643_00-Moving/01351.png,output/fascia/masks/202207191643_00-Moving/01351.png,202207191643_00-Moving,1351,True,True
output/fascia/frames/202207191643_00-Moving/01352.png,output/fascia/masks/202207191643_00-Moving/01352.png,202207191643_00-Moving,1352,True,True
output/fascia/frames/202207191643_00-Moving/01353.png,output/fascia/masks/202207191643_00-Moving/01353.png,202207191643_00-Moving,1353,True,True
output/fascia/frames/202207191643_00-Moving/01354.png,output/fascia/masks/202207191643_00-Moving/01354.png,202207191643_00-Moving,1354,True,True
output/fascia/frames/202207191643_00-Moving/01355.png,output/fascia/masks/202207191643_00-Moving/01355.png,202207191643_00-Moving,1355,True,True
output/fascia/frames/202207191643_00-Moving/01356.png,output/fascia/masks/202207191643_00-Moving/01356.png,202207191643_00-Moving,1356,True,True
output/fascia/frames/202207191643_00-Moving/01357.png,output/fascia/masks/202207191643_00-Moving/01357.png,202207191643_00-Moving,1357,True,True
output/fascia/frames/202207191643_00-Moving/01358.png,output/fascia/masks/202207191643_00-Moving/01358.png,202207191643_00-Moving,1358,True,True
output/fascia/frames/202207191643_00-Moving/01359.png,output/fascia/masks/202207191643_00-Moving/01359.png,202207191643_00-Moving,1359,True,True
output/fascia/frames/202207191643_00-Moving/01360.png,output/fascia/masks/202207191643_00-Moving/01360.png,202207191643_00-Moving,1360,True,True
output/fascia/frames/202207191643_00-Moving/01361.png,output/fascia/masks/202207191643_00-Moving/01361.png,202207191643_00-Moving,1361,True,True
output/fascia/frames/202207191643_00-Moving/01362.png,output/fascia/masks/202207191643_00-Moving/01362.png,202207191643_00-Moving,1362,True,True
output/fascia/frames/202207191643_00-Moving/01363.png,output/fascia/masks/202207191643_00-Moving/01363.png,202207191643_00-Moving,1363,True,True
output/fascia/frames/202207191643_00-Moving/01364.png,output/fascia/masks/202207191643_00-Moving/01364.png,202207191643_00-Moving,1364,True,True
output/fascia/frames/202207191643_00-Moving/01365.png,output/fascia/masks/202207191643_00-Moving/01365.png,202207191643_00-Moving,1365,True,True
output/fascia/frames/202207191643_00-Moving/01366.png,output/fascia/masks/202207191643_00-Moving/01366.png,202207191643_00-Moving,1366,True,True
output/fascia/frames/202207191643_00-Moving/01367.png,output/fascia/masks/202207191643_00-Moving/01367.png,202207191643_00-Moving,1367,True,True
output/fascia/frames/202207191643_00-Moving/01368.png,output/fascia/masks/202207191643_00-Moving/01368.png,202207191643_00-Moving,1368,True,True
output/fascia/frames/202207191643_00-Moving/01369.png,output/fascia/masks/202207191643_00-Moving/01369.png,202207191643_00-Moving,1369,True,True
output/fascia/frames/202207191643_00-Moving/01370.png,output/fascia/masks/202207191643_00-Moving/01370.png,202207191643_00-Moving,1370,True,True
output/fascia/frames/202207191643_00-Moving/01371.png,output/fascia/masks/202207191643_00-Moving/01371.png,202207191643_00-Moving,1371,True,True
output/fascia/frames/202207191643_00-Moving/01372.png,output/fascia/masks/202207191643_00-Moving/01372.png,202207191643_00-Moving,1372,True,True
output/fascia/frames/202207191643_00-Moving/01373.png,output/fascia/masks/202207191643_00-Moving/01373.png,202207191643_00-Moving,1373,True,True
output/fascia/frames/202207191643_00-Moving/01374.png,output/fascia/masks/202207191643_00-Moving/01374.png,202207191643_00-Moving,1374,True,True
output/fascia/frames/202207191643_00-Moving/01375.png,output/fascia/masks/202207191643_00-Moving/01375.png,202207191643_00-Moving,1375,True,True
output/fascia/frames/202207191643_00-Moving/01376.png,output/fascia/masks/202207191643_00-Moving/01376.png,202207191643_00-Moving,1376,True,True
output/fascia/frames/202207191643_00-Moving/01377.png,output/fascia/masks/202207191643_00-Moving/01377.png,202207191643_00-Moving,1377,True,True
output/fascia/frames/202207191643_00-Moving/01378.png,output/fascia/masks/202207191643_00-Moving/01378.png,202207191643_00-Moving,1378,True,True
output/fascia/frames/202207191643_00-Moving/01379.png,output/fascia/masks/202207191643_00-Moving/01379.png,202207191643_00-Moving,1379,True,True
output/fascia/frames/202207191643_00-Moving/01380.png,output/fascia/masks/202207191643_00-Moving/01380.png,202207191643_00-Moving,1380,True,True
output/fascia/frames/202207191643_00-Moving/01381.png,output/fascia/masks/202207191643_00-Moving/01381.png,202207191643_00-Moving,1381,True,True
output/fascia/frames/202207191643_00-Moving/01382.png,output/fascia/masks/202207191643_00-Moving/01382.png,202207191643_00-Moving,1382,True,True
output/fascia/frames/202207191643_00-Moving/01383.png,output/fascia/masks/202207191643_00-Moving/01383.png,202207191643_00-Moving,1383,True,True
output/fascia/frames/202207191643_00-Moving/01384.png,output/fascia/masks/202207191643_00-Moving/01384.png,202207191643_00-Moving,1384,True,True
output/fascia/frames/202207191643_00-Moving/01385.png,output/fascia/masks/202207191643_00-Moving/01385.png,202207191643_00-Moving,1385,True,True
output/fascia/frames/202207191643_00-Moving/01386.png,output/fascia/masks/202207191643_00-Moving/01386.png,202207191643_00-Moving,1386,True,True
output/fascia/frames/202207191643_00-Moving/01387.png,output/fascia/masks/202207191643_00-Moving/01387.png,202207191643_00-Moving,1387,True,True
output/fascia/frames/202207191643_00-Moving/01388.png,output/fascia/masks/202207191643_00-Moving/01388.png,202207191643_00-Moving,1388,True,True
output/fascia/frames/202207191643_00-Moving/01389.png,output/fascia/masks/202207191643_00-Moving/01389.png,202207191643_00-Moving,1389,True,True
output/fascia/frames/202207191643_00-Moving/01390.png,output/fascia/masks/202207191643_00-Moving/01390.png,202207191643_00-Moving,1390,True,True
output/fascia/frames/202207191643_00-Moving/01391.png,output/fascia/masks/202207191643_00-Moving/01391.png,202207191643_00-Moving,1391,True,True
output/fascia/frames/202207191643_00-Moving/01392.png,output/fascia/masks/202207191643_00-Moving/01392.png,202207191643_00-Moving,1392,True,True
output/fascia/frames/202207191643_00-Moving/01393.png,output/fascia/masks/202207191643_00-Moving/01393.png,202207191643_00-Moving,1393,True,True
output/fascia/frames/202207191643_00-Moving/01394.png,output/fascia/masks/202207191643_00-Moving/01394.png,202207191643_00-Moving,1394,True,True
output/fascia/frames/202207191643_00-Moving/01395.png,output/fascia/masks/202207191643_00-Moving/01395.png,202207191643_00-Moving,1395,True,True
output/fascia/frames/202207191643_00-Moving/01396.png,output/fascia/masks/202207191643_00-Moving/01396.png,202207191643_00-Moving,1396,True,True
output/fascia/frames/202207191643_00-Moving/01397.png,output/fascia/masks/202207191643_00-Moving/01397.png,202207191643_00-Moving,1397,True,True
output/fascia/frames/202207191643_00-Moving/01398.png,output/fascia/masks/202207191643_00-Moving/01398.png,202207191643_00-Moving,1398,True,True
output/fascia/frames/202207191643_00-Moving/01399.png,output/fascia/masks/202207191643_00-Moving/01399.png,202207191643_00-Moving,1399,True,True
output/fascia/frames/202207191643_00-Moving/01400.png,output/fascia/masks/202207191643_00-Moving/01400.png,202207191643_00-Moving,1400,True,True
output/fascia/frames/202207191643_00-Moving/01401.png,output/fascia/masks/202207191643_00-Moving/01401.png,202207191643_00-Moving,1401,True,True
output/fascia/frames/202207191643_00-Moving/01402.png,output/fascia/masks/202207191643_00-Moving/01402.png,202207191643_00-Moving,1402,True,True
output/fascia/frames/202207191643_00-Moving/01403.png,output/fascia/masks/202207191643_00-Moving/01403.png,202207191643_00-Moving,1403,True,True
output/fascia/frames/202207191643_00-Moving/01404.png,output/fascia/masks/202207191643_00-Moving/01404.png,202207191643_00-Moving,1404,True,True
output/fascia/frames/202207191643_00-Moving/01405.png,output/fascia/masks/202207191643_00-Moving/01405.png,202207191643_00-Moving,1405,True,True
output/fascia/frames/202207191643_00-Moving/01406.png,output/fascia/masks/202207191643_00-Moving/01406.png,202207191643_00-Moving,1406,True,True
output/fascia/frames/202207191643_00-Moving/01407.png,output/fascia/masks/202207191643_00-Moving/01407.png,202207191643_00-Moving,1407,True,True
output/fascia/frames/202207191643_00-Moving/01408.png,output/fascia/masks/202207191643_00-Moving/01408.png,202207191643_00-Moving,1408,True,True
output/fascia/frames/202207191643_00-Moving/01409.png,output/fascia/masks/202207191643_00-Moving/01409.png,202207191643_00-Moving,1409,True,True
output/fascia/frames/202207191643_00-Moving/01410.png,output/fascia/masks/202207191643_00-Moving/01410.png,202207191643_00-Moving,1410,True,True
output/fascia/frames/202207191643_00-Moving/01411.png,output/fascia/masks/202207191643_00-Moving/01411.png,202207191643_00-Moving,1411,True,True
output/fascia/frames/202207191643_00-Moving/01412.png,output/fascia/masks/202207191643_00-Moving/01412.png,202207191643_00-Moving,1412,True,True
output/fascia/frames/202207191643_00-Moving/01413.png,output/fascia/masks/202207191643_00-Moving/01413.png,202207191643_00-Moving,1413,True,True
output/fascia/frames/202207191643_00-Moving/01414.png,output/fascia/masks/202207191643_00-Moving/01414.png,202207191643_00-Moving,1414,True,True
output/fascia/frames/202207191643_00-Moving/01415.png,output/fascia/masks/202207191643_00-Moving/01415.png,202207191643_00-Moving,1415,True,True
output/fascia/frames/202207191643_00-Moving/01416.png,output/fascia/masks/202207191643_00-Moving/01416.png,202207191643_00-Moving,1416,True,True
output/fascia/frames/202207191643_00-Moving/01417.png,output/fascia/masks/202207191643_00-Moving/01417.png,202207191643_00-Moving,1417,True,True
output/fascia/frames/202207191643_00-Moving/01418.png,output/fascia/masks/202207191643_00-Moving/01418.png,202207191643_00-Moving,1418,True,True
output/fascia/frames/202207191643_00-Moving/01419.png,output/fascia/masks/202207191643_00-Moving/01419.png,202207191643_00-Moving,1419,True,True
output/fascia/frames/202207191643_00-Moving/01420.png,output/fascia/masks/202207191643_00-Moving/01420.png,202207191643_00-Moving,1420,True,True
output/fascia/frames/202207191643_00-Moving/01421.png,output/fascia/masks/202207191643_00-Moving/01421.png,202207191643_00-Moving,1421,True,True
output/fascia/frames/202207191643_00-Moving/01422.png,output/fascia/masks/202207191643_00-Moving/01422.png,202207191643_00-Moving,1422,True,True
output/fascia/frames/202207191643_00-Moving/01423.png,output/fascia/masks/202207191643_00-Moving/01423.png,202207191643_00-Moving,1423,True,True
output/fascia/frames/202207191643_00-Moving/01424.png,output/fascia/masks/202207191643_00-Moving/01424.png,202207191643_00-Moving,1424,True,True
output/fascia/frames/202207191643_00-Moving/01425.png,output/fascia/masks/202207191643_00-Moving/01425.png,202207191643_00-Moving,1425,True,True
output/fascia/frames/202207191643_00-Moving/01426.png,output/fascia/masks/202207191643_00-Moving/01426.png,202207191643_00-Moving,1426,True,True
output/fascia/frames/202207191643_00-Moving/01427.png,output/fascia/masks/202207191643_00-Moving/01427.png,202207191643_00-Moving,1427,True,True
output/fascia/frames/202207191643_00-Moving/01428.png,output/fascia/masks/202207191643_00-Moving/01428.png,202207191643_00-Moving,1428,True,True
output/fascia/frames/202207191643_00-Moving/01429.png,output/fascia/masks/202207191643_00-Moving/01429.png,202207191643_00-Moving,1429,True,True
output/fascia/frames/202207191643_00-Moving/01430.png,output/fascia/masks/202207191643_00-Moving/01430.png,202207191643_00-Moving,1430,True,True
output/fascia/frames/202207191643_00-Moving/01431.png,output/fascia/masks/202207191643_00-Moving/01431.png,202207191643_00-Moving,1431,True,True
output/fascia/frames/202207191643_00-Moving/01432.png,output/fascia/masks/202207191643_00-Moving/01432.png,202207191643_00-Moving,1432,True,True
output/fascia/frames/202207191643_00-Moving/01433.png,output/fascia/masks/202207191643_00-Moving/01433.png,202207191643_00-Moving,1433,True,True
output/fascia/frames/202207191643_00-Moving/01434.png,output/fascia/masks/202207191643_00-Moving/01434.png,202207191643_00-Moving,1434,True,True
output/fascia/frames/202207191643_00-Moving/01435.png,output/fascia/masks/202207191643_00-Moving/01435.png,202207191643_00-Moving,1435,True,True
output/fascia/frames/202207191643_00-Moving/01436.png,output/fascia/masks/202207191643_00-Moving/01436.png,202207191643_00-Moving,1436,True,True
output/fascia/frames/202207191643_00-Moving/01437.png,output/fascia/masks/202207191643_00-Moving/01437.png,202207191643_00-Moving,1437,True,True
output/fascia/frames/202207191643_00-Moving/01438.png,output/fascia/masks/202207191643_00-Moving/01438.png,202207191643_00-Moving,1438,True,True
output/fascia/frames/202207191643_00-Moving/01439.png,output/fascia/masks/202207191643_00-Moving/01439.png,202207191643_00-Moving,1439,True,True
output/fascia/frames/202207191643_00-Moving/01440.png,output/fascia/masks/202207191643_00-Moving/01440.png,202207191643_00-Moving,1440,True,True
output/fascia/frames/202207191643_00-Moving/01441.png,output/fascia/masks/202207191643_00-Moving/01441.png,202207191643_00-Moving,1441,True,True
output/fascia/frames/202207191643_00-Moving/01442.png,output/fascia/masks/202207191643_00-Moving/01442.png,202207191643_00-Moving,1442,True,True
output/fascia/frames/202207191643_00-Moving/01443.png,output/fascia/masks/202207191643_00-Moving/01443.png,202207191643_00-Moving,1443,True,True
output/fascia/frames/202207191643_00-Moving/01444.png,output/fascia/masks/202207191643_00-Moving/01444.png,202207191643_00-Moving,1444,True,True
output/fascia/frames/202207191643_00-Moving/01445.png,output/fascia/masks/202207191643_00-Moving/01445.png,202207191643_00-Moving,1445,True,True
output/fascia/frames/202207191643_00-Moving/01446.png,output/fascia/masks/202207191643_00-Moving/01446.png,202207191643_00-Moving,1446,True,True
output/fascia/frames/202207191643_00-Moving/01447.png,output/fascia/masks/202207191643_00-Moving/01447.png,202207191643_00-Moving,1447,True,True
output/fascia/frames/202207191643_00-Moving/01448.png,output/fascia/masks/202207191643_00-Moving/01448.png,202207191643_00-Moving,1448,True,True
output/fascia/frames/202207191643_00-Moving/01449.png,output/fascia/masks/202207191643_00-Moving/01449.png,202207191643_00-Moving,1449,True,True
output/fascia/frames/202207191643_00-Moving/01450.png,output/fascia/masks/202207191643_00-Moving/01450.png,202207191643_00-Moving,1450,True,True
output/fascia/frames/202207191643_00-Moving/01451.png,output/fascia/masks/202207191643_00-Moving/01451.png,202207191643_00-Moving,1451,True,True
output/fascia/frames/202207191643_00-Moving/01452.png,output/fascia/masks/202207191643_00-Moving/01452.png,202207191643_00-Moving,1452,True,True
output/fascia/frames/202207191643_00-Moving/01453.png,output/fascia/masks/202207191643_00-Moving/01453.png,202207191643_00-Moving,1453,True,True
output/fascia/frames/202207191643_00-Moving/01454.png,output/fascia/masks/202207191643_00-Moving/01454.png,202207191643_00-Moving,1454,True,True
output/fascia/frames/202207191643_00-Moving/01455.png,output/fascia/masks/202207191643_00-Moving/01455.png,202207191643_00-Moving,1455,True,True
output/fascia/frames/202207191643_00-Moving/01456.png,output/fascia/masks/202207191643_00-Moving/01456.png,202207191643_00-Moving,1456,True,True
output/fascia/frames/202207191643_00-Moving/01457.png,output/fascia/masks/202207191643_00-Moving/01457.png,202207191643_00-Moving,1457,True,True
output/fascia/frames/202207191643_00-Moving/01458.png,output/fascia/masks/202207191643_00-Moving/01458.png,202207191643_00-Moving,1458,True,True
output/fascia/frames/202207191643_00-Moving/01459.png,output/fascia/masks/202207191643_00-Moving/01459.png,202207191643_00-Moving,1459,True,True
output/fascia/frames/202207191643_00-Moving/01460.png,output/fascia/masks/202207191643_00-Moving/01460.png,202207191643_00-Moving,1460,True,True
output/fascia/frames/202207191643_00-Moving/01461.png,output/fascia/masks/202207191643_00-Moving/01461.png,202207191643_00-Moving,1461,True,True
output/fascia/frames/202207191643_00-Moving/01462.png,output/fascia/masks/202207191643_00-Moving/01462.png,202207191643_00-Moving,1462,True,True
output/fascia/frames/202207191643_00-Moving/01463.png,output/fascia/masks/202207191643_00-Moving/01463.png,202207191643_00-Moving,1463,True,True
output/fascia/frames/202207191643_00-Moving/01464.png,output/fascia/masks/202207191643_00-Moving/01464.png,202207191643_00-Moving,1464,True,True
output/fascia/frames/202207191643_00-Moving/01465.png,output/fascia/masks/202207191643_00-Moving/01465.png,202207191643_00-Moving,1465,True,True
output/fascia/frames/202207221607_52-Long2/00000.png,output/fascia/masks/202207221607_52-Long2/00000.png,202207221607_52-Long2,0,False,False
output/fascia/frames/202207221607_52-Long2/00001.png,output/fascia/masks/202207221607_52-Long2/00001.png,202207221607_52-Long2,1,False,False
output/fascia/frames/202207221607_52-Long2/00002.png,output/fascia/masks/202207221607_52-Long2/00002.png,202207221607_52-Long2,2,False,False
output/fascia/frames/202207221607_52-Long2/00003.png,output/fascia/masks/202207221607_52-Long2/00003.png,202207221607_52-Long2,3,False,False
output/fascia/frames/202207221607_52-Long2/00004.png,output/fascia/masks/202207221607_52-Long2/00004.png,202207221607_52-Long2,4,False,False
output/fascia/frames/202207221607_52-Long2/00005.png,output/fascia/masks/202207221607_52-Long2/00005.png,202207221607_52-Long2,5,False,False
output/fascia/frames/202207221607_52-Long2/00006.png,output/fascia/masks/202207221607_52-Long2/00006.png,202207221607_52-Long2,6,False,False
output/fascia/frames/202207221607_52-Long2/00007.png,output/fascia/masks/202207221607_52-Long2/00007.png,202207221607_52-Long2,7,False,False
output/fascia/frames/202207221607_52-Long2/00008.png,output/fascia/masks/202207221607_52-Long2/00008.png,202207221607_52-Long2,8,False,False
output/fascia/frames/202207221607_52-Long2/00009.png,output/fascia/masks/202207221607_52-Long2/00009.png,202207221607_52-Long2,9,False,False
output/fascia/frames/202207221607_52-Long2/00010.png,output/fascia/masks/202207221607_52-Long2/00010.png,202207221607_52-Long2,10,False,False
output/fascia/frames/202207221607_52-Long2/00011.png,output/fascia/masks/202207221607_52-Long2/00011.png,202207221607_52-Long2,11,False,False
output/fascia/frames/202207221607_52-Long2/00012.png,output/fascia/masks/202207221607_52-Long2/00012.png,202207221607_52-Long2,12,False,False
output/fascia/frames/202207221607_52-Long2/00013.png,output/fascia/masks/202207221607_52-Long2/00013.png,202207221607_52-Long2,13,False,False
output/fascia/frames/202207221607_52-Long2/00014.png,output/fascia/masks/202207221607_52-Long2/00014.png,202207221607_52-Long2,14,False,False
output/fascia/frames/202207221607_52-Long2/00015.png,output/fascia/masks/202207221607_52-Long2/00015.png,202207221607_52-Long2,15,False,False
output/fascia/frames/202207221607_52-Long2/00016.png,output/fascia/masks/202207221607_52-Long2/00016.png,202207221607_52-Long2,16,False,False
output/fascia/frames/202207221607_52-Long2/00017.png,output/fascia/masks/202207221607_52-Long2/00017.png,202207221607_52-Long2,17,False,False
output/fascia/frames/202207221607_52-Long2/00018.png,output/fascia/masks/202207221607_52-Long2/00018.png,202207221607_52-Long2,18,False,False
output/fascia/frames/202207221607_52-Long2/00019.png,output/fascia/masks/202207221607_52-Long2/00019.png,202207221607_52-Long2,19,False,False
output/fascia/frames/202207221607_52-Long2/00020.png,output/fascia/masks/202207221607_52-Long2/00020.png,202207221607_52-Long2,20,False,False
output/fascia/frames/202207221607_52-Long2/00021.png,output/fascia/masks/202207221607_52-Long2/00021.png,202207221607_52-Long2,21,False,False
output/fascia/frames/202207221607_52-Long2/00022.png,output/fascia/masks/202207221607_52-Long2/00022.png,202207221607_52-Long2,22,False,False
output/fascia/frames/202207221607_52-Long2/00023.png,output/fascia/masks/202207221607_52-Long2/00023.png,202207221607_52-Long2,23,False,False
output/fascia/frames/202207221607_52-Long2/00024.png,output/fascia/masks/202207221607_52-Long2/00024.png,202207221607_52-Long2,24,False,False
output/fascia/frames/202207221607_52-Long2/00025.png,output/fascia/masks/202207221607_52-Long2/00025.png,202207221607_52-Long2,25,False,False
output/fascia/frames/202207221607_52-Long2/00026.png,output/fascia/masks/202207221607_52-Long2/00026.png,202207221607_52-Long2,26,False,False
output/fascia/frames/202207221607_52-Long2/00027.png,output/fascia/masks/202207221607_52-Long2/00027.png,202207221607_52-Long2,27,False,False
output/fascia/frames/202207221607_52-Long2/00028.png,output/fascia/masks/202207221607_52-Long2/00028.png,202207221607_52-Long2,28,False,False
output/fascia/frames/202207221607_52-Long2/00029.png,output/fascia/masks/202207221607_52-Long2/00029.png,202207221607_52-Long2,29,False,False
output/fascia/frames/202207221607_52-Long2/00030.png,output/fascia/masks/202207221607_52-Long2/00030.png,202207221607_52-Long2,30,False,False
output/fascia/frames/202207221607_52-Long2/00031.png,output/fascia/masks/202207221607_52-Long2/00031.png,202207221607_52-Long2,31,False,False
output/fascia/frames/202207221607_52-Long2/00032.png,output/fascia/masks/202207221607_52-Long2/00032.png,202207221607_52-Long2,32,False,False
output/fascia/frames/202207221607_52-Long2/00033.png,output/fascia/masks/202207221607_52-Long2/00033.png,202207221607_52-Long2,33,False,False
output/fascia/frames/202207221607_52-Long2/00034.png,output/fascia/masks/202207221607_52-Long2/00034.png,202207221607_52-Long2,34,False,False
output/fascia/frames/202207221607_52-Long2/00035.png,output/fascia/masks/202207221607_52-Long2/00035.png,202207221607_52-Long2,35,False,False
output/fascia/frames/202207221607_52-Long2/00036.png,output/fascia/masks/202207221607_52-Long2/00036.png,202207221607_52-Long2,36,False,False
output/fascia/frames/202207221607_52-Long2/00037.png,output/fascia/masks/202207221607_52-Long2/00037.png,202207221607_52-Long2,37,False,False
output/fascia/frames/202207221607_52-Long2/00038.png,output/fascia/masks/202207221607_52-Long2/00038.png,202207221607_52-Long2,38,False,False
output/fascia/frames/202207221607_52-Long2/00039.png,output/fascia/masks/202207221607_52-Long2/00039.png,202207221607_52-Long2,39,False,False
output/fascia/frames/202207221607_52-Long2/00040.png,output/fascia/masks/202207221607_52-Long2/00040.png,202207221607_52-Long2,40,False,False
output/fascia/frames/202207221607_52-Long2/00041.png,output/fascia/masks/202207221607_52-Long2/00041.png,202207221607_52-Long2,41,False,False
output/fascia/frames/202207221607_52-Long2/00042.png,output/fascia/masks/202207221607_52-Long2/00042.png,202207221607_52-Long2,42,False,False
output/fascia/frames/202207221607_52-Long2/00043.png,output/fascia/masks/202207221607_52-Long2/00043.png,202207221607_52-Long2,43,False,False
output/fascia/frames/202207221607_52-Long2/00044.png,output/fascia/masks/202207221607_52-Long2/00044.png,202207221607_52-Long2,44,False,False
output/fascia/frames/202207221607_52-Long2/00045.png,output/fascia/masks/202207221607_52-Long2/00045.png,202207221607_52-Long2,45,False,False
output/fascia/frames/202207221607_52-Long2/00046.png,output/fascia/masks/202207221607_52-Long2/00046.png,202207221607_52-Long2,46,False,False
output/fascia/frames/202207221607_52-Long2/00047.png,output/fascia/masks/202207221607_52-Long2/00047.png,202207221607_52-Long2,47,False,False
output/fascia/frames/202207221607_52-Long2/00048.png,output/fascia/masks/202207221607_52-Long2/00048.png,202207221607_52-Long2,48,False,False
output/fascia/frames/202207221607_52-Long2/00049.png,output/fascia/masks/202207221607_52-Long2/00049.png,202207221607_52-Long2,49,False,False
output/fascia/frames/202207221607_52-Long2/00050.png,output/fascia/masks/202207221607_52-Long2/00050.png,202207221607_52-Long2,50,False,False
output/fascia/frames/202207221607_52-Long2/00051.png,output/fascia/masks/202207221607_52-Long2/00051.png,202207221607_52-Long2,51,False,False
output/fascia/frames/202207221607_52-Long2/00052.png,output/fascia/masks/202207221607_52-Long2/00052.png,202207221607_52-Long2,52,False,False
output/fascia/frames/202207221607_52-Long2/00053.png,output/fascia/masks/202207221607_52-Long2/00053.png,202207221607_52-Long2,53,False,False
output/fascia/frames/202207221607_52-Long2/00054.png,output/fascia/masks/202207221607_52-Long2/00054.png,202207221607_52-Long2,54,False,False
output/fascia/frames/202207221607_52-Long2/00055.png,output/fascia/masks/202207221607_52-Long2/00055.png,202207221607_52-Long2,55,False,False
output/fascia/frames/202207221607_52-Long2/00056.png,output/fascia/masks/202207221607_52-Long2/00056.png,202207221607_52-Long2,56,False,False
output/fascia/frames/202207221607_52-Long2/00057.png,output/fascia/masks/202207221607_52-Long2/00057.png,202207221607_52-Long2,57,False,False
output/fascia/frames/202207221607_52-Long2/00058.png,output/fascia/masks/202207221607_52-Long2/00058.png,202207221607_52-Long2,58,False,False
output/fascia/frames/202207221607_52-Long2/00059.png,output/fascia/masks/202207221607_52-Long2/00059.png,202207221607_52-Long2,59,False,False
output/fascia/frames/202207221607_52-Long2/00060.png,output/fascia/masks/202207221607_52-Long2/00060.png,202207221607_52-Long2,60,False,False
output/fascia/frames/202207221607_52-Long2/00061.png,output/fascia/masks/202207221607_52-Long2/00061.png,202207221607_52-Long2,61,False,False
output/fascia/frames/202207221607_52-Long2/00062.png,output/fascia/masks/202207221607_52-Long2/00062.png,202207221607_52-Long2,62,False,False
output/fascia/frames/202207221607_52-Long2/00063.png,output/fascia/masks/202207221607_52-Long2/00063.png,202207221607_52-Long2,63,False,False
output/fascia/frames/202207221607_52-Long2/00064.png,output/fascia/masks/202207221607_52-Long2/00064.png,202207221607_52-Long2,64,False,False
output/fascia/frames/202207221607_52-Long2/00065.png,output/fascia/masks/202207221607_52-Long2/00065.png,202207221607_52-Long2,65,False,False
output/fascia/frames/202207221607_52-Long2/00066.png,output/fascia/masks/202207221607_52-Long2/00066.png,202207221607_52-Long2,66,False,False
output/fascia/frames/202207221607_52-Long2/00067.png,output/fascia/masks/202207221607_52-Long2/00067.png,202207221607_52-Long2,67,False,False
output/fascia/frames/202207221607_52-Long2/00068.png,output/fascia/masks/202207221607_52-Long2/00068.png,202207221607_52-Long2,68,False,False
output/fascia/frames/202207221607_52-Long2/00069.png,output/fascia/masks/202207221607_52-Long2/00069.png,202207221607_52-Long2,69,False,False
output/fascia/frames/202207221607_52-Long2/00070.png,output/fascia/masks/202207221607_52-Long2/00070.png,202207221607_52-Long2,70,False,False
output/fascia/frames/202207221607_52-Long2/00071.png,output/fascia/masks/202207221607_52-Long2/00071.png,202207221607_52-Long2,71,False,False
output/fascia/frames/202207221607_52-Long2/00072.png,output/fascia/masks/202207221607_52-Long2/00072.png,202207221607_52-Long2,72,False,False
output/fascia/frames/202207221607_52-Long2/00073.png,output/fascia/masks/202207221607_52-Long2/00073.png,202207221607_52-Long2,73,False,False
output/fascia/frames/202207221607_52-Long2/00074.png,output/fascia/masks/202207221607_52-Long2/00074.png,202207221607_52-Long2,74,False,False
output/fascia/frames/202207221607_52-Long2/00075.png,output/fascia/masks/202207221607_52-Long2/00075.png,202207221607_52-Long2,75,False,False
output/fascia/frames/202207221607_52-Long2/00076.png,output/fascia/masks/202207221607_52-Long2/00076.png,202207221607_52-Long2,76,False,False
output/fascia/frames/202207221607_52-Long2/00077.png,output/fascia/masks/202207221607_52-Long2/00077.png,202207221607_52-Long2,77,False,False
output/fascia/frames/202207221607_52-Long2/00078.png,output/fascia/masks/202207221607_52-Long2/00078.png,202207221607_52-Long2,78,False,False
output/fascia/frames/202207221607_52-Long2/00079.png,output/fascia/masks/202207221607_52-Long2/00079.png,202207221607_52-Long2,79,False,False
output/fascia/frames/202207221607_52-Long2/00080.png,output/fascia/masks/202207221607_52-Long2/00080.png,202207221607_52-Long2,80,False,False
output/fascia/frames/202207221607_52-Long2/00081.png,output/fascia/masks/202207221607_52-Long2/00081.png,202207221607_52-Long2,81,False,False
output/fascia/frames/202207221607_52-Long2/00082.png,output/fascia/masks/202207221607_52-Long2/00082.png,202207221607_52-Long2,82,False,False
output/fascia/frames/202207221607_52-Long2/00083.png,output/fascia/masks/202207221607_52-Long2/00083.png,202207221607_52-Long2,83,False,False
output/fascia/frames/202207221607_52-Long2/00084.png,output/fascia/masks/202207221607_52-Long2/00084.png,202207221607_52-Long2,84,False,False
output/fascia/frames/202207221607_52-Long2/00085.png,output/fascia/masks/202207221607_52-Long2/00085.png,202207221607_52-Long2,85,False,False
output/fascia/frames/202207221607_52-Long2/00086.png,output/fascia/masks/202207221607_52-Long2/00086.png,202207221607_52-Long2,86,False,False
output/fascia/frames/202207221607_52-Long2/00087.png,output/fascia/masks/202207221607_52-Long2/00087.png,202207221607_52-Long2,87,False,False
output/fascia/frames/202207221607_52-Long2/00088.png,output/fascia/masks/202207221607_52-Long2/00088.png,202207221607_52-Long2,88,False,False
output/fascia/frames/202207221607_52-Long2/00089.png,output/fascia/masks/202207221607_52-Long2/00089.png,202207221607_52-Long2,89,False,False
output/fascia/frames/202207221607_52-Long2/00090.png,output/fascia/masks/202207221607_52-Long2/00090.png,202207221607_52-Long2,90,False,False
output/fascia/frames/202207221607_52-Long2/00091.png,output/fascia/masks/202207221607_52-Long2/00091.png,202207221607_52-Long2,91,False,False
output/fascia/frames/202207221607_52-Long2/00092.png,output/fascia/masks/202207221607_52-Long2/00092.png,202207221607_52-Long2,92,False,False
output/fascia/frames/202207221607_52-Long2/00093.png,output/fascia/masks/202207221607_52-Long2/00093.png,202207221607_52-Long2,93,False,False
output/fascia/frames/202207221607_52-Long2/00094.png,output/fascia/masks/202207221607_52-Long2/00094.png,202207221607_52-Long2,94,False,False
output/fascia/frames/202207221607_52-Long2/00095.png,output/fascia/masks/202207221607_52-Long2/00095.png,202207221607_52-Long2,95,False,False
output/fascia/frames/202207221607_52-Long2/00096.png,output/fascia/masks/202207221607_52-Long2/00096.png,202207221607_52-Long2,96,False,False
output/fascia/frames/202207221607_52-Long2/00097.png,output/fascia/masks/202207221607_52-Long2/00097.png,202207221607_52-Long2,97,False,False
output/fascia/frames/202207221607_52-Long2/00098.png,output/fascia/masks/202207221607_52-Long2/00098.png,202207221607_52-Long2,98,False,False
output/fascia/frames/202207221607_52-Long2/00099.png,output/fascia/masks/202207221607_52-Long2/00099.png,202207221607_52-Long2,99,False,False
output/fascia/frames/202207221607_52-Long2/00100.png,output/fascia/masks/202207221607_52-Long2/00100.png,202207221607_52-Long2,100,False,False
output/fascia/frames/202207221607_52-Long2/00101.png,output/fascia/masks/202207221607_52-Long2/00101.png,202207221607_52-Long2,101,False,False
output/fascia/frames/202207221607_52-Long2/00102.png,output/fascia/masks/202207221607_52-Long2/00102.png,202207221607_52-Long2,102,False,False
output/fascia/frames/202207221607_52-Long2/00103.png,output/fascia/masks/202207221607_52-Long2/00103.png,202207221607_52-Long2,103,False,False
output/fascia/frames/202207221607_52-Long2/00104.png,output/fascia/masks/202207221607_52-Long2/00104.png,202207221607_52-Long2,104,False,False
output/fascia/frames/202207221607_52-Long2/00105.png,output/fascia/masks/202207221607_52-Long2/00105.png,202207221607_52-Long2,105,False,False
output/fascia/frames/202207221607_52-Long2/00106.png,output/fascia/masks/202207221607_52-Long2/00106.png,202207221607_52-Long2,106,False,False
output/fascia/frames/202207221607_52-Long2/00107.png,output/fascia/masks/202207221607_52-Long2/00107.png,202207221607_52-Long2,107,False,False
output/fascia/frames/202207221607_52-Long2/00108.png,output/fascia/masks/202207221607_52-Long2/00108.png,202207221607_52-Long2,108,False,False
output/fascia/frames/202207221607_52-Long2/00109.png,output/fascia/masks/202207221607_52-Long2/00109.png,202207221607_52-Long2,109,False,False
output/fascia/frames/202207221607_52-Long2/00110.png,output/fascia/masks/202207221607_52-Long2/00110.png,202207221607_52-Long2,110,False,False
output/fascia/frames/202207221607_52-Long2/00111.png,output/fascia/masks/202207221607_52-Long2/00111.png,202207221607_52-Long2,111,False,False
output/fascia/frames/202207221607_52-Long2/00112.png,output/fascia/masks/202207221607_52-Long2/00112.png,202207221607_52-Long2,112,False,False
output/fascia/frames/202207221607_52-Long2/00113.png,output/fascia/masks/202207221607_52-Long2/00113.png,202207221607_52-Long2,113,False,False
output/fascia/frames/202207221607_52-Long2/00114.png,output/fascia/masks/202207221607_52-Long2/00114.png,202207221607_52-Long2,114,False,False
output/fascia/frames/202207221607_52-Long2/00115.png,output/fascia/masks/202207221607_52-Long2/00115.png,202207221607_52-Long2,115,False,False
output/fascia/frames/202207221607_52-Long2/00116.png,output/fascia/masks/202207221607_52-Long2/00116.png,202207221607_52-Long2,116,False,False
output/fascia/frames/202207221607_52-Long2/00117.png,output/fascia/masks/202207221607_52-Long2/00117.png,202207221607_52-Long2,117,False,False
output/fascia/frames/202207221607_52-Long2/00118.png,output/fascia/masks/202207221607_52-Long2/00118.png,202207221607_52-Long2,118,False,False
output/fascia/frames/202207221607_52-Long2/00119.png,output/fascia/masks/202207221607_52-Long2/00119.png,202207221607_52-Long2,119,False,False
output/fascia/frames/sample_data/00000.png,output/fascia/masks/sample_data/00000.png,sample_data,0,True,True
output/fascia/frames/sample_data/00001.png,output/fascia/masks/sample_data/00001.png,sample_data,1,True,True
output/fascia/frames/sample_data/00002.png,output/fascia/masks/sample_data/00002.png,sample_data,2,True,True
output/fascia/frames/sample_data/00003.png,output/fascia/masks/sample_data/00003.png,sample_data,3,True,True
output/fascia/frames/sample_data/00004.png,output/fascia/masks/sample_data/00004.png,sample_data,4,True,True
output/fascia/frames/sample_data/00005.png,output/fascia/masks/sample_data/00005.png,sample_data,5,True,True
output/fascia/frames/sample_data/00006.png,output/fascia/masks/sample_data/00006.png,sample_data,6,True,True
output/fascia/frames/sample_data/00007.png,output/fascia/masks/sample_data/00007.png,sample_data,7,True,True
output/fascia/frames/sample_data/00008.png,output/fascia/masks/sample_data/00008.png,sample_data,8,True,True
output/fascia/frames/sample_data/00009.png,output/fascia/masks/sample_data/00009.png,sample_data,9,True,True
output/fascia/frames/sample_data/00010.png,output/fascia/masks/sample_data/00010.png,sample_data,10,True,True
output/fascia/frames/sample_data/00011.png,output/fascia/masks/sample_data/00011.png,sample_data,11,True,True
output/fascia/frames/sample_data/00012.png,output/fascia/masks/sample_data/00012.png,sample_data,12,True,True
output/fascia/frames/sample_data/00013.png,output/fascia/masks/sample_data/00013.png,sample_data,13,True,True
output/fascia/frames/sample_data/00014.png,output/fascia/masks/sample_data/00014.png,sample_data,14,True,True
output/fascia/frames/sample_data/00015.png,output/fascia/masks/sample_data/00015.png,sample_data,15,True,True
output/fascia/frames/sample_data/00016.png,output/fascia/masks/sample_data/00016.png,sample_data,16,True,True
output/fascia/frames/sample_data/00017.png,output/fascia/masks/sample_data/00017.png,sample_data,17,True,True
output/fascia/frames/sample_data/00018.png,output/fascia/masks/sample_data/00018.png,sample_data,18,True,True
output/fascia/frames/sample_data/00019.png,output/fascia/masks/sample_data/00019.png,sample_data,19,True,True
output/fascia/frames/sample_data/00020.png,output/fascia/masks/sample_data/00020.png,sample_data,20,True,True
output/fascia/frames/sample_data/00021.png,output/fascia/masks/sample_data/00021.png,sample_data,21,True,True
output/fascia/frames/sample_data/00022.png,output/fascia/masks/sample_data/00022.png,sample_data,22,True,True
output/fascia/frames/sample_data/00023.png,output/fascia/masks/sample_data/00023.png,sample_data,23,True,True
output/fascia/frames/sample_data/00024.png,output/fascia/masks/sample_data/00024.png,sample_data,24,True,True
output/fascia/frames/sample_data/00025.png,output/fascia/masks/sample_data/00025.png,sample_data,25,True,True
output/fascia/frames/sample_data/00026.png,output/fascia/masks/sample_data/00026.png,sample_data,26,True,True
output/fascia/frames/sample_data/00027.png,output/fascia/masks/sample_data/00027.png,sample_data,27,True,True
output/fascia/frames/sample_data/00028.png,output/fascia/masks/sample_data/00028.png,sample_data,28,True,True
output/fascia/frames/sample_data/00029.png,output/fascia/masks/sample_data/00029.png,sample_data,29,True,True
output/fascia/frames/sample_data/00030.png,output/fascia/masks/sample_data/00030.png,sample_data,30,True,True
output/fascia/frames/sample_data/00031.png,output/fascia/masks/sample_data/00031.png,sample_data,31,True,True
output/fascia/frames/sample_data/00032.png,output/fascia/masks/sample_data/00032.png,sample_data,32,True,True
output/fascia/frames/sample_data/00033.png,output/fascia/masks/sample_data/00033.png,sample_data,33,True,True
output/fascia/frames/sample_data/00034.png,output/fascia/masks/sample_data/00034.png,sample_data,34,True,True
output/fascia/frames/sample_data/00035.png,output/fascia/masks/sample_data/00035.png,sample_data,35,True,True
output/fascia/frames/sample_data/00036.png,output/fascia/masks/sample_data/00036.png,sample_data,36,True,True
output/fascia/frames/sample_data/00037.png,output/fascia/masks/sample_data/00037.png,sample_data,37,True,True
output/fascia/frames/sample_data/00038.png,output/fascia/masks/sample_data/00038.png,sample_data,38,True,True
output/fascia/frames/sample_data/00039.png,output/fascia/masks/sample_data/00039.png,sample_data,39,True,True
output/fascia/frames/sample_data/00040.png,output/fascia/masks/sample_data/00040.png,sample_data,40,True,True
output/fascia/frames/sample_data/00041.png,output/fascia/masks/sample_data/00041.png,sample_data,41,True,True
output/fascia/frames/sample_data/00042.png,output/fascia/masks/sample_data/00042.png,sample_data,42,True,True
output/fascia/frames/sample_data/00043.png,output/fascia/masks/sample_data/00043.png,sample_data,43,True,True
output/fascia/frames/sample_data/00044.png,output/fascia/masks/sample_data/00044.png,sample_data,44,True,True
output/fascia/frames/sample_data/00045.png,output/fascia/masks/sample_data/00045.png,sample_data,45,True,True
output/fascia/frames/sample_data/00046.png,output/fascia/masks/sample_data/00046.png,sample_data,46,True,True
output/fascia/frames/sample_data/00047.png,output/fascia/masks/sample_data/00047.png,sample_data,47,True,True
output/fascia/frames/sample_data/00048.png,output/fascia/masks/sample_data/00048.png,sample_data,48,True,True
output/fascia/frames/sample_data/00049.png,output/fascia/masks/sample_data/00049.png,sample_data,49,True,True
output/fascia/frames/sample_data/00050.png,output/fascia/masks/sample_data/00050.png,sample_data,50,True,True
output/fascia/frames/sample_data/00051.png,output/fascia/masks/sample_data/00051.png,sample_data,51,True,True
output/fascia/frames/sample_data/00052.png,output/fascia/masks/sample_data/00052.png,sample_data,52,True,True
output/fascia/frames/sample_data/00053.png,output/fascia/masks/sample_data/00053.png,sample_data,53,True,True
output/fascia/frames/sample_data/00054.png,output/fascia/masks/sample_data/00054.png,sample_data,54,True,True
output/fascia/frames/sample_data/00055.png,output/fascia/masks/sample_data/00055.png,sample_data,55,True,True
output/fascia/frames/sample_data/00056.png,output/fascia/masks/sample_data/00056.png,sample_data,56,True,True
output/fascia/frames/sample_data/00057.png,output/fascia/masks/sample_data/00057.png,sample_data,57,True,True
output/fascia/frames/sample_data/00058.png,output/fascia/masks/sample_data/00058.png,sample_data,58,True,True
output/fascia/frames/sample_data/00059.png,output/fascia/masks/sample_data/00059.png,sample_data,59,True,True
output/fascia/frames/sample_data/00060.png,output/fascia/masks/sample_data/00060.png,sample_data,60,True,True
output/fascia/frames/sample_data/00061.png,output/fascia/masks/sample_data/00061.png,sample_data,61,True,True
output/fascia/frames/sample_data/00062.png,output/fascia/masks/sample_data/00062.png,sample_data,62,True,True
output/fascia/frames/sample_data/00063.png,output/fascia/masks/sample_data/00063.png,sample_data,63,True,True
output/fascia/frames/sample_data/00064.png,output/fascia/masks/sample_data/00064.png,sample_data,64,True,True
output/fascia/frames/sample_data/00065.png,output/fascia/masks/sample_data/00065.png,sample_data,65,True,True
output/fascia/frames/sample_data/00066.png,output/fascia/masks/sample_data/00066.png,sample_data,66,True,True
output/fascia/frames/sample_data/00067.png,output/fascia/masks/sample_data/00067.png,sample_data,67,True,True
output/fascia/frames/sample_data/00068.png,output/fascia/masks/sample_data/00068.png,sample_data,68,True,True
output/fascia/frames/sample_data/00069.png,output/fascia/masks/sample_data/00069.png,sample_data,69,True,True
output/fascia/frames/sample_data/00070.png,output/fascia/masks/sample_data/00070.png,sample_data,70,True,True
output/fascia/frames/sample_data/00071.png,output/fascia/masks/sample_data/00071.png,sample_data,71,True,True
output/fascia/frames/sample_data/00072.png,output/fascia/masks/sample_data/00072.png,sample_data,72,True,True
output/fascia/frames/sample_data/00073.png,output/fascia/masks/sample_data/00073.png,sample_data,73,True,True
output/fascia/frames/sample_data/00074.png,output/fascia/masks/sample_data/00074.png,sample_data,74,True,True
output/fascia/frames/sample_data/00075.png,output/fascia/masks/sample_data/00075.png,sample_data,75,True,True
output/fascia/frames/sample_data/00076.png,output/fascia/masks/sample_data/00076.png,sample_data,76,True,True
output/fascia/frames/sample_data/00077.png,output/fascia/masks/sample_data/00077.png,sample_data,77,True,True
output/fascia/frames/sample_data/00078.png,output/fascia/masks/sample_data/00078.png,sample_data,78,True,True
output/fascia/frames/sample_data/00079.png,output/fascia/masks/sample_data/00079.png,sample_data,79,True,True
output/fascia/frames/sample_data/00080.png,output/fascia/masks/sample_data/00080.png,sample_data,80,True,True
output/fascia/frames/sample_data/00081.png,output/fascia/masks/sample_data/00081.png,sample_data,81,True,True
output/fascia/frames/sample_data/00082.png,output/fascia/masks/sample_data/00082.png,sample_data,82,True,True
output/fascia/frames/sample_data/00083.png,output/fascia/masks/sample_data/00083.png,sample_data,83,True,True
output/fascia/frames/sample_data/00084.png,output/fascia/masks/sample_data/00084.png,sample_data,84,True,True
output/fascia/frames/sample_data/00085.png,output/fascia/masks/sample_data/00085.png,sample_data,85,True,True
output/fascia/frames/sample_data/00086.png,output/fascia/masks/sample_data/00086.png,sample_data,86,True,True
output/fascia/frames/sample_data/00087.png,output/fascia/masks/sample_data/00087.png,sample_data,87,True,True
output/fascia/frames/sample_data/00088.png,output/fascia/masks/sample_data/00088.png,sample_data,88,True,True
output/fascia/frames/sample_data/00089.png,output/fascia/masks/sample_data/00089.png,sample_data,89,True,True
output/fascia/frames/sample_data/00090.png,output/fascia/masks/sample_data/00090.png,sample_data,90,True,True
output/fascia/frames/sample_data/00091.png,output/fascia/masks/sample_data/00091.png,sample_data,91,True,True
output/fascia/frames/sample_data/00092.png,output/fascia/masks/sample_data/00092.png,sample_data,92,True,True
output/fascia/frames/sample_data/00093.png,output/fascia/masks/sample_data/00093.png,sample_data,93,True,True
output/fascia/frames/sample_data/00094.png,output/fascia/masks/sample_data/00094.png,sample_data,94,True,True
output/fascia/frames/sample_data/00095.png,output/fascia/masks/sample_data/00095.png,sample_data,95,True,True
output/fascia/frames/sample_data/00096.png,output/fascia/masks/sample_data/00096.png,sample_data,96,True,True
output/fascia/frames/sample_data/00097.png,output/fascia/masks/sample_data/00097.png,sample_data,97,True,True
output/fascia/frames/sample_data/00098.png,output/fascia/masks/sample_data/00098.png,sample_data,98,True,True
output/fascia/frames/sample_data/00099.png,output/fascia/masks/sample_data/00099.png,sample_data,99,True,True
output/fascia/frames/sample_data/00100.png,output/fascia/masks/sample_data/00100.png,sample_data,100,True,True
output/fascia/frames/sample_data/00101.png,output/fascia/masks/sample_data/00101.png,sample_data,101,True,True
output/fascia/frames/sample_data/00102.png,output/fascia/masks/sample_data/00102.png,sample_data,102,True,True
output/fascia/frames/sample_data/00103.png,output/fascia/masks/sample_data/00103.png,sample_data,103,True,True
output/fascia/frames/sample_data/00104.png,output/fascia/masks/sample_data/00104.png,sample_data,104,True,True
output/fascia/frames/sample_data/00105.png,output/fascia/masks/sample_data/00105.png,sample_data,105,True,True
output/fascia/frames/sample_data/00106.png,output/fascia/masks/sample_data/00106.png,sample_data,106,True,True
output/fascia/frames/sample_data/00107.png,output/fascia/masks/sample_data/00107.png,sample_data,107,True,True
output/fascia/frames/sample_data/00108.png,output/fascia/masks/sample_data/00108.png,sample_data,108,True,True
output/fascia/frames/sample_data/00109.png,output/fascia/masks/sample_data/00109.png,sample_data,109,True,True
output/fascia/frames/sample_data/00110.png,output/fascia/masks/sample_data/00110.png,sample_data,110,True,True
output/fascia/frames/sample_data/00111.png,output/fascia/masks/sample_data/00111.png,sample_data,111,True,True
output/fascia/frames/sample_data/00112.png,output/fascia/masks/sample_data/00112.png,sample_data,112,True,True
output/fascia/frames/sample_data/00113.png,output/fascia/masks/sample_data/00113.png,sample_data,113,True,True
output/fascia/frames/sample_data/00114.png,output/fascia/masks/sample_data/00114.png,sample_data,114,True,True
output/fascia/frames/sample_data/00115.png,output/fascia/masks/sample_data/00115.png,sample_data,115,True,True
output/fascia/frames/sample_data/00116.png,output/fascia/masks/sample_data/00116.png,sample_data,116,True,True
output/fascia/frames/sample_data/00117.png,output/fascia/masks/sample_data/00117.png,sample_data,117,True,True
output/fascia/frames/sample_data/00118.png,output/fascia/masks/sample_data/00118.png,sample_data,118,True,True
output/fascia/frames/sample_data/00119.png,output/fascia/masks/sample_data/00119.png,sample_data,119,True,True
output/fascia/frames/sample_data/00120.png,output/fascia/masks/sample_data/00120.png,sample_data,120,True,True
output/fascia/frames/sample_data/00121.png,output/fascia/masks/sample_data/00121.png,sample_data,121,True,True
output/fascia/frames/sample_data/00122.png,output/fascia/masks/sample_data/00122.png,sample_data,122,True,True
output/fascia/frames/sample_data/00123.png,output/fascia/masks/sample_data/00123.png,sample_data,123,True,True
output/fascia/frames/sample_data/00124.png,output/fascia/masks/sample_data/00124.png,sample_data,124,True,True
output/fascia/frames/sample_data/00125.png,output/fascia/masks/sample_data/00125.png,sample_data,125,True,True
output/fascia/frames/sample_data/00126.png,output/fascia/masks/sample_data/00126.png,sample_data,126,True,True
output/fascia/frames/sample_data/00127.png,output/fascia/masks/sample_data/00127.png,sample_data,127,True,True
output/fascia/frames/sample_data/00128.png,output/fascia/masks/sample_data/00128.png,sample_data,128,True,True
output/fascia/frames/sample_data/00129.png,output/fascia/masks/sample_data/00129.png,sample_data,129,True,True
output/fascia/frames/sample_data/00130.png,output/fascia/masks/sample_data/00130.png,sample_data,130,True,True
output/fascia/frames/sample_data/00131.png,output/fascia/masks/sample_data/00131.png,sample_data,131,True,True
output/fascia/frames/sample_data/00132.png,output/fascia/masks/sample_data/00132.png,sample_data,132,True,True
output/fascia/frames/sample_data/00133.png,output/fascia/masks/sample_data/00133.png,sample_data,133,True,True
output/fascia/frames/sample_data/00134.png,output/fascia/masks/sample_data/00134.png,sample_data,134,True,True
output/fascia/frames/sample_data/00135.png,output/fascia/masks/sample_data/00135.png,sample_data,135,True,True
output/fascia/frames/sample_data/00136.png,output/fascia/masks/sample_data/00136.png,sample_data,136,True,True
output/fascia/frames/sample_data/00137.png,output/fascia/masks/sample_data/00137.png,sample_data,137,True,True
output/fascia/frames/sample_data/00138.png,output/fascia/masks/sample_data/00138.png,sample_data,138,True,True
output/fascia/frames/sample_data/00139.png,output/fascia/masks/sample_data/00139.png,sample_data,139,True,True
output/fascia/frames/sample_data/00140.png,output/fascia/masks/sample_data/00140.png,sample_data,140,True,True
output/fascia/frames/sample_data/00141.png,output/fascia/masks/sample_data/00141.png,sample_data,141,True,True
output/fascia/frames/sample_data/00142.png,output/fascia/masks/sample_data/00142.png,sample_data,142,True,True
output/fascia/frames/sample_data/00143.png,output/fascia/masks/sample_data/00143.png,sample_data,143,True,True
output/fascia/frames/sample_data/00144.png,output/fascia/masks/sample_data/00144.png,sample_data,144,True,True
output/fascia/frames/sample_data/00145.png,output/fascia/masks/sample_data/00145.png,sample_data,145,True,True
output/fascia/frames/sample_data/00146.png,output/fascia/masks/sample_data/00146.png,sample_data,146,True,True
output/fascia/frames/sample_data/00147.png,output/fascia/masks/sample_data/00147.png,sample_data,147,True,True
output/fascia/frames/sample_data/00148.png,output/fascia/masks/sample_data/00148.png,sample_data,148,True,True
output/fascia/frames/sample_data/00149.png,output/fascia/masks/sample_data/00149.png,sample_data,149,True,True
output/fascia/frames/sample_data/00150.png,output/fascia/masks/sample_data/00150.png,sample_data,150,True,True
output/fascia/frames/sample_data/00151.png,output/fascia/masks/sample_data/00151.png,sample_data,151,True,True
output/fascia/frames/sample_data/00152.png,output/fascia/masks/sample_data/00152.png,sample_data,152,True,True
output/fascia/frames/sample_data/00153.png,output/fascia/masks/sample_data/00153.png,sample_data,153,True,True
output/fascia/frames/sample_data/00154.png,output/fascia/masks/sample_data/00154.png,sample_data,154,True,True
output/fascia/frames/sample_data/00155.png,output/fascia/masks/sample_data/00155.png,sample_data,155,True,True
output/fascia/frames/sample_data/00156.png,output/fascia/masks/sample_data/00156.png,sample_data,156,True,True
output/fascia/frames/sample_data/00157.png,output/fascia/masks/sample_data/00157.png,sample_data,157,True,True
output/fascia/frames/sample_data/00158.png,output/fascia/masks/sample_data/00158.png,sample_data,158,True,True
output/fascia/frames/sample_data/00159.png,output/fascia/masks/sample_data/00159.png,sample_data,159,True,True
output/fascia/frames/sample_data/00160.png,output/fascia/masks/sample_data/00160.png,sample_data,160,True,True
output/fascia/frames/sample_data/00161.png,output/fascia/masks/sample_data/00161.png,sample_data,161,True,True
output/fascia/frames/sample_data/00162.png,output/fascia/masks/sample_data/00162.png,sample_data,162,True,True
output/fascia/frames/sample_data/00163.png,output/fascia/masks/sample_data/00163.png,sample_data,163,True,True
output/fascia/frames/sample_data/00164.png,output/fascia/masks/sample_data/00164.png,sample_data,164,True,True
output/fascia/frames/sample_data/00165.png,output/fascia/masks/sample_data/00165.png,sample_data,165,True,True
output/fascia/frames/sample_data/00166.png,output/fascia/masks/sample_data/00166.png,sample_data,166,True,True
output/fascia/frames/sample_data/00167.png,output/fascia/masks/sample_data/00167.png,sample_data,167,True,True
output/fascia/frames/sample_data/00168.png,output/fascia/masks/sample_data/00168.png,sample_data,168,True,True
output/fascia/frames/sample_data/00169.png,output/fascia/masks/sample_data/00169.png,sample_data,169,True,True
output/fascia/frames/sample_data/00170.png,output/fascia/masks/sample_data/00170.png,sample_data,170,True,True
output/fascia/frames/sample_data/00171.png,output/fascia/masks/sample_data/00171.png,sample_data,171,True,True
output/fascia/frames/sample_data/00172.png,output/fascia/masks/sample_data/00172.png,sample_data,172,True,True
output/fascia/frames/sample_data/00173.png,output/fascia/masks/sample_data/00173.png,sample_data,173,True,True
output/fascia/frames/sample_data/00174.png,output/fascia/masks/sample_data/00174.png,sample_data,174,True,True
output/fascia/frames/sample_data/00175.png,output/fascia/masks/sample_data/00175.png,sample_data,175,True,True
output/fascia/frames/sample_data/00176.png,output/fascia/masks/sample_data/00176.png,sample_data,176,True,True
output/fascia/frames/sample_data/00177.png,output/fascia/masks/sample_data/00177.png,sample_data,177,True,True
output/fascia/frames/sample_data/00178.png,output/fascia/masks/sample_data/00178.png,sample_data,178,True,True
output/fascia/frames/sample_data/00179.png,output/fascia/masks/sample_data/00179.png,sample_data,179,True,True
output/fascia/frames/sample_data/00180.png,output/fascia/masks/sample_data/00180.png,sample_data,180,True,True
output/fascia/frames/sample_data/00181.png,output/fascia/masks/sample_data/00181.png,sample_data,181,True,True
output/fascia/frames/sample_data/00182.png,output/fascia/masks/sample_data/00182.png,sample_data,182,True,True
output/fascia/frames/sample_data/00183.png,output/fascia/masks/sample_data/00183.png,sample_data,183,True,True
output/fascia/frames/sample_data/00184.png,output/fascia/masks/sample_data/00184.png,sample_data,184,True,True
output/fascia/frames/sample_data/00185.png,output/fascia/masks/sample_data/00185.png,sample_data,185,True,True
output/fascia/frames/sample_data/00186.png,output/fascia/masks/sample_data/00186.png,sample_data,186,True,True
output/fascia/frames/sample_data/00187.png,output/fascia/masks/sample_data/00187.png,sample_data,187,True,True
output/fascia/frames/sample_data/00188.png,output/fascia/masks/sample_data/00188.png,sample_data,188,True,True
output/fascia/frames/sample_data/00189.png,output/fascia/masks/sample_data/00189.png,sample_data,189,True,True
output/fascia/frames/sample_data/00190.png,output/fascia/masks/sample_data/00190.png,sample_data,190,True,True
output/fascia/frames/sample_data/00191.png,output/fascia/masks/sample_data/00191.png,sample_data,191,True,True
output/fascia/frames/sample_data/00192.png,output/fascia/masks/sample_data/00192.png,sample_data,192,True,True
output/fascia/frames/sample_data/00193.png,output/fascia/masks/sample_data/00193.png,sample_data,193,True,True
output/fascia/frames/sample_data/00194.png,output/fascia/masks/sample_data/00194.png,sample_data,194,True,True
output/fascia/frames/sample_data/00195.png,output/fascia/masks/sample_data/00195.png,sample_data,195,True,True
output/fascia/frames/sample_data/00196.png,output/fascia/masks/sample_data/00196.png,sample_data,196,True,True
output/fascia/frames/sample_data/00197.png,output/fascia/masks/sample_data/00197.png,sample_data,197,True,True
output/fascia/frames/sample_data/00198.png,output/fascia/masks/sample_data/00198.png,sample_data,198,True,True
output/fascia/frames/sample_data/00199.png,output/fascia/masks/sample_data/00199.png,sample_data,199,True,True
output/fascia/frames/sample_data/00200.png,output/fascia/masks/sample_data/00200.png,sample_data,200,True,True
output/fascia/frames/sample_data/00201.png,output/fascia/masks/sample_data/00201.png,sample_data,201,True,True
output/fascia/frames/sample_data/00202.png,output/fascia/masks/sample_data/00202.png,sample_data,202,True,True
output/fascia/frames/sample_data/00203.png,output/fascia/masks/sample_data/00203.png,sample_data,203,True,True
output/fascia/frames/sample_data/00204.png,output/fascia/masks/sample_data/00204.png,sample_data,204,True,True
output/fascia/frames/sample_data/00205.png,output/fascia/masks/sample_data/00205.png,sample_data,205,True,True
output/fascia/frames/sample_data/00206.png,output/fascia/masks/sample_data/00206.png,sample_data,206,True,True
output/fascia/frames/sample_data/00207.png,output/fascia/masks/sample_data/00207.png,sample_data,207,True,True
output/fascia/frames/sample_data/00208.png,output/fascia/masks/sample_data/00208.png,sample_data,208,True,True
output/fascia/frames/sample_data/00209.png,output/fascia/masks/sample_data/00209.png,sample_data,209,True,True
output/fascia/frames/sample_data/00210.png,output/fascia/masks/sample_data/00210.png,sample_data,210,True,True
output/fascia/frames/sample_data/00211.png,output/fascia/masks/sample_data/00211.png,sample_data,211,True,True
output/fascia/frames/sample_data/00212.png,output/fascia/masks/sample_data/00212.png,sample_data,212,True,True
output/fascia/frames/sample_data/00213.png,output/fascia/masks/sample_data/00213.png,sample_data,213,True,True
output/fascia/frames/sample_data/00214.png,output/fascia/masks/sample_data/00214.png,sample_data,214,True,True
output/fascia/frames/sample_data/00215.png,output/fascia/masks/sample_data/00215.png,sample_data,215,True,True
output/fascia/frames/sample_data/00216.png,output/fascia/masks/sample_data/00216.png,sample_data,216,True,True
output/fascia/frames/sample_data/00217.png,output/fascia/masks/sample_data/00217.png,sample_data,217,True,True
output/fascia/frames/sample_data/00218.png,output/fascia/masks/sample_data/00218.png,sample_data,218,True,True
output/fascia/frames/sample_data/00219.png,output/fascia/masks/sample_data/00219.png,sample_data,219,True,True
output/fascia/frames/sample_data/00220.png,output/fascia/masks/sample_data/00220.png,sample_data,220,True,True
output/fascia/frames/sample_data/00221.png,output/fascia/masks/sample_data/00221.png,sample_data,221,True,True
output/fascia/frames/sample_data/00222.png,output/fascia/masks/sample_data/00222.png,sample_data,222,True,True
output/fascia/frames/sample_data/00223.png,output/fascia/masks/sample_data/00223.png,sample_data,223,True,True
output/fascia/frames/sample_data/00224.png,output/fascia/masks/sample_data/00224.png,sample_data,224,True,True
output/fascia/frames/sample_data/00225.png,output/fascia/masks/sample_data/00225.png,sample_data,225,True,True
output/fascia/frames/sample_data/00226.png,output/fascia/masks/sample_data/00226.png,sample_data,226,True,True
output/fascia/frames/sample_data/00227.png,output/fascia/masks/sample_data/00227.png,sample_data,227,True,True
output/fascia/frames/sample_data/00228.png,output/fascia/masks/sample_data/00228.png,sample_data,228,True,True
output/fascia/frames/sample_data/00229.png,output/fascia/masks/sample_data/00229.png,sample_data,229,True,True
output/fascia/frames/sample_data/00230.png,output/fascia/masks/sample_data/00230.png,sample_data,230,True,True
output/fascia/frames/sample_data/00231.png,output/fascia/masks/sample_data/00231.png,sample_data,231,True,True
output/fascia/frames/sample_data/00232.png,output/fascia/masks/sample_data/00232.png,sample_data,232,True,True
output/fascia/frames/sample_data/00233.png,output/fascia/masks/sample_data/00233.png,sample_data,233,True,True
output/fascia/frames/sample_data/00234.png,output/fascia/masks/sample_data/00234.png,sample_data,234,True,True
output/fascia/frames/sample_data/00235.png,output/fascia/masks/sample_data/00235.png,sample_data,235,True,True
output/fascia/frames/sample_data/00236.png,output/fascia/masks/sample_data/00236.png,sample_data,236,True,True
output/fascia/frames/sample_data/00237.png,output/fascia/masks/sample_data/00237.png,sample_data,237,True,True
output/fascia/frames/sample_data/00238.png,output/fascia/masks/sample_data/00238.png,sample_data,238,True,True
output/fascia/frames/sample_data/00239.png,output/fascia/masks/sample_data/00239.png,sample_data,239,True,True
output/fascia/frames/sample_data/00240.png,output/fascia/masks/sample_data/00240.png,sample_data,240,True,True
output/fascia/frames/sample_data/00241.png,output/fascia/masks/sample_data/00241.png,sample_data,241,True,True
output/fascia/frames/sample_data/00242.png,output/fascia/masks/sample_data/00242.png,sample_data,242,True,True
output/fascia/frames/sample_data/00243.png,output/fascia/masks/sample_data/00243.png,sample_data,243,True,True
output/fascia/frames/sample_data/00244.png,output/fascia/masks/sample_data/00244.png,sample_data,244,True,True
output/fascia/frames/sample_data/00245.png,output/fascia/masks/sample_data/00245.png,sample_data,245,True,True
output/fascia/frames/sample_data/00246.png,output/fascia/masks/sample_data/00246.png,sample_data,246,True,True
output/fascia/frames/sample_data/00247.png,output/fascia/masks/sample_data/00247.png,sample_data,247,True,True
output/fascia/frames/sample_data/00248.png,output/fascia/masks/sample_data/00248.png,sample_data,248,True,True
output/fascia/frames/sample_data/00249.png,output/fascia/masks/sample_data/00249.png,sample_data,249,True,True
output/fascia/frames/sample_data/00250.png,output/fascia/masks/sample_data/00250.png,sample_data,250,True,True
output/fascia/frames/sample_data/00251.png,output/fascia/masks/sample_data/00251.png,sample_data,251,True,True
output/fascia/frames/sample_data/00252.png,output/fascia/masks/sample_data/00252.png,sample_data,252,True,True
output/fascia/frames/sample_data/00253.png,output/fascia/masks/sample_data/00253.png,sample_data,253,True,True
output/fascia/frames/sample_data/00254.png,output/fascia/masks/sample_data/00254.png,sample_data,254,True,True
output/fascia/frames/sample_data/00255.png,output/fascia/masks/sample_data/00255.png,sample_data,255,True,True
output/fascia/frames/sample_data/00256.png,output/fascia/masks/sample_data/00256.png,sample_data,256,True,True
output/fascia/frames/sample_data/00257.png,output/fascia/masks/sample_data/00257.png,sample_data,257,True,True
output/fascia/frames/sample_data/00258.png,output/fascia/masks/sample_data/00258.png,sample_data,258,True,True
output/fascia/frames/sample_data/00259.png,output/fascia/masks/sample_data/00259.png,sample_data,259,True,True
output/fascia/frames/sample_data/00260.png,output/fascia/masks/sample_data/00260.png,sample_data,260,True,True
output/fascia/frames/sample_data/00261.png,output/fascia/masks/sample_data/00261.png,sample_data,261,True,True
output/fascia/frames/sample_data/00262.png,output/fascia/masks/sample_data/00262.png,sample_data,262,True,True
output/fascia/frames/sample_data/00263.png,output/fascia/masks/sample_data/00263.png,sample_data,263,True,True
output/fascia/frames/sample_data/00264.png,output/fascia/masks/sample_data/00264.png,sample_data,264,True,True
output/fascia/frames/sample_data/00265.png,output/fascia/masks/sample_data/00265.png,sample_data,265,True,True
output/fascia/frames/sample_data/00266.png,output/fascia/masks/sample_data/00266.png,sample_data,266,True,True
output/fascia/frames/sample_data/00267.png,output/fascia/masks/sample_data/00267.png,sample_data,267,True,True
output/fascia/frames/sample_data/00268.png,output/fascia/masks/sample_data/00268.png,sample_data,268,True,True
output/fascia/frames/sample_data/00269.png,output/fascia/masks/sample_data/00269.png,sample_data,269,True,True
output/fascia/frames/sample_data/00270.png,output/fascia/masks/sample_data/00270.png,sample_data,270,True,True
output/fascia/frames/sample_data/00271.png,output/fascia/masks/sample_data/00271.png,sample_data,271,True,True
output/fascia/frames/sample_data/00272.png,output/fascia/masks/sample_data/00272.png,sample_data,272,True,True
output/fascia/frames/sample_data/00273.png,output/fascia/masks/sample_data/00273.png,sample_data,273,True,True
output/fascia/frames/sample_data/00274.png,output/fascia/masks/sample_data/00274.png,sample_data,274,True,True
output/fascia/frames/sample_data/00275.png,output/fascia/masks/sample_data/00275.png,sample_data,275,True,True
output/fascia/frames/sample_data/00276.png,output/fascia/masks/sample_data/00276.png,sample_data,276,True,True
output/fascia/frames/sample_data/00277.png,output/fascia/masks/sample_data/00277.png,sample_data,277,True,True
output/fascia/frames/sample_data/00278.png,output/fascia/masks/sample_data/00278.png,sample_data,278,True,True
output/fascia/frames/sample_data/00279.png,output/fascia/masks/sample_data/00279.png,sample_data,279,True,True
output/fascia/frames/sample_data/00280.png,output/fascia/masks/sample_data/00280.png,sample_data,280,True,True
output/fascia/frames/sample_data/00281.png,output/fascia/masks/sample_data/00281.png,sample_data,281,True,True
output/fascia/frames/sample_data/00282.png,output/fascia/masks/sample_data/00282.png,sample_data,282,True,True
output/fascia/frames/sample_data/00283.png,output/fascia/masks/sample_data/00283.png,sample_data,283,True,True
output/fascia/frames/sample_data/00284.png,output/fascia/masks/sample_data/00284.png,sample_data,284,True,True
output/fascia/frames/sample_data/00285.png,output/fascia/masks/sample_data/00285.png,sample_data,285,True,True
output/fascia/frames/sample_data/00286.png,output/fascia/masks/sample_data/00286.png,sample_data,286,True,True
output/fascia/frames/sample_data/00287.png,output/fascia/masks/sample_data/00287.png,sample_data,287,True,True
output/fascia/frames/sample_data/00288.png,output/fascia/masks/sample_data/00288.png,sample_data,288,True,True
output/fascia/frames/sample_data/00289.png,output/fascia/masks/sample_data/00289.png,sample_data,289,True,True
output/fascia/frames/sample_data/00290.png,output/fascia/masks/sample_data/00290.png,sample_data,290,True,True
output/fascia/frames/sample_data/00291.png,output/fascia/masks/sample_data/00291.png,sample_data,291,True,True
output/fascia/frames/sample_data/00292.png,output/fascia/masks/sample_data/00292.png,sample_data,292,True,True
output/fascia/frames/sample_data/00293.png,output/fascia/masks/sample_data/00293.png,sample_data,293,True,True
output/fascia/frames/sample_data/00294.png,output/fascia/masks/sample_data/00294.png,sample_data,294,True,True
output/fascia/frames/sample_data/00295.png,output/fascia/masks/sample_data/00295.png,sample_data,295,True,True
output/fascia/frames/sample_data/00296.png,output/fascia/masks/sample_data/00296.png,sample_data,296,True,True
output/fascia/frames/sample_data/00297.png,output/fascia/masks/sample_data/00297.png,sample_data,297,True,True
output/fascia/frames/sample_data/00298.png,output/fascia/masks/sample_data/00298.png,sample_data,298,True,True
output/fascia/frames/sample_data/00299.png,output/fascia/masks/sample_data/00299.png,sample_data,299,True,True
output/fascia/frames/sample_data/00300.png,output/fascia/masks/sample_data/00300.png,sample_data,300,True,True
output/fascia/frames/sample_data/00301.png,output/fascia/masks/sample_data/00301.png,sample_data,301,True,True
output/fascia/frames/sample_data/00302.png,output/fascia/masks/sample_data/00302.png,sample_data,302,True,True
output/fascia/frames/sample_data/00303.png,output/fascia/masks/sample_data/00303.png,sample_data,303,True,True
output/fascia/frames/sample_data/00304.png,output/fascia/masks/sample_data/00304.png,sample_data,304,True,True
output/fascia/frames/sample_data/00305.png,output/fascia/masks/sample_data/00305.png,sample_data,305,True,True
output/fascia/frames/sample_data/00306.png,output/fascia/masks/sample_data/00306.png,sample_data,306,True,True
output/fascia/frames/sample_data/00307.png,output/fascia/masks/sample_data/00307.png,sample_data,307,True,True
output/fascia/frames/sample_data/00308.png,output/fascia/masks/sample_data/00308.png,sample_data,308,True,True
output/fascia/frames/sample_data/00309.png,output/fascia/masks/sample_data/00309.png,sample_data,309,True,True
output/fascia/frames/sample_data/00310.png,output/fascia/masks/sample_data/00310.png,sample_data,310,True,True
output/fascia/frames/sample_data/00311.png,output/fascia/masks/sample_data/00311.png,sample_data,311,True,True
output/fascia/frames/sample_data/00312.png,output/fascia/masks/sample_data/00312.png,sample_data,312,True,True
output/fascia/frames/sample_data/00313.png,output/fascia/masks/sample_data/00313.png,sample_data,313,True,True
output/fascia/frames/sample_data/00314.png,output/fascia/masks/sample_data/00314.png,sample_data,314,True,True
output/fascia/frames/sample_data/00315.png,output/fascia/masks/sample_data/00315.png,sample_data,315,True,True
output/fascia/frames/sample_data/00316.png,output/fascia/masks/sample_data/00316.png,sample_data,316,True,True
output/fascia/frames/sample_data/00317.png,output/fascia/masks/sample_data/00317.png,sample_data,317,True,True
output/fascia/frames/sample_data/00318.png,output/fascia/masks/sample_data/00318.png,sample_data,318,True,True
output/fascia/frames/sample_data/00319.png,output/fascia/masks/sample_data/00319.png,sample_data,319,True,True
output/fascia/frames/sample_data/00320.png,output/fascia/masks/sample_data/00320.png,sample_data,320,True,True
output/fascia/frames/sample_data/00321.png,output/fascia/masks/sample_data/00321.png,sample_data,321,True,True
output/fascia/frames/sample_data/00322.png,output/fascia/masks/sample_data/00322.png,sample_data,322,True,True
output/fascia/frames/sample_data/00323.png,output/fascia/masks/sample_data/00323.png,sample_data,323,True,True
output/fascia/frames/sample_data/00324.png,output/fascia/masks/sample_data/00324.png,sample_data,324,True,True
output/fascia/frames/sample_data/00325.png,output/fascia/masks/sample_data/00325.png,sample_data,325,True,True
output/fascia/frames/sample_data/00326.png,output/fascia/masks/sample_data/00326.png,sample_data,326,True,True
output/fascia/frames/sample_data/00327.png,output/fascia/masks/sample_data/00327.png,sample_data,327,True,True
output/fascia/frames/sample_data/00328.png,output/fascia/masks/sample_data/00328.png,sample_data,328,True,True
output/fascia/frames/sample_data/00329.png,output/fascia/masks/sample_data/00329.png,sample_data,329,True,True
output/fascia/frames/sample_data/00330.png,output/fascia/masks/sample_data/00330.png,sample_data,330,True,True
output/fascia/frames/sample_data/00331.png,output/fascia/masks/sample_data/00331.png,sample_data,331,True,True
output/fascia/frames/sample_data/00332.png,output/fascia/masks/sample_data/00332.png,sample_data,332,True,True
output/fascia/frames/sample_data/00333.png,output/fascia/masks/sample_data/00333.png,sample_data,333,True,True
output/fascia/frames/sample_data/00334.png,output/fascia/masks/sample_data/00334.png,sample_data,334,True,True
output/fascia/frames/sample_data/00335.png,output/fascia/masks/sample_data/00335.png,sample_data,335,True,True
output/fascia/frames/sample_data/00336.png,output/fascia/masks/sample_data/00336.png,sample_data,336,True,True
output/fascia/frames/sample_data/00337.png,output/fascia/masks/sample_data/00337.png,sample_data,337,True,True
output/fascia/frames/sample_data/00338.png,output/fascia/masks/sample_data/00338.png,sample_data,338,True,True
output/fascia/frames/sample_data/00339.png,output/fascia/masks/sample_data/00339.png,sample_data,339,True,True
output/fascia/frames/sample_data/00340.png,output/fascia/masks/sample_data/00340.png,sample_data,340,True,True
output/fascia/frames/sample_data/00341.png,output/fascia/masks/sample_data/00341.png,sample_data,341,True,True
output/fascia/frames/sample_data/00342.png,output/fascia/masks/sample_data/00342.png,sample_data,342,True,True
output/fascia/frames/sample_data/00343.png,output/fascia/masks/sample_data/00343.png,sample_data,343,True,True
output/fascia/frames/sample_data/00344.png,output/fascia/masks/sample_data/00344.png,sample_data,344,True,True
output/fascia/frames/sample_data/00345.png,output/fascia/masks/sample_data/00345.png,sample_data,345,True,True
output/fascia/frames/sample_data/00346.png,output/fascia/masks/sample_data/00346.png,sample_data,346,True,True
output/fascia/frames/sample_data/00347.png,output/fascia/masks/sample_data/00347.png,sample_data,347,True,True
output/fascia/frames/sample_data/00348.png,output/fascia/masks/sample_data/00348.png,sample_data,348,True,True
output/fascia/frames/sample_data/00349.png,output/fascia/masks/sample_data/00349.png,sample_data,349,True,True
output/fascia/frames/sample_data/00350.png,output/fascia/masks/sample_data/00350.png,sample_data,350,True,True
output/fascia/frames/sample_data/00351.png,output/fascia/masks/sample_data/00351.png,sample_data,351,True,True
output/fascia/frames/sample_data/00352.png,output/fascia/masks/sample_data/00352.png,sample_data,352,True,True
output/fascia/frames/sample_data/00353.png,output/fascia/masks/sample_data/00353.png,sample_data,353,True,True
output/fascia/frames/sample_data/00354.png,output/fascia/masks/sample_data/00354.png,sample_data,354,True,True
output/fascia/frames/sample_data/00355.png,output/fascia/masks/sample_data/00355.png,sample_data,355,True,True
output/fascia/frames/sample_data/00356.png,output/fascia/masks/sample_data/00356.png,sample_data,356,True,True
output/fascia/frames/sample_data/00357.png,output/fascia/masks/sample_data/00357.png,sample_data,357,True,True
output/fascia/frames/sample_data/00358.png,output/fascia/masks/sample_data/00358.png,sample_data,358,True,True
output/fascia/frames/sample_data/00359.png,output/fascia/masks/sample_data/00359.png,sample_data,359,True,True
output/fascia/frames/sample_data/00360.png,output/fascia/masks/sample_data/00360.png,sample_data,360,True,True
output/fascia/frames/sample_data/00361.png,output/fascia/masks/sample_data/00361.png,sample_data,361,True,True
output/fascia/frames/sample_data/00362.png,output/fascia/masks/sample_data/00362.png,sample_data,362,True,True
output/fascia/frames/sample_data/00363.png,output/fascia/masks/sample_data/00363.png,sample_data,363,True,True
output/fascia/frames/sample_data/00364.png,output/fascia/masks/sample_data/00364.png,sample_data,364,True,True
output/fascia/frames/sample_data/00365.png,output/fascia/masks/sample_data/00365.png,sample_data,365,True,True
output/fascia/frames/sample_data/00366.png,output/fascia/masks/sample_data/00366.png,sample_data,366,True,True
output/fascia/frames/sample_data/00367.png,output/fascia/masks/sample_data/00367.png,sample_data,367,True,True
output/fascia/frames/sample_data/00368.png,output/fascia/masks/sample_data/00368.png,sample_data,368,True,True
output/fascia/frames/sample_data/00369.png,output/fascia/masks/sample_data/00369.png,sample_data,369,True,True
output/fascia/frames/sample_data/00370.png,output/fascia/masks/sample_data/00370.png,sample_data,370,True,True
output/fascia/frames/sample_data/00371.png,output/fascia/masks/sample_data/00371.png,sample_data,371,True,True
output/fascia/frames/sample_data/00372.png,output/fascia/masks/sample_data/00372.png,sample_data,372,True,True
output/fascia/frames/sample_data/00373.png,output/fascia/masks/sample_data/00373.png,sample_data,373,True,True
output/fascia/frames/sample_data/00374.png,output/fascia/masks/sample_data/00374.png,sample_data,374,True,True
output/fascia/frames/sample_data/00375.png,output/fascia/masks/sample_data/00375.png,sample_data,375,True,True
output/fascia/frames/sample_data/00376.png,output/fascia/masks/sample_data/00376.png,sample_data,376,True,True
output/fascia/frames/sample_data/00377.png,output/fascia/masks/sample_data/00377.png,sample_data,377,True,True
output/fascia/frames/sample_data/00378.png,output/fascia/masks/sample_data/00378.png,sample_data,378,True,True
output/fascia/frames/sample_data/00379.png,output/fascia/masks/sample_data/00379.png,sample_data,379,True,True
output/fascia/frames/sample_data/00380.png,output/fascia/masks/sample_data/00380.png,sample_data,380,True,True
output/fascia/frames/sample_data/00381.png,output/fascia/masks/sample_data/00381.png,sample_data,381,True,True
output/fascia/frames/sample_data/00382.png,output/fascia/masks/sample_data/00382.png,sample_data,382,True,True
output/fascia/frames/sample_data/00383.png,output/fascia/masks/sample_data/00383.png,sample_data,383,True,True
output/fascia/frames/sample_data/00384.png,output/fascia/masks/sample_data/00384.png,sample_data,384,True,True
output/fascia/frames/sample_data/00385.png,output/fascia/masks/sample_data/00385.png,sample_data,385,True,True
output/fascia/frames/sample_data/00386.png,output/fascia/masks/sample_data/00386.png,sample_data,386,True,True
output/fascia/frames/sample_data/00387.png,output/fascia/masks/sample_data/00387.png,sample_data,387,True,True
output/fascia/frames/sample_data/00388.png,output/fascia/masks/sample_data/00388.png,sample_data,388,True,True
output/fascia/frames/sample_data/00389.png,output/fascia/masks/sample_data/00389.png,sample_data,389,True,True
output/fascia/frames/sample_data/00390.png,output/fascia/masks/sample_data/00390.png,sample_data,390,True,True
output/fascia/frames/sample_data/00391.png,output/fascia/masks/sample_data/00391.png,sample_data,391,True,True
output/fascia/frames/sample_data/00392.png,output/fascia/masks/sample_data/00392.png,sample_data,392,True,True
output/fascia/frames/sample_data/00393.png,output/fascia/masks/sample_data/00393.png,sample_data,393,True,True
output/fascia/frames/sample_data/00394.png,output/fascia/masks/sample_data/00394.png,sample_data,394,True,True
output/fascia/frames/sample_data/00395.png,output/fascia/masks/sample_data/00395.png,sample_data,395,True,True
output/fascia/frames/sample_data/00396.png,output/fascia/masks/sample_data/00396.png,sample_data,396,True,True
output/fascia/frames/sample_data/00397.png,output/fascia/masks/sample_data/00397.png,sample_data,397,True,True
output/fascia/frames/sample_data/00398.png,output/fascia/masks/sample_data/00398.png,sample_data,398,True,True
output/fascia/frames/sample_data/00399.png,output/fascia/masks/sample_data/00399.png,sample_data,399,True,True
output/fascia/frames/sample_data/00400.png,output/fascia/masks/sample_data/00400.png,sample_data,400,True,True
output/fascia/frames/sample_data/00401.png,output/fascia/masks/sample_data/00401.png,sample_data,401,True,True
output/fascia/frames/sample_data/00402.png,output/fascia/masks/sample_data/00402.png,sample_data,402,True,True
output/fascia/frames/sample_data/00403.png,output/fascia/masks/sample_data/00403.png,sample_data,403,True,True
output/fascia/frames/sample_data/00404.png,output/fascia/masks/sample_data/00404.png,sample_data,404,True,True
output/fascia/frames/sample_data/00405.png,output/fascia/masks/sample_data/00405.png,sample_data,405,True,True
output/fascia/frames/sample_data/00406.png,output/fascia/masks/sample_data/00406.png,sample_data,406,True,True
output/fascia/frames/sample_data/00407.png,output/fascia/masks/sample_data/00407.png,sample_data,407,True,True
output/fascia/frames/sample_data/00408.png,output/fascia/masks/sample_data/00408.png,sample_data,408,True,True
output/fascia/frames/sample_data/00409.png,output/fascia/masks/sample_data/00409.png,sample_data,409,True,True
output/fascia/frames/sample_data/00410.png,output/fascia/masks/sample_data/00410.png,sample_data,410,True,True
output/fascia/frames/sample_data/00411.png,output/fascia/masks/sample_data/00411.png,sample_data,411,True,True
output/fascia/frames/sample_data/00412.png,output/fascia/masks/sample_data/00412.png,sample_data,412,True,True
output/fascia/frames/sample_data/00413.png,output/fascia/masks/sample_data/00413.png,sample_data,413,True,True
output/fascia/frames/sample_data/00414.png,output/fascia/masks/sample_data/00414.png,sample_data,414,True,True
output/fascia/frames/sample_data/00415.png,output/fascia/masks/sample_data/00415.png,sample_data,415,True,True
output/fascia/frames/sample_data/00416.png,output/fascia/masks/sample_data/00416.png,sample_data,416,True,True
output/fascia/frames/sample_data/00417.png,output/fascia/masks/sample_data/00417.png,sample_data,417,True,True
output/fascia/frames/sample_data/00418.png,output/fascia/masks/sample_data/00418.png,sample_data,418,True,True
output/fascia/frames/sample_data/00419.png,output/fascia/masks/sample_data/00419.png,sample_data,419,True,True
output/fascia/frames/sample_data/00420.png,output/fascia/masks/sample_data/00420.png,sample_data,420,True,True
output/fascia/frames/sample_data/00421.png,output/fascia/masks/sample_data/00421.png,sample_data,421,True,True
output/fascia/frames/sample_data/00422.png,output/fascia/masks/sample_data/00422.png,sample_data,422,True,True
output/fascia/frames/sample_data/00423.png,output/fascia/masks/sample_data/00423.png,sample_data,423,True,True
output/fascia/frames/sample_data/00424.png,output/fascia/masks/sample_data/00424.png,sample_data,424,True,True
output/fascia/frames/sample_data/00425.png,output/fascia/masks/sample_data/00425.png,sample_data,425,True,True
output/fascia/frames/sample_data/00426.png,output/fascia/masks/sample_data/00426.png,sample_data,426,True,True
output/fascia/frames/sample_data/00427.png,output/fascia/masks/sample_data/00427.png,sample_data,427,True,True
output/fascia/frames/sample_data/00428.png,output/fascia/masks/sample_data/00428.png,sample_data,428,True,True
output/fascia/frames/sample_data/00429.png,output/fascia/masks/sample_data/00429.png,sample_data,429,True,True
output/fascia/frames/sample_data/00430.png,output/fascia/masks/sample_data/00430.png,sample_data,430,True,True
output/fascia/frames/sample_data/00431.png,output/fascia/masks/sample_data/00431.png,sample_data,431,True,True
output/fascia/frames/sample_data/00432.png,output/fascia/masks/sample_data/00432.png,sample_data,432,True,True
output/fascia/frames/sample_data/00433.png,output/fascia/masks/sample_data/00433.png,sample_data,433,True,True
output/fascia/frames/sample_data/00434.png,output/fascia/masks/sample_data/00434.png,sample_data,434,True,True
output/fascia/frames/sample_data/00435.png,output/fascia/masks/sample_data/00435.png,sample_data,435,True,True
output/fascia/frames/sample_data/00436.png,output/fascia/masks/sample_data/00436.png,sample_data,436,True,True
output/fascia/frames/sample_data/00437.png,output/fascia/masks/sample_data/00437.png,sample_data,437,True,True
output/fascia/frames/sample_data/00438.png,output/fascia/masks/sample_data/00438.png,sample_data,438,True,True
output/fascia/frames/sample_data/00439.png,output/fascia/masks/sample_data/00439.png,sample_data,439,True,True
output/fascia/frames/sample_data/00440.png,output/fascia/masks/sample_data/00440.png,sample_data,440,True,True
output/fascia/frames/sample_data/00441.png,output/fascia/masks/sample_data/00441.png,sample_data,441,True,True
output/fascia/frames/sample_data/00442.png,output/fascia/masks/sample_data/00442.png,sample_data,442,True,True
output/fascia/frames/sample_data/00443.png,output/fascia/masks/sample_data/00443.png,sample_data,443,True,True
output/fascia/frames/sample_data/00444.png,output/fascia/masks/sample_data/00444.png,sample_data,444,True,True
output/fascia/frames/sample_data/00445.png,output/fascia/masks/sample_data/00445.png,sample_data,445,True,True
output/fascia/frames/sample_data/00446.png,output/fascia/masks/sample_data/00446.png,sample_data,446,True,True
output/fascia/frames/sample_data/00447.png,output/fascia/masks/sample_data/00447.png,sample_data,447,True,True
output/fascia/frames/sample_data/00448.png,output/fascia/masks/sample_data/00448.png,sample_data,448,True,True
output/fascia/frames/sample_data/00449.png,output/fascia/masks/sample_data/00449.png,sample_data,449,True,True
output/fascia/frames/sample_data/00450.png,output/fascia/masks/sample_data/00450.png,sample_data,450,True,True
output/fascia/frames/sample_data/00451.png,output/fascia/masks/sample_data/00451.png,sample_data,451,True,True
output/fascia/frames/sample_data/00452.png,output/fascia/masks/sample_data/00452.png,sample_data,452,True,True
output/fascia/frames/sample_data/00453.png,output/fascia/masks/sample_data/00453.png,sample_data,453,True,True
output/fascia/frames/sample_data/00454.png,output/fascia/masks/sample_data/00454.png,sample_data,454,True,True
output/fascia/frames/sample_data/00455.png,output/fascia/masks/sample_data/00455.png,sample_data,455,True,True
output/fascia/frames/sample_data/00456.png,output/fascia/masks/sample_data/00456.png,sample_data,456,True,True
output/fascia/frames/sample_data/00457.png,output/fascia/masks/sample_data/00457.png,sample_data,457,True,True
output/fascia/frames/sample_data/00458.png,output/fascia/masks/sample_data/00458.png,sample_data,458,True,True
output/fascia/frames/sample_data/00459.png,output/fascia/masks/sample_data/00459.png,sample_data,459,True,True
output/fascia/frames/sample_data/00460.png,output/fascia/masks/sample_data/00460.png,sample_data,460,True,True
output/fascia/frames/sample_data/00461.png,output/fascia/masks/sample_data/00461.png,sample_data,461,True,True
output/fascia/frames/sample_data/00462.png,output/fascia/masks/sample_data/00462.png,sample_data,462,True,True
output/fascia/frames/sample_data/00463.png,output/fascia/masks/sample_data/00463.png,sample_data,463,True,True
output/fascia/frames/sample_data/00464.png,output/fascia/masks/sample_data/00464.png,sample_data,464,True,True
output/fascia/frames/sample_data/00465.png,output/fascia/masks/sample_data/00465.png,sample_data,465,True,True
output/fascia/frames/sample_data/00466.png,output/fascia/masks/sample_data/00466.png,sample_data,466,True,True
output/fascia/frames/sample_data/00467.png,output/fascia/masks/sample_data/00467.png,sample_data,467,True,True
output/fascia/frames/sample_data/00468.png,output/fascia/masks/sample_data/00468.png,sample_data,468,True,True
output/fascia/frames/sample_data/00469.png,output/fascia/masks/sample_data/00469.png,sample_data,469,True,True
output/fascia/frames/sample_data/00470.png,output/fascia/masks/sample_data/00470.png,sample_data,470,True,True
output/fascia/frames/sample_data/00471.png,output/fascia/masks/sample_data/00471.png,sample_data,471,True,True
output/fascia/frames/sample_data/00472.png,output/fascia/masks/sample_data/00472.png,sample_data,472,True,True
output/fascia/frames/sample_data/00473.png,output/fascia/masks/sample_data/00473.png,sample_data,473,True,True
output/fascia/frames/sample_data/00474.png,output/fascia/masks/sample_data/00474.png,sample_data,474,True,True
output/fascia/frames/sample_data/00475.png,output/fascia/masks/sample_data/00475.png,sample_data,475,True,True
output/fascia/frames/sample_data/00476.png,output/fascia/masks/sample_data/00476.png,sample_data,476,True,True
output/fascia/frames/sample_data/00477.png,output/fascia/masks/sample_data/00477.png,sample_data,477,True,True
output/fascia/frames/sample_data/00478.png,output/fascia/masks/sample_data/00478.png,sample_data,478,True,True
output/fascia/frames/sample_data/00479.png,output/fascia/masks/sample_data/00479.png,sample_data,479,True,True
output/fascia/frames/sample_data/00480.png,output/fascia/masks/sample_data/00480.png,sample_data,480,True,True
output/fascia/frames/sample_data/00481.png,output/fascia/masks/sample_data/00481.png,sample_data,481,True,True
output/fascia/frames/sample_data/00482.png,output/fascia/masks/sample_data/00482.png,sample_data,482,True,True
output/fascia/frames/sample_data/00483.png,output/fascia/masks/sample_data/00483.png,sample_data,483,True,True
output/fascia/frames/sample_data/00484.png,output/fascia/masks/sample_data/00484.png,sample_data,484,True,True
output/fascia/frames/sample_data/00485.png,output/fascia/masks/sample_data/00485.png,sample_data,485,True,True
output/fascia/frames/sample_data/00486.png,output/fascia/masks/sample_data/00486.png,sample_data,486,True,True
output/fascia/frames/sample_data/00487.png,output/fascia/masks/sample_data/00487.png,sample_data,487,True,True
output/fascia/frames/sample_data/00488.png,output/fascia/masks/sample_data/00488.png,sample_data,488,True,True
output/fascia/frames/sample_data/00489.png,output/fascia/masks/sample_data/00489.png,sample_data,489,True,True
output/fascia/frames/sample_data/00490.png,output/fascia/masks/sample_data/00490.png,sample_data,490,True,True
output/fascia/frames/sample_data/00491.png,output/fascia/masks/sample_data/00491.png,sample_data,491,True,True
output/fascia/frames/sample_data/00492.png,output/fascia/masks/sample_data/00492.png,sample_data,492,True,True
output/fascia/frames/sample_data/00493.png,output/fascia/masks/sample_data/00493.png,sample_data,493,True,True
output/fascia/frames/sample_data/00494.png,output/fascia/masks/sample_data/00494.png,sample_data,494,True,True
output/fascia/frames/sample_data/00495.png,output/fascia/masks/sample_data/00495.png,sample_data,495,True,True
output/fascia/frames/sample_data/00496.png,output/fascia/masks/sample_data/00496.png,sample_data,496,True,True
output/fascia/frames/sample_data/00497.png,output/fascia/masks/sample_data/00497.png,sample_data,497,True,True
output/fascia/frames/sample_data/00498.png,output/fascia/masks/sample_data/00498.png,sample_data,498,True,True
output/fascia/frames/sample_data/00499.png,output/fascia/masks/sample_data/00499.png,sample_data,499,True,True
output/fascia/frames/sample_data/00500.png,output/fascia/masks/sample_data/00500.png,sample_data,500,True,True
output/fascia/frames/sample_data/00501.png,output/fascia/masks/sample_data/00501.png,sample_data,501,True,True
output/fascia/frames/sample_data/00502.png,output/fascia/masks/sample_data/00502.png,sample_data,502,True,True
output/fascia/frames/sample_data/00503.png,output/fascia/masks/sample_data/00503.png,sample_data,503,True,True
output/fascia/frames/sample_data/00504.png,output/fascia/masks/sample_data/00504.png,sample_data,504,True,True
output/fascia/frames/sample_data/00505.png,output/fascia/masks/sample_data/00505.png,sample_data,505,True,True
output/fascia/frames/sample_data/00506.png,output/fascia/masks/sample_data/00506.png,sample_data,506,True,True
output/fascia/frames/sample_data/00507.png,output/fascia/masks/sample_data/00507.png,sample_data,507,True,True
output/fascia/frames/sample_data/00508.png,output/fascia/masks/sample_data/00508.png,sample_data,508,True,True
output/fascia/frames/sample_data/00509.png,output/fascia/masks/sample_data/00509.png,sample_data,509,True,True
output/fascia/frames/sample_data/00510.png,output/fascia/masks/sample_data/00510.png,sample_data,510,True,True
output/fascia/frames/sample_data/00511.png,output/fascia/masks/sample_data/00511.png,sample_data,511,True,True
output/fascia/frames/sample_data/00512.png,output/fascia/masks/sample_data/00512.png,sample_data,512,True,True
output/fascia/frames/sample_data/00513.png,output/fascia/masks/sample_data/00513.png,sample_data,513,True,True
output/fascia/frames/sample_data/00514.png,output/fascia/masks/sample_data/00514.png,sample_data,514,True,True
output/fascia/frames/sample_data/00515.png,output/fascia/masks/sample_data/00515.png,sample_data,515,True,True
output/fascia/frames/sample_data/00516.png,output/fascia/masks/sample_data/00516.png,sample_data,516,True,True
output/fascia/frames/sample_data/00517.png,output/fascia/masks/sample_data/00517.png,sample_data,517,True,True
output/fascia/frames/sample_data/00518.png,output/fascia/masks/sample_data/00518.png,sample_data,518,True,True
output/fascia/frames/sample_data/00519.png,output/fascia/masks/sample_data/00519.png,sample_data,519,True,True
output/fascia/frames/sample_data/00520.png,output/fascia/masks/sample_data/00520.png,sample_data,520,True,True
output/fascia/frames/sample_data/00521.png,output/fascia/masks/sample_data/00521.png,sample_data,521,True,True
output/fascia/frames/sample_data/00522.png,output/fascia/masks/sample_data/00522.png,sample_data,522,True,True
output/fascia/frames/sample_data/00523.png,output/fascia/masks/sample_data/00523.png,sample_data,523,True,True
output/fascia/frames/sample_data/00524.png,output/fascia/masks/sample_data/00524.png,sample_data,524,True,True
output/fascia/frames/sample_data/00525.png,output/fascia/masks/sample_data/00525.png,sample_data,525,True,True
output/fascia/frames/sample_data/00526.png,output/fascia/masks/sample_data/00526.png,sample_data,526,True,True
output/fascia/frames/sample_data/00527.png,output/fascia/masks/sample_data/00527.png,sample_data,527,True,True
output/fascia/frames/sample_data/00528.png,output/fascia/masks/sample_data/00528.png,sample_data,528,True,True
output/fascia/frames/sample_data/00529.png,output/fascia/masks/sample_data/00529.png,sample_data,529,True,True
output/fascia/frames/sample_data/00530.png,output/fascia/masks/sample_data/00530.png,sample_data,530,True,True
output/fascia/frames/sample_data/00531.png,output/fascia/masks/sample_data/00531.png,sample_data,531,True,True
output/fascia/frames/sample_data/00532.png,output/fascia/masks/sample_data/00532.png,sample_data,532,True,True
output/fascia/frames/sample_data/00533.png,output/fascia/masks/sample_data/00533.png,sample_data,533,True,True
output/fascia/frames/sample_data/00534.png,output/fascia/masks/sample_data/00534.png,sample_data,534,True,True
output/fascia/frames/sample_data/00535.png,output/fascia/masks/sample_data/00535.png,sample_data,535,True,True
output/fascia/frames/sample_data/00536.png,output/fascia/masks/sample_data/00536.png,sample_data,536,True,True
output/fascia/frames/sample_data/00537.png,output/fascia/masks/sample_data/00537.png,sample_data,537,True,True
output/fascia/frames/sample_data/00538.png,output/fascia/masks/sample_data/00538.png,sample_data,538,True,True
output/fascia/frames/sample_data/00539.png,output/fascia/masks/sample_data/00539.png,sample_data,539,True,True
output/fascia/frames/sample_data/00540.png,output/fascia/masks/sample_data/00540.png,sample_data,540,True,True
output/fascia/frames/sample_data/00541.png,output/fascia/masks/sample_data/00541.png,sample_data,541,True,True
output/fascia/frames/sample_data/00542.png,output/fascia/masks/sample_data/00542.png,sample_data,542,True,True
output/fascia/frames/sample_data/00543.png,output/fascia/masks/sample_data/00543.png,sample_data,543,True,True
output/fascia/frames/sample_data/00544.png,output/fascia/masks/sample_data/00544.png,sample_data,544,True,True
output/fascia/frames/sample_data/00545.png,output/fascia/masks/sample_data/00545.png,sample_data,545,True,True
output/fascia/frames/sample_data/00546.png,output/fascia/masks/sample_data/00546.png,sample_data,546,True,True
output/fascia/frames/sample_data/00547.png,output/fascia/masks/sample_data/00547.png,sample_data,547,True,True
output/fascia/frames/sample_data/00548.png,output/fascia/masks/sample_data/00548.png,sample_data,548,True,True
output/fascia/frames/sample_data/00549.png,output/fascia/masks/sample_data/00549.png,sample_data,549,True,True
output/fascia/frames/sample_data/00550.png,output/fascia/masks/sample_data/00550.png,sample_data,550,True,True
output/fascia/frames/sample_data/00551.png,output/fascia/masks/sample_data/00551.png,sample_data,551,True,True
output/fascia/frames/sample_data/00552.png,output/fascia/masks/sample_data/00552.png,sample_data,552,True,True
output/fascia/frames/sample_data/00553.png,output/fascia/masks/sample_data/00553.png,sample_data,553,True,True
output/fascia/frames/sample_data/00554.png,output/fascia/masks/sample_data/00554.png,sample_data,554,True,True
output/fascia/frames/sample_data/00555.png,output/fascia/masks/sample_data/00555.png,sample_data,555,True,True
output/fascia/frames/sample_data/00556.png,output/fascia/masks/sample_data/00556.png,sample_data,556,True,True
output/fascia/frames/sample_data/00557.png,output/fascia/masks/sample_data/00557.png,sample_data,557,True,True
output/fascia/frames/sample_data/00558.png,output/fascia/masks/sample_data/00558.png,sample_data,558,True,True
output/fascia/frames/sample_data/00559.png,output/fascia/masks/sample_data/00559.png,sample_data,559,True,True
output/fascia/frames/sample_data/00560.png,output/fascia/masks/sample_data/00560.png,sample_data,560,True,True
output/fascia/frames/sample_data/00561.png,output/fascia/masks/sample_data/00561.png,sample_data,561,True,True
output/fascia/frames/sample_data/00562.png,output/fascia/masks/sample_data/00562.png,sample_data,562,True,True
output/fascia/frames/sample_data/00563.png,output/fascia/masks/sample_data/00563.png,sample_data,563,True,True
output/fascia/frames/sample_data/00564.png,output/fascia/masks/sample_data/00564.png,sample_data,564,True,True
output/fascia/frames/sample_data/00565.png,output/fascia/masks/sample_data/00565.png,sample_data,565,True,True
output/fascia/frames/sample_data/00566.png,output/fascia/masks/sample_data/00566.png,sample_data,566,True,True
output/fascia/frames/sample_data/00567.png,output/fascia/masks/sample_data/00567.png,sample_data,567,True,True
output/fascia/frames/sample_data/00568.png,output/fascia/masks/sample_data/00568.png,sample_data,568,True,True
output/fascia/frames/sample_data/00569.png,output/fascia/masks/sample_data/00569.png,sample_data,569,True,True
output/fascia/frames/sample_data/00570.png,output/fascia/masks/sample_data/00570.png,sample_data,570,True,True
output/fascia/frames/sample_data/00571.png,output/fascia/masks/sample_data/00571.png,sample_data,571,True,True
output/fascia/frames/sample_data/00572.png,output/fascia/masks/sample_data/00572.png,sample_data,572,True,True
output/fascia/frames/sample_data/00573.png,output/fascia/masks/sample_data/00573.png,sample_data,573,True,True
output/fascia/frames/sample_data/00574.png,output/fascia/masks/sample_data/00574.png,sample_data,574,True,True
output/fascia/frames/sample_data/00575.png,output/fascia/masks/sample_data/00575.png,sample_data,575,True,True
output/fascia/frames/sample_data/00576.png,output/fascia/masks/sample_data/00576.png,sample_data,576,True,True
output/fascia/frames/sample_data/00577.png,output/fascia/masks/sample_data/00577.png,sample_data,577,True,True
output/fascia/frames/sample_data/00578.png,output/fascia/masks/sample_data/00578.png,sample_data,578,True,True
output/fascia/frames/sample_data/00579.png,output/fascia/masks/sample_data/00579.png,sample_data,579,True,True
output/fascia/frames/sample_data/00580.png,output/fascia/masks/sample_data/00580.png,sample_data,580,True,True
output/fascia/frames/sample_data/00581.png,output/fascia/masks/sample_data/00581.png,sample_data,581,True,True
output/fascia/frames/sample_data/00582.png,output/fascia/masks/sample_data/00582.png,sample_data,582,True,True
output/fascia/frames/sample_data/00583.png,output/fascia/masks/sample_data/00583.png,sample_data,583,True,True
output/fascia/frames/sample_data/00584.png,output/fascia/masks/sample_data/00584.png,sample_data,584,True,True
output/fascia/frames/sample_data/00585.png,output/fascia/masks/sample_data/00585.png,sample_data,585,True,True
output/fascia/frames/sample_data/00586.png,output/fascia/masks/sample_data/00586.png,sample_data,586,True,True
output/fascia/frames/sample_data/00587.png,output/fascia/masks/sample_data/00587.png,sample_data,587,True,True
output/fascia/frames/sample_data/00588.png,output/fascia/masks/sample_data/00588.png,sample_data,588,True,True
output/fascia/frames/sample_data/00589.png,output/fascia/masks/sample_data/00589.png,sample_data,589,True,True
output/fascia/frames/sample_data/00590.png,output/fascia/masks/sample_data/00590.png,sample_data,590,True,True
output/fascia/frames/sample_data/00591.png,output/fascia/masks/sample_data/00591.png,sample_data,591,True,True
output/fascia/frames/sample_data/00592.png,output/fascia/masks/sample_data/00592.png,sample_data,592,True,True
output/fascia/frames/sample_data/00593.png,output/fascia/masks/sample_data/00593.png,sample_data,593,True,True
output/fascia/frames/sample_data/00594.png,output/fascia/masks/sample_data/00594.png,sample_data,594,True,True
output/fascia/frames/sample_data/00595.png,output/fascia/masks/sample_data/00595.png,sample_data,595,True,True
output/fascia/frames/sample_data/00596.png,output/fascia/masks/sample_data/00596.png,sample_data,596,True,True
output/fascia/frames/sample_data/00597.png,output/fascia/masks/sample_data/00597.png,sample_data,597,True,True
output/fascia/frames/sample_data/00598.png,output/fascia/masks/sample_data/00598.png,sample_data,598,True,True
output/fascia/frames/sample_data/00599.png,output/fascia/masks/sample_data/00599.png,sample_data,599,True,True
output/fascia/frames/sample_data/00600.png,output/fascia/masks/sample_data/00600.png,sample_data,600,True,True
output/fascia/frames/sample_data/00601.png,output/fascia/masks/sample_data/00601.png,sample_data,601,True,True
output/fascia/frames/sample_data/00602.png,output/fascia/masks/sample_data/00602.png,sample_data,602,True,True
output/fascia/frames/sample_data/00603.png,output/fascia/masks/sample_data/00603.png,sample_data,603,True,True
output/fascia/frames/sample_data/00604.png,output/fascia/masks/sample_data/00604.png,sample_data,604,True,True
output/fascia/frames/sample_data/00605.png,output/fascia/masks/sample_data/00605.png,sample_data,605,True,True
output/fascia/frames/sample_data/00606.png,output/fascia/masks/sample_data/00606.png,sample_data,606,True,True
output/fascia/frames/sample_data/00607.png,output/fascia/masks/sample_data/00607.png,sample_data,607,True,True
output/fascia/frames/sample_data/00608.png,output/fascia/masks/sample_data/00608.png,sample_data,608,True,True
output/fascia/frames/sample_data/00609.png,output/fascia/masks/sample_data/00609.png,sample_data,609,True,True
output/fascia/frames/sample_data/00610.png,output/fascia/masks/sample_data/00610.png,sample_data,610,True,True
output/fascia/frames/sample_data/00611.png,output/fascia/masks/sample_data/00611.png,sample_data,611,True,True
output/fascia/frames/sample_data/00612.png,output/fascia/masks/sample_data/00612.png,sample_data,612,True,True
output/fascia/frames/sample_data/00613.png,output/fascia/masks/sample_data/00613.png,sample_data,613,True,True
output/fascia/frames/sample_data/00614.png,output/fascia/masks/sample_data/00614.png,sample_data,614,True,True
output/fascia/frames/sample_data/00615.png,output/fascia/masks/sample_data/00615.png,sample_data,615,True,True
output/fascia/frames/sample_data/00616.png,output/fascia/masks/sample_data/00616.png,sample_data,616,True,True
output/fascia/frames/sample_data/00617.png,output/fascia/masks/sample_data/00617.png,sample_data,617,True,True
output/fascia/frames/sample_data/00618.png,output/fascia/masks/sample_data/00618.png,sample_data,618,True,True
output/fascia/frames/sample_data/00619.png,output/fascia/masks/sample_data/00619.png,sample_data,619,True,True
output/fascia/frames/sample_data/00620.png,output/fascia/masks/sample_data/00620.png,sample_data,620,True,True
output/fascia/frames/sample_data/00621.png,output/fascia/masks/sample_data/00621.png,sample_data,621,True,True
output/fascia/frames/sample_data/00622.png,output/fascia/masks/sample_data/00622.png,sample_data,622,True,True
output/fascia/frames/sample_data/00623.png,output/fascia/masks/sample_data/00623.png,sample_data,623,True,True
output/fascia/frames/sample_data/00624.png,output/fascia/masks/sample_data/00624.png,sample_data,624,True,True
output/fascia/frames/sample_data/00625.png,output/fascia/masks/sample_data/00625.png,sample_data,625,True,True
output/fascia/frames/sample_data/00626.png,output/fascia/masks/sample_data/00626.png,sample_data,626,True,True
output/fascia/frames/sample_data/00627.png,output/fascia/masks/sample_data/00627.png,sample_data,627,True,True
output/fascia/frames/sample_data/00628.png,output/fascia/masks/sample_data/00628.png,sample_data,628,True,True
output/fascia/frames/sample_data/00629.png,output/fascia/masks/sample_data/00629.png,sample_data,629,True,True
output/fascia/frames/sample_data/00630.png,output/fascia/masks/sample_data/00630.png,sample_data,630,True,True
output/fascia/frames/sample_data/00631.png,output/fascia/masks/sample_data/00631.png,sample_data,631,True,True
output/fascia/frames/sample_data/00632.png,output/fascia/masks/sample_data/00632.png,sample_data,632,True,True
output/fascia/frames/sample_data/00633.png,output/fascia/masks/sample_data/00633.png,sample_data,633,True,True
output/fascia/frames/sample_data/00634.png,output/fascia/masks/sample_data/00634.png,sample_data,634,True,True
output/fascia/frames/sample_data/00635.png,output/fascia/masks/sample_data/00635.png,sample_data,635,True,True
output/fascia/frames/sample_data/00636.png,output/fascia/masks/sample_data/00636.png,sample_data,636,True,True
output/fascia/frames/sample_data/00637.png,output/fascia/masks/sample_data/00637.png,sample_data,637,True,True
output/fascia/frames/sample_data/00638.png,output/fascia/masks/sample_data/00638.png,sample_data,638,True,True
output/fascia/frames/sample_data/00639.png,output/fascia/masks/sample_data/00639.png,sample_data,639,True,True
output/fascia/frames/sample_data/00640.png,output/fascia/masks/sample_data/00640.png,sample_data,640,True,True
output/fascia/frames/sample_data/00641.png,output/fascia/masks/sample_data/00641.png,sample_data,641,True,True
output/fascia/frames/sample_data/00642.png,output/fascia/masks/sample_data/00642.png,sample_data,642,True,True
output/fascia/frames/sample_data/00643.png,output/fascia/masks/sample_data/00643.png,sample_data,643,True,True
output/fascia/frames/sample_data/00644.png,output/fascia/masks/sample_data/00644.png,sample_data,644,True,True
output/fascia/frames/sample_data/00645.png,output/fascia/masks/sample_data/00645.png,sample_data,645,True,True
output/fascia/frames/sample_data/00646.png,output/fascia/masks/sample_data/00646.png,sample_data,646,True,True
output/fascia/frames/sample_data/00647.png,output/fascia/masks/sample_data/00647.png,sample_data,647,True,True
output/fascia/frames/sample_data/00648.png,output/fascia/masks/sample_data/00648.png,sample_data,648,True,True
output/fascia/frames/sample_data/00649.png,output/fascia/masks/sample_data/00649.png,sample_data,649,True,True
output/fascia/frames/sample_data/00650.png,output/fascia/masks/sample_data/00650.png,sample_data,650,True,True
output/fascia/frames/sample_data/00651.png,output/fascia/masks/sample_data/00651.png,sample_data,651,True,True
output/fascia/frames/sample_data/00652.png,output/fascia/masks/sample_data/00652.png,sample_data,652,True,True
output/fascia/frames/sample_data/00653.png,output/fascia/masks/sample_data/00653.png,sample_data,653,True,True
output/fascia/frames/sample_data/00654.png,output/fascia/masks/sample_data/00654.png,sample_data,654,True,True
output/fascia/frames/sample_data/00655.png,output/fascia/masks/sample_data/00655.png,sample_data,655,True,True
output/fascia/frames/sample_data/00656.png,output/fascia/masks/sample_data/00656.png,sample_data,656,True,True
output/fascia/frames/sample_data/00657.png,output/fascia/masks/sample_data/00657.png,sample_data,657,True,True
output/fascia/frames/sample_data/00658.png,output/fascia/masks/sample_data/00658.png,sample_data,658,True,True
output/fascia/frames/sample_data/00659.png,output/fascia/masks/sample_data/00659.png,sample_data,659,True,True
output/fascia/frames/sample_data/00660.png,output/fascia/masks/sample_data/00660.png,sample_data,660,True,True
output/fascia/frames/sample_data/00661.png,output/fascia/masks/sample_data/00661.png,sample_data,661,True,True
output/fascia/frames/sample_data/00662.png,output/fascia/masks/sample_data/00662.png,sample_data,662,True,True
output/fascia/frames/sample_data/00663.png,output/fascia/masks/sample_data/00663.png,sample_data,663,True,True
output/fascia/frames/sample_data/00664.png,output/fascia/masks/sample_data/00664.png,sample_data,664,True,True
output/fascia/frames/sample_data/00665.png,output/fascia/masks/sample_data/00665.png,sample_data,665,True,True
output/fascia/frames/sample_data/00666.png,output/fascia/masks/sample_data/00666.png,sample_data,666,True,True
output/fascia/frames/sample_data/00667.png,output/fascia/masks/sample_data/00667.png,sample_data,667,True,True
output/fascia/frames/sample_data/00668.png,output/fascia/masks/sample_data/00668.png,sample_data,668,True,True
output/fascia/frames/sample_data/00669.png,output/fascia/masks/sample_data/00669.png,sample_data,669,True,True
output/fascia/frames/sample_data/00670.png,output/fascia/masks/sample_data/00670.png,sample_data,670,True,True
output/fascia/frames/sample_data/00671.png,output/fascia/masks/sample_data/00671.png,sample_data,671,True,True
output/fascia/frames/sample_data/00672.png,output/fascia/masks/sample_data/00672.png,sample_data,672,True,True
output/fascia/frames/sample_data/00673.png,output/fascia/masks/sample_data/00673.png,sample_data,673,True,True
output/fascia/frames/sample_data/00674.png,output/fascia/masks/sample_data/00674.png,sample_data,674,True,True
output/fascia/frames/sample_data/00675.png,output/fascia/masks/sample_data/00675.png,sample_data,675,True,True
output/fascia/frames/sample_data/00676.png,output/fascia/masks/sample_data/00676.png,sample_data,676,True,True
output/fascia/frames/sample_data/00677.png,output/fascia/masks/sample_data/00677.png,sample_data,677,True,True
output/fascia/frames/sample_data/00678.png,output/fascia/masks/sample_data/00678.png,sample_data,678,True,True
output/fascia/frames/sample_data/00679.png,output/fascia/masks/sample_data/00679.png,sample_data,679,True,True
output/fascia/frames/sample_data/00680.png,output/fascia/masks/sample_data/00680.png,sample_data,680,True,True
output/fascia/frames/sample_data/00681.png,output/fascia/masks/sample_data/00681.png,sample_data,681,True,True
output/fascia/frames/sample_data/00682.png,output/fascia/masks/sample_data/00682.png,sample_data,682,True,True
output/fascia/frames/sample_data/00683.png,output/fascia/masks/sample_data/00683.png,sample_data,683,True,True
output/fascia/frames/sample_data/00684.png,output/fascia/masks/sample_data/00684.png,sample_data,684,True,True
output/fascia/frames/sample_data/00685.png,output/fascia/masks/sample_data/00685.png,sample_data,685,True,True
output/fascia/frames/sample_data/00686.png,output/fascia/masks/sample_data/00686.png,sample_data,686,True,True
output/fascia/frames/sample_data/00687.png,output/fascia/masks/sample_data/00687.png,sample_data,687,True,True
output/fascia/frames/sample_data/00688.png,output/fascia/masks/sample_data/00688.png,sample_data,688,True,True
output/fascia/frames/sample_data/00689.png,output/fascia/masks/sample_data/00689.png,sample_data,689,True,True
output/fascia/frames/sample_data/00690.png,output/fascia/masks/sample_data/00690.png,sample_data,690,True,True
output/fascia/frames/sample_data/00691.png,output/fascia/masks/sample_data/00691.png,sample_data,691,True,True
output/fascia/frames/sample_data/00692.png,output/fascia/masks/sample_data/00692.png,sample_data,692,True,True
output/fascia/frames/sample_data/00693.png,output/fascia/masks/sample_data/00693.png,sample_data,693,True,True
output/fascia/frames/sample_data/00694.png,output/fascia/masks/sample_data/00694.png,sample_data,694,True,True
output/fascia/frames/sample_data/00695.png,output/fascia/masks/sample_data/00695.png,sample_data,695,True,True
output/fascia/frames/sample_data/00696.png,output/fascia/masks/sample_data/00696.png,sample_data,696,True,True
output/fascia/frames/sample_data/00697.png,output/fascia/masks/sample_data/00697.png,sample_data,697,True,True
output/fascia/frames/sample_data/00698.png,output/fascia/masks/sample_data/00698.png,sample_data,698,True,True
output/fascia/frames/sample_data/00699.png,output/fascia/masks/sample_data/00699.png,sample_data,699,True,True
output/fascia/frames/sample_data/00700.png,output/fascia/masks/sample_data/00700.png,sample_data,700,True,True
output/fascia/frames/sample_data/00701.png,output/fascia/masks/sample_data/00701.png,sample_data,701,True,True
output/fascia/frames/sample_data/00702.png,output/fascia/masks/sample_data/00702.png,sample_data,702,True,True
output/fascia/frames/sample_data/00703.png,output/fascia/masks/sample_data/00703.png,sample_data,703,True,True
output/fascia/frames/sample_data/00704.png,output/fascia/masks/sample_data/00704.png,sample_data,704,True,True
output/fascia/frames/sample_data/00705.png,output/fascia/masks/sample_data/00705.png,sample_data,705,True,True
output/fascia/frames/sample_data/00706.png,output/fascia/masks/sample_data/00706.png,sample_data,706,True,True
output/fascia/frames/sample_data/00707.png,output/fascia/masks/sample_data/00707.png,sample_data,707,True,True
output/fascia/frames/sample_data/00708.png,output/fascia/masks/sample_data/00708.png,sample_data,708,True,True
output/fascia/frames/sample_data/00709.png,output/fascia/masks/sample_data/00709.png,sample_data,709,True,True
output/fascia/frames/sample_data/00710.png,output/fascia/masks/sample_data/00710.png,sample_data,710,True,True
output/fascia/frames/sample_data/00711.png,output/fascia/masks/sample_data/00711.png,sample_data,711,True,True
output/fascia/frames/sample_data/00712.png,output/fascia/masks/sample_data/00712.png,sample_data,712,True,True
output/fascia/frames/sample_data/00713.png,output/fascia/masks/sample_data/00713.png,sample_data,713,True,True
output/fascia/frames/sample_data/00714.png,output/fascia/masks/sample_data/00714.png,sample_data,714,True,True
output/fascia/frames/sample_data/00715.png,output/fascia/masks/sample_data/00715.png,sample_data,715,True,True
output/fascia/frames/sample_data/00716.png,output/fascia/masks/sample_data/00716.png,sample_data,716,True,True
output/fascia/frames/sample_data/00717.png,output/fascia/masks/sample_data/00717.png,sample_data,717,True,True
output/fascia/frames/sample_data/00718.png,output/fascia/masks/sample_data/00718.png,sample_data,718,True,True
output/fascia/frames/sample_data/00719.png,output/fascia/masks/sample_data/00719.png,sample_data,719,True,True
output/fascia/frames/sample_data/00720.png,output/fascia/masks/sample_data/00720.png,sample_data,720,True,True
output/fascia/frames/sample_data/00721.png,output/fascia/masks/sample_data/00721.png,sample_data,721,True,True
output/fascia/frames/sample_data/00722.png,output/fascia/masks/sample_data/00722.png,sample_data,722,True,True
output/fascia/frames/sample_data/00723.png,output/fascia/masks/sample_data/00723.png,sample_data,723,True,True
output/fascia/frames/sample_data/00724.png,output/fascia/masks/sample_data/00724.png,sample_data,724,True,True
output/fascia/frames/sample_data/00725.png,output/fascia/masks/sample_data/00725.png,sample_data,725,True,True
output/fascia/frames/sample_data/00726.png,output/fascia/masks/sample_data/00726.png,sample_data,726,True,True
output/fascia/frames/sample_data/00727.png,output/fascia/masks/sample_data/00727.png,sample_data,727,True,True
output/fascia/frames/sample_data/00728.png,output/fascia/masks/sample_data/00728.png,sample_data,728,True,True
output/fascia/frames/sample_data/00729.png,output/fascia/masks/sample_data/00729.png,sample_data,729,True,True
output/fascia/frames/sample_data/00730.png,output/fascia/masks/sample_data/00730.png,sample_data,730,True,True
output/fascia/frames/sample_data/00731.png,output/fascia/masks/sample_data/00731.png,sample_data,731,True,True
output/fascia/frames/sample_data/00732.png,output/fascia/masks/sample_data/00732.png,sample_data,732,True,True
output/fascia/frames/sample_data/00733.png,output/fascia/masks/sample_data/00733.png,sample_data,733,True,True
output/fascia/frames/sample_data/00734.png,output/fascia/masks/sample_data/00734.png,sample_data,734,True,True
output/fascia/frames/sample_data/00735.png,output/fascia/masks/sample_data/00735.png,sample_data,735,True,True
output/fascia/frames/sample_data/00736.png,output/fascia/masks/sample_data/00736.png,sample_data,736,True,True
output/fascia/frames/sample_data/00737.png,output/fascia/masks/sample_data/00737.png,sample_data,737,True,True
output/fascia/frames/sample_data/00738.png,output/fascia/masks/sample_data/00738.png,sample_data,738,True,True
output/fascia/frames/sample_data/00739.png,output/fascia/masks/sample_data/00739.png,sample_data,739,True,True
output/fascia/frames/sample_data/00740.png,output/fascia/masks/sample_data/00740.png,sample_data,740,True,True
output/fascia/frames/sample_data/00741.png,output/fascia/masks/sample_data/00741.png,sample_data,741,True,True
output/fascia/frames/sample_data/00742.png,output/fascia/masks/sample_data/00742.png,sample_data,742,True,True
output/fascia/frames/sample_data/00743.png,output/fascia/masks/sample_data/00743.png,sample_data,743,True,True
output/fascia/frames/sample_data/00744.png,output/fascia/masks/sample_data/00744.png,sample_data,744,True,True
output/fascia/frames/sample_data/00745.png,output/fascia/masks/sample_data/00745.png,sample_data,745,True,True
output/fascia/frames/sample_data/00746.png,output/fascia/masks/sample_data/00746.png,sample_data,746,True,True
output/fascia/frames/sample_data/00747.png,output/fascia/masks/sample_data/00747.png,sample_data,747,True,True
output/fascia/frames/sample_data/00748.png,output/fascia/masks/sample_data/00748.png,sample_data,748,True,True
output/fascia/frames/sample_data/00749.png,output/fascia/masks/sample_data/00749.png,sample_data,749,True,True
output/fascia/frames/sample_data/00750.png,output/fascia/masks/sample_data/00750.png,sample_data,750,True,True
output/fascia/frames/sample_data/00751.png,output/fascia/masks/sample_data/00751.png,sample_data,751,True,True
output/fascia/frames/sample_data/00752.png,output/fascia/masks/sample_data/00752.png,sample_data,752,True,True
output/fascia/frames/sample_data/00753.png,output/fascia/masks/sample_data/00753.png,sample_data,753,True,True
output/fascia/frames/sample_data/00754.png,output/fascia/masks/sample_data/00754.png,sample_data,754,True,True
output/fascia/frames/sample_data/00755.png,output/fascia/masks/sample_data/00755.png,sample_data,755,True,True
output/fascia/frames/sample_data/00756.png,output/fascia/masks/sample_data/00756.png,sample_data,756,True,True
output/fascia/frames/sample_data/00757.png,output/fascia/masks/sample_data/00757.png,sample_data,757,True,True
output/fascia/frames/sample_data/00758.png,output/fascia/masks/sample_data/00758.png,sample_data,758,True,True
output/fascia/frames/sample_data/00759.png,output/fascia/masks/sample_data/00759.png,sample_data,759,True,True
output/fascia/frames/sample_data/00760.png,output/fascia/masks/sample_data/00760.png,sample_data,760,True,True
output/fascia/frames/sample_data/00761.png,output/fascia/masks/sample_data/00761.png,sample_data,761,True,True
output/fascia/frames/sample_data/00762.png,output/fascia/masks/sample_data/00762.png,sample_data,762,True,True
output/fascia/frames/sample_data/00763.png,output/fascia/masks/sample_data/00763.png,sample_data,763,True,True
output/fascia/frames/sample_data/00764.png,output/fascia/masks/sample_data/00764.png,sample_data,764,True,True
output/fascia/frames/sample_data/00765.png,output/fascia/masks/sample_data/00765.png,sample_data,765,True,True
output/fascia/frames/sample_data/00766.png,output/fascia/masks/sample_data/00766.png,sample_data,766,True,True
output/fascia/frames/sample_data/00767.png,output/fascia/masks/sample_data/00767.png,sample_data,767,True,True
output/fascia/frames/sample_data/00768.png,output/fascia/masks/sample_data/00768.png,sample_data,768,True,True
output/fascia/frames/sample_data/00769.png,output/fascia/masks/sample_data/00769.png,sample_data,769,True,True
output/fascia/frames/sample_data/00770.png,output/fascia/masks/sample_data/00770.png,sample_data,770,True,True
output/fascia/frames/sample_data/00771.png,output/fascia/masks/sample_data/00771.png,sample_data,771,True,True
output/fascia/frames/sample_data/00772.png,output/fascia/masks/sample_data/00772.png,sample_data,772,True,True
output/fascia/frames/sample_data/00773.png,output/fascia/masks/sample_data/00773.png,sample_data,773,True,True
output/fascia/frames/sample_data/00774.png,output/fascia/masks/sample_data/00774.png,sample_data,774,True,True
output/fascia/frames/sample_data/00775.png,output/fascia/masks/sample_data/00775.png,sample_data,775,True,True
output/fascia/frames/sample_data/00776.png,output/fascia/masks/sample_data/00776.png,sample_data,776,True,True
output/fascia/frames/sample_data/00777.png,output/fascia/masks/sample_data/00777.png,sample_data,777,True,True
output/fascia/frames/sample_data/00778.png,output/fascia/masks/sample_data/00778.png,sample_data,778,True,True
output/fascia/frames/sample_data/00779.png,output/fascia/masks/sample_data/00779.png,sample_data,779,True,True
output/fascia/frames/sample_data/00780.png,output/fascia/masks/sample_data/00780.png,sample_data,780,True,True
output/fascia/frames/sample_data/00781.png,output/fascia/masks/sample_data/00781.png,sample_data,781,True,True
output/fascia/frames/sample_data/00782.png,output/fascia/masks/sample_data/00782.png,sample_data,782,True,True
output/fascia/frames/sample_data/00783.png,output/fascia/masks/sample_data/00783.png,sample_data,783,True,True
output/fascia/frames/sample_data/00784.png,output/fascia/masks/sample_data/00784.png,sample_data,784,True,True
output/fascia/frames/sample_data/00785.png,output/fascia/masks/sample_data/00785.png,sample_data,785,True,True
output/fascia/frames/sample_data/00786.png,output/fascia/masks/sample_data/00786.png,sample_data,786,True,True
output/fascia/frames/sample_data/00787.png,output/fascia/masks/sample_data/00787.png,sample_data,787,True,True
output/fascia/frames/sample_data/00788.png,output/fascia/masks/sample_data/00788.png,sample_data,788,True,True
output/fascia/frames/sample_data/00789.png,output/fascia/masks/sample_data/00789.png,sample_data,789,True,True
output/fascia/frames/sample_data/00790.png,output/fascia/masks/sample_data/00790.png,sample_data,790,True,True
output/fascia/frames/sample_data/00791.png,output/fascia/masks/sample_data/00791.png,sample_data,791,True,True
output/fascia/frames/sample_data/00792.png,output/fascia/masks/sample_data/00792.png,sample_data,792,True,True
output/fascia/frames/sample_data/00793.png,output/fascia/masks/sample_data/00793.png,sample_data,793,True,True
output/fascia/frames/sample_data/00794.png,output/fascia/masks/sample_data/00794.png,sample_data,794,True,True
output/fascia/frames/sample_data/00795.png,output/fascia/masks/sample_data/00795.png,sample_data,795,True,True
output/fascia/frames/sample_data/00796.png,output/fascia/masks/sample_data/00796.png,sample_data,796,True,True
output/fascia/frames/sample_data/00797.png,output/fascia/masks/sample_data/00797.png,sample_data,797,True,True
output/fascia/frames/sample_data/00798.png,output/fascia/masks/sample_data/00798.png,sample_data,798,True,True
output/fascia/frames/sample_data/00799.png,output/fascia/masks/sample_data/00799.png,sample_data,799,True,True
output/fascia/frames/sample_data/00800.png,output/fascia/masks/sample_data/00800.png,sample_data,800,True,True
output/fascia/frames/sample_data/00801.png,output/fascia/masks/sample_data/00801.png,sample_data,801,True,True
output/fascia/frames/sample_data/00802.png,output/fascia/masks/sample_data/00802.png,sample_data,802,True,True
output/fascia/frames/sample_data/00803.png,output/fascia/masks/sample_data/00803.png,sample_data,803,True,True
output/fascia/frames/sample_data/00804.png,output/fascia/masks/sample_data/00804.png,sample_data,804,True,True
output/fascia/frames/sample_data/00805.png,output/fascia/masks/sample_data/00805.png,sample_data,805,True,True
output/fascia/frames/sample_data/00806.png,output/fascia/masks/sample_data/00806.png,sample_data,806,True,True
output/fascia/frames/sample_data/00807.png,output/fascia/masks/sample_data/00807.png,sample_data,807,True,True
output/fascia/frames/sample_data/00808.png,output/fascia/masks/sample_data/00808.png,sample_data,808,True,True
output/fascia/frames/sample_data/00809.png,output/fascia/masks/sample_data/00809.png,sample_data,809,True,True
output/fascia/frames/sample_data/00810.png,output/fascia/masks/sample_data/00810.png,sample_data,810,True,True
output/fascia/frames/sample_data/00811.png,output/fascia/masks/sample_data/00811.png,sample_data,811,True,True
output/fascia/frames/sample_data/00812.png,output/fascia/masks/sample_data/00812.png,sample_data,812,True,True
output/fascia/frames/sample_data/00813.png,output/fascia/masks/sample_data/00813.png,sample_data,813,True,True
output/fascia/frames/sample_data/00814.png,output/fascia/masks/sample_data/00814.png,sample_data,814,True,True
output/fascia/frames/sample_data/00815.png,output/fascia/masks/sample_data/00815.png,sample_data,815,True,True
output/fascia/frames/sample_data/00816.png,output/fascia/masks/sample_data/00816.png,sample_data,816,True,True
output/fascia/frames/sample_data/00817.png,output/fascia/masks/sample_data/00817.png,sample_data,817,True,True
output/fascia/frames/sample_data/00818.png,output/fascia/masks/sample_data/00818.png,sample_data,818,True,True
output/fascia/frames/sample_data/00819.png,output/fascia/masks/sample_data/00819.png,sample_data,819,True,True
output/fascia/frames/sample_data/00820.png,output/fascia/masks/sample_data/00820.png,sample_data,820,True,True
output/fascia/frames/sample_data/00821.png,output/fascia/masks/sample_data/00821.png,sample_data,821,True,True
output/fascia/frames/sample_data/00822.png,output/fascia/masks/sample_data/00822.png,sample_data,822,True,True
output/fascia/frames/sample_data/00823.png,output/fascia/masks/sample_data/00823.png,sample_data,823,True,True
output/fascia/frames/sample_data/00824.png,output/fascia/masks/sample_data/00824.png,sample_data,824,True,True
output/fascia/frames/sample_data/00825.png,output/fascia/masks/sample_data/00825.png,sample_data,825,True,True
output/fascia/frames/sample_data/00826.png,output/fascia/masks/sample_data/00826.png,sample_data,826,True,True
output/fascia/frames/sample_data/00827.png,output/fascia/masks/sample_data/00827.png,sample_data,827,True,True
output/fascia/frames/sample_data/00828.png,output/fascia/masks/sample_data/00828.png,sample_data,828,True,True
output/fascia/frames/sample_data/00829.png,output/fascia/masks/sample_data/00829.png,sample_data,829,True,True
output/fascia/frames/sample_data/00830.png,output/fascia/masks/sample_data/00830.png,sample_data,830,True,True
output/fascia/frames/sample_data/00831.png,output/fascia/masks/sample_data/00831.png,sample_data,831,True,True
output/fascia/frames/sample_data/00832.png,output/fascia/masks/sample_data/00832.png,sample_data,832,True,True
output/fascia/frames/sample_data/00833.png,output/fascia/masks/sample_data/00833.png,sample_data,833,True,True
output/fascia/frames/sample_data/00834.png,output/fascia/masks/sample_data/00834.png,sample_data,834,True,True
output/fascia/frames/sample_data/00835.png,output/fascia/masks/sample_data/00835.png,sample_data,835,True,True
output/fascia/frames/sample_data/00836.png,output/fascia/masks/sample_data/00836.png,sample_data,836,True,True
output/fascia/frames/sample_data/00837.png,output/fascia/masks/sample_data/00837.png,sample_data,837,True,True
output/fascia/frames/sample_data/00838.png,output/fascia/masks/sample_data/00838.png,sample_data,838,True,True
output/fascia/frames/sample_data/00839.png,output/fascia/masks/sample_data/00839.png,sample_data,839,True,True
output/fascia/frames/sample_data/00840.png,output/fascia/masks/sample_data/00840.png,sample_data,840,True,True
output/fascia/frames/sample_data/00841.png,output/fascia/masks/sample_data/00841.png,sample_data,841,True,True
output/fascia/frames/sample_data/00842.png,output/fascia/masks/sample_data/00842.png,sample_data,842,True,True
output/fascia/frames/sample_data/00843.png,output/fascia/masks/sample_data/00843.png,sample_data,843,True,True
output/fascia/frames/sample_data/00844.png,output/fascia/masks/sample_data/00844.png,sample_data,844,True,True
output/fascia/frames/sample_data/00845.png,output/fascia/masks/sample_data/00845.png,sample_data,845,True,True
output/fascia/frames/sample_data/00846.png,output/fascia/masks/sample_data/00846.png,sample_data,846,True,True
output/fascia/frames/sample_data/00847.png,output/fascia/masks/sample_data/00847.png,sample_data,847,True,True
output/fascia/frames/sample_data/00848.png,output/fascia/masks/sample_data/00848.png,sample_data,848,True,True
output/fascia/frames/sample_data/00849.png,output/fascia/masks/sample_data/00849.png,sample_data,849,True,True
output/fascia/frames/sample_data/00850.png,output/fascia/masks/sample_data/00850.png,sample_data,850,True,True
output/fascia/frames/sample_data/00851.png,output/fascia/masks/sample_data/00851.png,sample_data,851,True,True
output/fascia/frames/sample_data/00852.png,output/fascia/masks/sample_data/00852.png,sample_data,852,True,True
output/fascia/frames/sample_data/00853.png,output/fascia/masks/sample_data/00853.png,sample_data,853,True,True
output/fascia/frames/sample_data/00854.png,output/fascia/masks/sample_data/00854.png,sample_data,854,True,True
output/fascia/frames/sample_data/00855.png,output/fascia/masks/sample_data/00855.png,sample_data,855,True,True
output/fascia/frames/sample_data/00856.png,output/fascia/masks/sample_data/00856.png,sample_data,856,True,True
output/fascia/frames/sample_data/00857.png,output/fascia/masks/sample_data/00857.png,sample_data,857,True,True
output/fascia/frames/sample_data/00858.png,output/fascia/masks/sample_data/00858.png,sample_data,858,True,True
output/fascia/frames/sample_data/00859.png,output/fascia/masks/sample_data/00859.png,sample_data,859,True,True
output/fascia/frames/sample_data/00860.png,output/fascia/masks/sample_data/00860.png,sample_data,860,True,True
output/fascia/frames/sample_data/00861.png,output/fascia/masks/sample_data/00861.png,sample_data,861,True,True
output/fascia/frames/sample_data/00862.png,output/fascia/masks/sample_data/00862.png,sample_data,862,True,True
output/fascia/frames/sample_data/00863.png,output/fascia/masks/sample_data/00863.png,sample_data,863,True,True
output/fascia/frames/sample_data/00864.png,output/fascia/masks/sample_data/00864.png,sample_data,864,True,True
output/fascia/frames/sample_data/00865.png,output/fascia/masks/sample_data/00865.png,sample_data,865,True,True
output/fascia/frames/sample_data/00866.png,output/fascia/masks/sample_data/00866.png,sample_data,866,True,True
output/fascia/frames/sample_data/00867.png,output/fascia/masks/sample_data/00867.png,sample_data,867,True,True
output/fascia/frames/sample_data/00868.png,output/fascia/masks/sample_data/00868.png,sample_data,868,True,True
output/fascia/frames/sample_data/00869.png,output/fascia/masks/sample_data/00869.png,sample_data,869,True,True
output/fascia/frames/sample_data/00870.png,output/fascia/masks/sample_data/00870.png,sample_data,870,True,True
output/fascia/frames/sample_data/00871.png,output/fascia/masks/sample_data/00871.png,sample_data,871,True,True
output/fascia/frames/sample_data/00872.png,output/fascia/masks/sample_data/00872.png,sample_data,872,True,True
output/fascia/frames/sample_data/00873.png,output/fascia/masks/sample_data/00873.png,sample_data,873,True,True
output/fascia/frames/sample_data/00874.png,output/fascia/masks/sample_data/00874.png,sample_data,874,True,True
output/fascia/frames/sample_data/00875.png,output/fascia/masks/sample_data/00875.png,sample_data,875,True,True
output/fascia/frames/sample_data/00876.png,output/fascia/masks/sample_data/00876.png,sample_data,876,True,True
output/fascia/frames/sample_data/00877.png,output/fascia/masks/sample_data/00877.png,sample_data,877,True,True
output/fascia/frames/sample_data/00878.png,output/fascia/masks/sample_data/00878.png,sample_data,878,True,True
output/fascia/frames/sample_data/00879.png,output/fascia/masks/sample_data/00879.png,sample_data,879,True,True
output/fascia/frames/sample_data/00880.png,output/fascia/masks/sample_data/00880.png,sample_data,880,True,True
output/fascia/frames/sample_data/00881.png,output/fascia/masks/sample_data/00881.png,sample_data,881,True,True
output/fascia/frames/sample_data/00882.png,output/fascia/masks/sample_data/00882.png,sample_data,882,True,True
output/fascia/frames/sample_data/00883.png,output/fascia/masks/sample_data/00883.png,sample_data,883,True,True
output/fascia/frames/sample_data/00884.png,output/fascia/masks/sample_data/00884.png,sample_data,884,True,True
output/fascia/frames/sample_data/00885.png,output/fascia/masks/sample_data/00885.png,sample_data,885,True,True
output/fascia/frames/sample_data/00886.png,output/fascia/masks/sample_data/00886.png,sample_data,886,True,True
output/fascia/frames/sample_data/00887.png,output/fascia/masks/sample_data/00887.png,sample_data,887,True,True
output/fascia/frames/sample_data/00888.png,output/fascia/masks/sample_data/00888.png,sample_data,888,True,True
output/fascia/frames/sample_data/00889.png,output/fascia/masks/sample_data/00889.png,sample_data,889,True,True
output/fascia/frames/sample_data/00890.png,output/fascia/masks/sample_data/00890.png,sample_data,890,True,True
output/fascia/frames/sample_data/00891.png,output/fascia/masks/sample_data/00891.png,sample_data,891,True,True
output/fascia/frames/sample_data/00892.png,output/fascia/masks/sample_data/00892.png,sample_data,892,True,True
output/fascia/frames/sample_data/00893.png,output/fascia/masks/sample_data/00893.png,sample_data,893,True,True
output/fascia/frames/sample_data/00894.png,output/fascia/masks/sample_data/00894.png,sample_data,894,True,True
output/fascia/frames/sample_data/00895.png,output/fascia/masks/sample_data/00895.png,sample_data,895,True,True
output/fascia/frames/sample_data/00896.png,output/fascia/masks/sample_data/00896.png,sample_data,896,True,True
output/fascia/frames/sample_data/00897.png,output/fascia/masks/sample_data/00897.png,sample_data,897,True,True
output/fascia/frames/sample_data/00898.png,output/fascia/masks/sample_data/00898.png,sample_data,898,True,True
output/fascia/frames/sample_data/00899.png,output/fascia/masks/sample_data/00899.png,sample_data,899,True,True
output/fascia/frames/sample_data/00900.png,output/fascia/masks/sample_data/00900.png,sample_data,900,True,True
output/fascia/frames/sample_data/00901.png,output/fascia/masks/sample_data/00901.png,sample_data,901,True,True
output/fascia/frames/sample_data/00902.png,output/fascia/masks/sample_data/00902.png,sample_data,902,True,True
output/fascia/frames/sample_data/00903.png,output/fascia/masks/sample_data/00903.png,sample_data,903,True,True
output/fascia/frames/sample_data/00904.png,output/fascia/masks/sample_data/00904.png,sample_data,904,True,True
output/fascia/frames/sample_data/00905.png,output/fascia/masks/sample_data/00905.png,sample_data,905,True,True
output/fascia/frames/sample_data/00906.png,output/fascia/masks/sample_data/00906.png,sample_data,906,True,True
output/fascia/frames/sample_data/00907.png,output/fascia/masks/sample_data/00907.png,sample_data,907,True,True
output/fascia/frames/sample_data/00908.png,output/fascia/masks/sample_data/00908.png,sample_data,908,True,True
output/fascia/frames/sample_data/00909.png,output/fascia/masks/sample_data/00909.png,sample_data,909,True,True
output/fascia/frames/sample_data/00910.png,output/fascia/masks/sample_data/00910.png,sample_data,910,True,True
output/fascia/frames/sample_data/00911.png,output/fascia/masks/sample_data/00911.png,sample_data,911,True,True
output/fascia/frames/sample_data/00912.png,output/fascia/masks/sample_data/00912.png,sample_data,912,True,True
output/fascia/frames/sample_data/00913.png,output/fascia/masks/sample_data/00913.png,sample_data,913,True,True
output/fascia/frames/sample_data/00914.png,output/fascia/masks/sample_data/00914.png,sample_data,914,True,True
output/fascia/frames/sample_data/00915.png,output/fascia/masks/sample_data/00915.png,sample_data,915,True,True
output/fascia/frames/sample_data/00916.png,output/fascia/masks/sample_data/00916.png,sample_data,916,True,True
output/fascia/frames/sample_data/00917.png,output/fascia/masks/sample_data/00917.png,sample_data,917,True,True
output/fascia/frames/sample_data/00918.png,output/fascia/masks/sample_data/00918.png,sample_data,918,True,True
output/fascia/frames/sample_data/00919.png,output/fascia/masks/sample_data/00919.png,sample_data,919,True,True
output/fascia/frames/sample_data/00920.png,output/fascia/masks/sample_data/00920.png,sample_data,920,True,True
output/fascia/frames/sample_data/00921.png,output/fascia/masks/sample_data/00921.png,sample_data,921,True,True
output/fascia/frames/sample_data/00922.png,output/fascia/masks/sample_data/00922.png,sample_data,922,True,True
output/fascia/frames/sample_data/00923.png,output/fascia/masks/sample_data/00923.png,sample_data,923,True,True
output/fascia/frames/sample_data/00924.png,output/fascia/masks/sample_data/00924.png,sample_data,924,True,True
output/fascia/frames/sample_data/00925.png,output/fascia/masks/sample_data/00925.png,sample_data,925,True,True
output/fascia/frames/sample_data/00926.png,output/fascia/masks/sample_data/00926.png,sample_data,926,True,True
output/fascia/frames/sample_data/00927.png,output/fascia/masks/sample_data/00927.png,sample_data,927,True,True
output/fascia/frames/sample_data/00928.png,output/fascia/masks/sample_data/00928.png,sample_data,928,True,True
output/fascia/frames/sample_data/00929.png,output/fascia/masks/sample_data/00929.png,sample_data,929,True,True
output/fascia/frames/sample_data/00930.png,output/fascia/masks/sample_data/00930.png,sample_data,930,True,True
output/fascia/frames/sample_data/00931.png,output/fascia/masks/sample_data/00931.png,sample_data,931,True,True
output/fascia/frames/sample_data/00932.png,output/fascia/masks/sample_data/00932.png,sample_data,932,True,True
output/fascia/frames/sample_data/00933.png,output/fascia/masks/sample_data/00933.png,sample_data,933,True,True
output/fascia/frames/sample_data/00934.png,output/fascia/masks/sample_data/00934.png,sample_data,934,True,True
output/fascia/frames/sample_data/00935.png,output/fascia/masks/sample_data/00935.png,sample_data,935,True,True
output/fascia/frames/sample_data/00936.png,output/fascia/masks/sample_data/00936.png,sample_data,936,True,True
output/fascia/frames/sample_data/00937.png,output/fascia/masks/sample_data/00937.png,sample_data,937,True,True
output/fascia/frames/sample_data/00938.png,output/fascia/masks/sample_data/00938.png,sample_data,938,True,True
output/fascia/frames/sample_data/00939.png,output/fascia/masks/sample_data/00939.png,sample_data,939,True,True
output/fascia/frames/sample_data/00940.png,output/fascia/masks/sample_data/00940.png,sample_data,940,True,True
output/fascia/frames/sample_data/00941.png,output/fascia/masks/sample_data/00941.png,sample_data,941,True,True
output/fascia/frames/sample_data/00942.png,output/fascia/masks/sample_data/00942.png,sample_data,942,True,True
output/fascia/frames/sample_data/00943.png,output/fascia/masks/sample_data/00943.png,sample_data,943,True,True
output/fascia/frames/sample_data/00944.png,output/fascia/masks/sample_data/00944.png,sample_data,944,True,True
output/fascia/frames/sample_data/00945.png,output/fascia/masks/sample_data/00945.png,sample_data,945,True,True
output/fascia/frames/sample_data/00946.png,output/fascia/masks/sample_data/00946.png,sample_data,946,True,True
output/fascia/frames/sample_data/00947.png,output/fascia/masks/sample_data/00947.png,sample_data,947,True,True
output/fascia/frames/sample_data/00948.png,output/fascia/masks/sample_data/00948.png,sample_data,948,True,True
output/fascia/frames/sample_data/00949.png,output/fascia/masks/sample_data/00949.png,sample_data,949,True,True
output/fascia/frames/sample_data/00950.png,output/fascia/masks/sample_data/00950.png,sample_data,950,True,True
output/fascia/frames/sample_data/00951.png,output/fascia/masks/sample_data/00951.png,sample_data,951,True,True
output/fascia/frames/sample_data/00952.png,output/fascia/masks/sample_data/00952.png,sample_data,952,True,True
output/fascia/frames/sample_data/00953.png,output/fascia/masks/sample_data/00953.png,sample_data,953,True,True
output/fascia/frames/sample_data/00954.png,output/fascia/masks/sample_data/00954.png,sample_data,954,True,True
output/fascia/frames/sample_data/00955.png,output/fascia/masks/sample_data/00955.png,sample_data,955,True,True
output/fascia/frames/sample_data/00956.png,output/fascia/masks/sample_data/00956.png,sample_data,956,True,True
output/fascia/frames/sample_data/00957.png,output/fascia/masks/sample_data/00957.png,sample_data,957,True,True
output/fascia/frames/sample_data/00958.png,output/fascia/masks/sample_data/00958.png,sample_data,958,True,True
output/fascia/frames/Knee-Ankle-Seg1/00000.png,output/fascia/masks/Knee-Ankle-Seg1/00000.png,Knee-Ankle-Seg1,0,False,False
output/fascia/frames/Knee-Ankle-Seg1/00001.png,output/fascia/masks/Knee-Ankle-Seg1/00001.png,Knee-Ankle-Seg1,1,False,False
output/fascia/frames/Knee-Ankle-Seg1/00002.png,output/fascia/masks/Knee-Ankle-Seg1/00002.png,Knee-Ankle-Seg1,2,False,False
output/fascia/frames/Knee-Ankle-Seg1/00003.png,output/fascia/masks/Knee-Ankle-Seg1/00003.png,Knee-Ankle-Seg1,3,False,False
output/fascia/frames/Knee-Ankle-Seg1/00004.png,output/fascia/masks/Knee-Ankle-Seg1/00004.png,Knee-Ankle-Seg1,4,False,False
output/fascia/frames/Knee-Ankle-Seg1/00005.png,output/fascia/masks/Knee-Ankle-Seg1/00005.png,Knee-Ankle-Seg1,5,False,False
output/fascia/frames/Knee-Ankle-Seg1/00006.png,output/fascia/masks/Knee-Ankle-Seg1/00006.png,Knee-Ankle-Seg1,6,False,False
output/fascia/frames/Knee-Ankle-Seg1/00007.png,output/fascia/masks/Knee-Ankle-Seg1/00007.png,Knee-Ankle-Seg1,7,False,False
output/fascia/frames/Knee-Ankle-Seg1/00008.png,output/fascia/masks/Knee-Ankle-Seg1/00008.png,Knee-Ankle-Seg1,8,False,False
output/fascia/frames/Knee-Ankle-Seg1/00009.png,output/fascia/masks/Knee-Ankle-Seg1/00009.png,Knee-Ankle-Seg1,9,False,False
output/fascia/frames/Knee-Ankle-Seg1/00010.png,output/fascia/masks/Knee-Ankle-Seg1/00010.png,Knee-Ankle-Seg1,10,False,False
output/fascia/frames/Knee-Ankle-Seg1/00011.png,output/fascia/masks/Knee-Ankle-Seg1/00011.png,Knee-Ankle-Seg1,11,False,False
output/fascia/frames/Knee-Ankle-Seg1/00012.png,output/fascia/masks/Knee-Ankle-Seg1/00012.png,Knee-Ankle-Seg1,12,True,True
output/fascia/frames/Knee-Ankle-Seg1/00013.png,output/fascia/masks/Knee-Ankle-Seg1/00013.png,Knee-Ankle-Seg1,13,True,True
output/fascia/frames/Knee-Ankle-Seg1/00014.png,output/fascia/masks/Knee-Ankle-Seg1/00014.png,Knee-Ankle-Seg1,14,True,True
output/fascia/frames/Knee-Ankle-Seg1/00015.png,output/fascia/masks/Knee-Ankle-Seg1/00015.png,Knee-Ankle-Seg1,15,True,True
output/fascia/frames/Knee-Ankle-Seg1/00016.png,output/fascia/masks/Knee-Ankle-Seg1/00016.png,Knee-Ankle-Seg1,16,True,True
output/fascia/frames/Knee-Ankle-Seg1/00017.png,output/fascia/masks/Knee-Ankle-Seg1/00017.png,Knee-Ankle-Seg1,17,True,True
output/fascia/frames/Knee-Ankle-Seg1/00018.png,output/fascia/masks/Knee-Ankle-Seg1/00018.png,Knee-Ankle-Seg1,18,True,True
output/fascia/frames/Knee-Ankle-Seg1/00019.png,output/fascia/masks/Knee-Ankle-Seg1/00019.png,Knee-Ankle-Seg1,19,True,True
output/fascia/frames/Knee-Ankle-Seg1/00020.png,output/fascia/masks/Knee-Ankle-Seg1/00020.png,Knee-Ankle-Seg1,20,True,True
output/fascia/frames/Knee-Ankle-Seg1/00021.png,output/fascia/masks/Knee-Ankle-Seg1/00021.png,Knee-Ankle-Seg1,21,True,True
output/fascia/frames/Knee-Ankle-Seg1/00022.png,output/fascia/masks/Knee-Ankle-Seg1/00022.png,Knee-Ankle-Seg1,22,True,True
output/fascia/frames/Knee-Ankle-Seg1/00023.png,output/fascia/masks/Knee-Ankle-Seg1/00023.png,Knee-Ankle-Seg1,23,True,True
output/fascia/frames/Knee-Ankle-Seg1/00024.png,output/fascia/masks/Knee-Ankle-Seg1/00024.png,Knee-Ankle-Seg1,24,True,True
output/fascia/frames/Knee-Ankle-Seg1/00025.png,output/fascia/masks/Knee-Ankle-Seg1/00025.png,Knee-Ankle-Seg1,25,True,True
output/fascia/frames/Knee-Ankle-Seg1/00026.png,output/fascia/masks/Knee-Ankle-Seg1/00026.png,Knee-Ankle-Seg1,26,True,True
output/fascia/frames/Knee-Ankle-Seg1/00027.png,output/fascia/masks/Knee-Ankle-Seg1/00027.png,Knee-Ankle-Seg1,27,True,True
output/fascia/frames/Knee-Ankle-Seg1/00028.png,output/fascia/masks/Knee-Ankle-Seg1/00028.png,Knee-Ankle-Seg1,28,True,True
output/fascia/frames/Knee-Ankle-Seg1/00029.png,output/fascia/masks/Knee-Ankle-Seg1/00029.png,Knee-Ankle-Seg1,29,True,True
output/fascia/frames/Knee-Ankle-Seg1/00030.png,output/fascia/masks/Knee-Ankle-Seg1/00030.png,Knee-Ankle-Seg1,30,True,True
output/fascia/frames/Knee-Ankle-Seg1/00031.png,output/fascia/masks/Knee-Ankle-Seg1/00031.png,Knee-Ankle-Seg1,31,True,True
output/fascia/frames/Knee-Ankle-Seg1/00032.png,output/fascia/masks/Knee-Ankle-Seg1/00032.png,Knee-Ankle-Seg1,32,True,True
output/fascia/frames/Knee-Ankle-Seg1/00033.png,output/fascia/masks/Knee-Ankle-Seg1/00033.png,Knee-Ankle-Seg1,33,True,True
output/fascia/frames/Knee-Ankle-Seg1/00034.png,output/fascia/masks/Knee-Ankle-Seg1/00034.png,Knee-Ankle-Seg1,34,True,True
output/fascia/frames/Knee-Ankle-Seg1/00035.png,output/fascia/masks/Knee-Ankle-Seg1/00035.png,Knee-Ankle-Seg1,35,True,True
output/fascia/frames/Knee-Ankle-Seg1/00036.png,output/fascia/masks/Knee-Ankle-Seg1/00036.png,Knee-Ankle-Seg1,36,True,True
output/fascia/frames/Knee-Ankle-Seg1/00037.png,output/fascia/masks/Knee-Ankle-Seg1/00037.png,Knee-Ankle-Seg1,37,True,True
output/fascia/frames/Knee-Ankle-Seg1/00038.png,output/fascia/masks/Knee-Ankle-Seg1/00038.png,Knee-Ankle-Seg1,38,True,True
output/fascia/frames/Knee-Ankle-Seg1/00039.png,output/fascia/masks/Knee-Ankle-Seg1/00039.png,Knee-Ankle-Seg1,39,True,True
output/fascia/frames/Knee-Ankle-Seg1/00040.png,output/fascia/masks/Knee-Ankle-Seg1/00040.png,Knee-Ankle-Seg1,40,True,True
output/fascia/frames/Knee-Ankle-Seg1/00041.png,output/fascia/masks/Knee-Ankle-Seg1/00041.png,Knee-Ankle-Seg1,41,True,True
output/fascia/frames/Knee-Ankle-Seg1/00042.png,output/fascia/masks/Knee-Ankle-Seg1/00042.png,Knee-Ankle-Seg1,42,True,True
output/fascia/frames/Knee-Ankle-Seg1/00043.png,output/fascia/masks/Knee-Ankle-Seg1/00043.png,Knee-Ankle-Seg1,43,True,True
output/fascia/frames/Knee-Ankle-Seg1/00044.png,output/fascia/masks/Knee-Ankle-Seg1/00044.png,Knee-Ankle-Seg1,44,True,True
output/fascia/frames/Knee-Ankle-Seg1/00045.png,output/fascia/masks/Knee-Ankle-Seg1/00045.png,Knee-Ankle-Seg1,45,True,True
output/fascia/frames/Knee-Ankle-Seg1/00046.png,output/fascia/masks/Knee-Ankle-Seg1/00046.png,Knee-Ankle-Seg1,46,True,True
output/fascia/frames/Knee-Ankle-Seg1/00047.png,output/fascia/masks/Knee-Ankle-Seg1/00047.png,Knee-Ankle-Seg1,47,True,True
output/fascia/frames/Knee-Ankle-Seg1/00048.png,output/fascia/masks/Knee-Ankle-Seg1/00048.png,Knee-Ankle-Seg1,48,True,True
output/fascia/frames/Knee-Ankle-Seg1/00049.png,output/fascia/masks/Knee-Ankle-Seg1/00049.png,Knee-Ankle-Seg1,49,True,True
output/fascia/frames/Knee-Ankle-Seg1/00050.png,output/fascia/masks/Knee-Ankle-Seg1/00050.png,Knee-Ankle-Seg1,50,True,True
output/fascia/frames/Knee-Ankle-Seg1/00051.png,output/fascia/masks/Knee-Ankle-Seg1/00051.png,Knee-Ankle-Seg1,51,True,True
output/fascia/frames/Knee-Ankle-Seg1/00052.png,output/fascia/masks/Knee-Ankle-Seg1/00052.png,Knee-Ankle-Seg1,52,True,True
output/fascia/frames/Knee-Ankle-Seg1/00053.png,output/fascia/masks/Knee-Ankle-Seg1/00053.png,Knee-Ankle-Seg1,53,True,True
output/fascia/frames/Knee-Ankle-Seg1/00054.png,output/fascia/masks/Knee-Ankle-Seg1/00054.png,Knee-Ankle-Seg1,54,True,True
output/fascia/frames/Knee-Ankle-Seg1/00055.png,output/fascia/masks/Knee-Ankle-Seg1/00055.png,Knee-Ankle-Seg1,55,True,True
output/fascia/frames/Knee-Ankle-Seg1/00056.png,output/fascia/masks/Knee-Ankle-Seg1/00056.png,Knee-Ankle-Seg1,56,False,False
output/fascia/frames/Knee-Ankle-Seg1/00057.png,output/fascia/masks/Knee-Ankle-Seg1/00057.png,Knee-Ankle-Seg1,57,False,False
output/fascia/frames/Knee-Ankle-Seg1/00058.png,output/fascia/masks/Knee-Ankle-Seg1/00058.png,Knee-Ankle-Seg1,58,False,False
output/fascia/frames/Knee-Ankle-Seg1/00059.png,output/fascia/masks/Knee-Ankle-Seg1/00059.png,Knee-Ankle-Seg1,59,False,False
output/fascia/frames/Knee-Ankle-Seg1/00060.png,output/fascia/masks/Knee-Ankle-Seg1/00060.png,Knee-Ankle-Seg1,60,True,True
output/fascia/frames/Knee-Ankle-Seg1/00061.png,output/fascia/masks/Knee-Ankle-Seg1/00061.png,Knee-Ankle-Seg1,61,False,False
output/fascia/frames/Knee-Ankle-Seg1/00062.png,output/fascia/masks/Knee-Ankle-Seg1/00062.png,Knee-Ankle-Seg1,62,False,False
output/fascia/frames/Knee-Ankle-Seg1/00063.png,output/fascia/masks/Knee-Ankle-Seg1/00063.png,Knee-Ankle-Seg1,63,True,True
output/fascia/frames/Knee-Ankle-Seg1/00064.png,output/fascia/masks/Knee-Ankle-Seg1/00064.png,Knee-Ankle-Seg1,64,False,False
output/fascia/frames/Knee-Ankle-Seg1/00065.png,output/fascia/masks/Knee-Ankle-Seg1/00065.png,Knee-Ankle-Seg1,65,True,True
output/fascia/frames/Knee-Ankle-Seg1/00066.png,output/fascia/masks/Knee-Ankle-Seg1/00066.png,Knee-Ankle-Seg1,66,True,True
output/fascia/frames/Knee-Ankle-Seg1/00067.png,output/fascia/masks/Knee-Ankle-Seg1/00067.png,Knee-Ankle-Seg1,67,True,True
output/fascia/frames/Knee-Ankle-Seg1/00068.png,output/fascia/masks/Knee-Ankle-Seg1/00068.png,Knee-Ankle-Seg1,68,True,True
output/fascia/frames/Knee-Ankle-Seg1/00069.png,output/fascia/masks/Knee-Ankle-Seg1/00069.png,Knee-Ankle-Seg1,69,True,True
output/fascia/frames/Knee-Ankle-Seg1/00070.png,output/fascia/masks/Knee-Ankle-Seg1/00070.png,Knee-Ankle-Seg1,70,False,False
output/fascia/frames/Knee-Ankle-Seg1/00071.png,output/fascia/masks/Knee-Ankle-Seg1/00071.png,Knee-Ankle-Seg1,71,False,False
output/fascia/frames/Knee-Ankle-Seg1/00072.png,output/fascia/masks/Knee-Ankle-Seg1/00072.png,Knee-Ankle-Seg1,72,False,False
output/fascia/frames/Knee-Ankle-Seg1/00073.png,output/fascia/masks/Knee-Ankle-Seg1/00073.png,Knee-Ankle-Seg1,73,False,False
output/fascia/frames/Knee-Ankle-Seg1/00074.png,output/fascia/masks/Knee-Ankle-Seg1/00074.png,Knee-Ankle-Seg1,74,False,False
output/fascia/frames/Knee-Ankle-Seg1/00075.png,output/fascia/masks/Knee-Ankle-Seg1/00075.png,Knee-Ankle-Seg1,75,False,False
output/fascia/frames/Knee-Ankle-Seg1/00076.png,output/fascia/masks/Knee-Ankle-Seg1/00076.png,Knee-Ankle-Seg1,76,False,False
output/fascia/frames/Knee-Ankle-Seg1/00077.png,output/fascia/masks/Knee-Ankle-Seg1/00077.png,Knee-Ankle-Seg1,77,False,False
output/fascia/frames/Knee-Ankle-Seg1/00078.png,output/fascia/masks/Knee-Ankle-Seg1/00078.png,Knee-Ankle-Seg1,78,False,False
output/fascia/frames/Knee-Ankle-Seg1/00079.png,output/fascia/masks/Knee-Ankle-Seg1/00079.png,Knee-Ankle-Seg1,79,False,False
output/fascia/frames/Knee-Ankle-Seg1/00080.png,output/fascia/masks/Knee-Ankle-Seg1/00080.png,Knee-Ankle-Seg1,80,False,False
output/fascia/frames/Knee-Ankle-Seg1/00081.png,output/fascia/masks/Knee-Ankle-Seg1/00081.png,Knee-Ankle-Seg1,81,False,False
output/fascia/frames/Knee-Ankle-Seg1/00082.png,output/fascia/masks/Knee-Ankle-Seg1/00082.png,Knee-Ankle-Seg1,82,False,False
output/fascia/frames/Knee-Ankle-Seg1/00083.png,output/fascia/masks/Knee-Ankle-Seg1/00083.png,Knee-Ankle-Seg1,83,False,False
output/fascia/frames/Knee-Ankle-Seg1/00084.png,output/fascia/masks/Knee-Ankle-Seg1/00084.png,Knee-Ankle-Seg1,84,False,False
output/fascia/frames/Knee-Ankle-Seg1/00085.png,output/fascia/masks/Knee-Ankle-Seg1/00085.png,Knee-Ankle-Seg1,85,False,False
output/fascia/frames/Knee-Ankle-Seg1/00086.png,output/fascia/masks/Knee-Ankle-Seg1/00086.png,Knee-Ankle-Seg1,86,False,False
output/fascia/frames/Knee-Ankle-Seg1/00087.png,output/fascia/masks/Knee-Ankle-Seg1/00087.png,Knee-Ankle-Seg1,87,False,False
output/fascia/frames/Knee-Ankle-Seg1/00088.png,output/fascia/masks/Knee-Ankle-Seg1/00088.png,Knee-Ankle-Seg1,88,False,False
output/fascia/frames/Knee-Ankle-Seg1/00089.png,output/fascia/masks/Knee-Ankle-Seg1/00089.png,Knee-Ankle-Seg1,89,False,False
output/fascia/frames/Knee-Ankle-Seg1/00090.png,output/fascia/masks/Knee-Ankle-Seg1/00090.png,Knee-Ankle-Seg1,90,False,False
output/fascia/frames/Knee-Ankle-Seg1/00091.png,output/fascia/masks/Knee-Ankle-Seg1/00091.png,Knee-Ankle-Seg1,91,False,False
output/fascia/frames/Knee-Ankle-Seg1/00092.png,output/fascia/masks/Knee-Ankle-Seg1/00092.png,Knee-Ankle-Seg1,92,False,False
output/fascia/frames/Knee-Ankle-Seg1/00093.png,output/fascia/masks/Knee-Ankle-Seg1/00093.png,Knee-Ankle-Seg1,93,False,False
output/fascia/frames/Knee-Ankle-Seg1/00094.png,output/fascia/masks/Knee-Ankle-Seg1/00094.png,Knee-Ankle-Seg1,94,False,False
output/fascia/frames/Knee-Ankle-Seg1/00095.png,output/fascia/masks/Knee-Ankle-Seg1/00095.png,Knee-Ankle-Seg1,95,False,False
output/fascia/frames/Knee-Ankle-Seg1/00096.png,output/fascia/masks/Knee-Ankle-Seg1/00096.png,Knee-Ankle-Seg1,96,False,False
output/fascia/frames/Knee-Ankle-Seg1/00097.png,output/fascia/masks/Knee-Ankle-Seg1/00097.png,Knee-Ankle-Seg1,97,False,False
output/fascia/frames/Knee-Ankle-Seg1/00098.png,output/fascia/masks/Knee-Ankle-Seg1/00098.png,Knee-Ankle-Seg1,98,False,False
output/fascia/frames/Knee-Ankle-Seg1/00099.png,output/fascia/masks/Knee-Ankle-Seg1/00099.png,Knee-Ankle-Seg1,99,False,False
output/fascia/frames/Knee-Ankle-Seg1/00100.png,output/fascia/masks/Knee-Ankle-Seg1/00100.png,Knee-Ankle-Seg1,100,False,False
output/fascia/frames/Knee-Ankle-Seg1/00101.png,output/fascia/masks/Knee-Ankle-Seg1/00101.png,Knee-Ankle-Seg1,101,False,False
output/fascia/frames/Knee-Ankle-Seg1/00102.png,output/fascia/masks/Knee-Ankle-Seg1/00102.png,Knee-Ankle-Seg1,102,False,False
output/fascia/frames/Knee-Ankle-Seg1/00103.png,output/fascia/masks/Knee-Ankle-Seg1/00103.png,Knee-Ankle-Seg1,103,False,False
output/fascia/frames/Knee-Ankle-Seg1/00104.png,output/fascia/masks/Knee-Ankle-Seg1/00104.png,Knee-Ankle-Seg1,104,False,False
output/fascia/frames/Knee-Ankle-Seg1/00105.png,output/fascia/masks/Knee-Ankle-Seg1/00105.png,Knee-Ankle-Seg1,105,False,False
output/fascia/frames/Knee-Ankle-Seg1/00106.png,output/fascia/masks/Knee-Ankle-Seg1/00106.png,Knee-Ankle-Seg1,106,False,False
output/fascia/frames/Knee-Ankle-Seg1/00107.png,output/fascia/masks/Knee-Ankle-Seg1/00107.png,Knee-Ankle-Seg1,107,False,False
output/fascia/frames/Knee-Ankle-Seg1/00108.png,output/fascia/masks/Knee-Ankle-Seg1/00108.png,Knee-Ankle-Seg1,108,False,False
output/fascia/frames/Knee-Ankle-Seg1/00109.png,output/fascia/masks/Knee-Ankle-Seg1/00109.png,Knee-Ankle-Seg1,109,False,False
output/fascia/frames/Knee-Ankle-Seg1/00110.png,output/fascia/masks/Knee-Ankle-Seg1/00110.png,Knee-Ankle-Seg1,110,False,False
output/fascia/frames/Knee-Ankle-Seg1/00111.png,output/fascia/masks/Knee-Ankle-Seg1/00111.png,Knee-Ankle-Seg1,111,False,False
output/fascia/frames/Knee-Ankle-Seg1/00112.png,output/fascia/masks/Knee-Ankle-Seg1/00112.png,Knee-Ankle-Seg1,112,False,False
output/fascia/frames/Knee-Ankle-Seg1/00113.png,output/fascia/masks/Knee-Ankle-Seg1/00113.png,Knee-Ankle-Seg1,113,False,False
output/fascia/frames/Knee-Ankle-Seg1/00114.png,output/fascia/masks/Knee-Ankle-Seg1/00114.png,Knee-Ankle-Seg1,114,False,False
output/fascia/frames/Knee-Ankle-Seg1/00115.png,output/fascia/masks/Knee-Ankle-Seg1/00115.png,Knee-Ankle-Seg1,115,False,False
output/fascia/frames/Knee-Ankle-Seg1/00116.png,output/fascia/masks/Knee-Ankle-Seg1/00116.png,Knee-Ankle-Seg1,116,False,False
output/fascia/frames/Knee-Ankle-Seg1/00117.png,output/fascia/masks/Knee-Ankle-Seg1/00117.png,Knee-Ankle-Seg1,117,False,False
output/fascia/frames/Knee-Ankle-Seg1/00118.png,output/fascia/masks/Knee-Ankle-Seg1/00118.png,Knee-Ankle-Seg1,118,False,False
output/fascia/frames/Knee-Ankle-Seg1/00119.png,output/fascia/masks/Knee-Ankle-Seg1/00119.png,Knee-Ankle-Seg1,119,False,False
output/fascia/frames/Knee-Ankle-Seg1/00120.png,output/fascia/masks/Knee-Ankle-Seg1/00120.png,Knee-Ankle-Seg1,120,False,False
output/fascia/frames/Knee-Ankle-Seg1/00121.png,output/fascia/masks/Knee-Ankle-Seg1/00121.png,Knee-Ankle-Seg1,121,False,False
output/fascia/frames/Knee-Ankle-Seg1/00122.png,output/fascia/masks/Knee-Ankle-Seg1/00122.png,Knee-Ankle-Seg1,122,False,False
output/fascia/frames/Knee-Ankle-Seg1/00123.png,output/fascia/masks/Knee-Ankle-Seg1/00123.png,Knee-Ankle-Seg1,123,False,False
output/fascia/frames/Knee-Ankle-Seg1/00124.png,output/fascia/masks/Knee-Ankle-Seg1/00124.png,Knee-Ankle-Seg1,124,False,False
output/fascia/frames/Knee-Ankle-Seg1/00125.png,output/fascia/masks/Knee-Ankle-Seg1/00125.png,Knee-Ankle-Seg1,125,False,False
output/fascia/frames/Knee-Ankle-Seg1/00126.png,output/fascia/masks/Knee-Ankle-Seg1/00126.png,Knee-Ankle-Seg1,126,False,False
output/fascia/frames/Knee-Ankle-Seg1/00127.png,output/fascia/masks/Knee-Ankle-Seg1/00127.png,Knee-Ankle-Seg1,127,False,False
output/fascia/frames/Knee-Ankle-Seg1/00128.png,output/fascia/masks/Knee-Ankle-Seg1/00128.png,Knee-Ankle-Seg1,128,False,False
output/fascia/frames/Knee-Ankle-Seg1/00129.png,output/fascia/masks/Knee-Ankle-Seg1/00129.png,Knee-Ankle-Seg1,129,False,False
output/fascia/frames/Knee-Ankle-Seg1/00130.png,output/fascia/masks/Knee-Ankle-Seg1/00130.png,Knee-Ankle-Seg1,130,False,False
output/fascia/frames/Knee-Ankle-Seg1/00131.png,output/fascia/masks/Knee-Ankle-Seg1/00131.png,Knee-Ankle-Seg1,131,False,False
output/fascia/frames/Knee-Ankle-Seg1/00132.png,output/fascia/masks/Knee-Ankle-Seg1/00132.png,Knee-Ankle-Seg1,132,False,False
output/fascia/frames/Knee-Ankle-Seg1/00133.png,output/fascia/masks/Knee-Ankle-Seg1/00133.png,Knee-Ankle-Seg1,133,False,False
output/fascia/frames/Knee-Ankle-Seg1/00134.png,output/fascia/masks/Knee-Ankle-Seg1/00134.png,Knee-Ankle-Seg1,134,False,False
output/fascia/frames/Knee-Ankle-Seg1/00135.png,output/fascia/masks/Knee-Ankle-Seg1/00135.png,Knee-Ankle-Seg1,135,False,False
output/fascia/frames/Knee-Ankle-Seg1/00136.png,output/fascia/masks/Knee-Ankle-Seg1/00136.png,Knee-Ankle-Seg1,136,False,False
output/fascia/frames/Knee-Ankle-Seg1/00137.png,output/fascia/masks/Knee-Ankle-Seg1/00137.png,Knee-Ankle-Seg1,137,False,False
output/fascia/frames/Knee-Ankle-Seg1/00138.png,output/fascia/masks/Knee-Ankle-Seg1/00138.png,Knee-Ankle-Seg1,138,False,False
output/fascia/frames/Knee-Ankle-Seg1/00139.png,output/fascia/masks/Knee-Ankle-Seg1/00139.png,Knee-Ankle-Seg1,139,False,False
output/fascia/frames/Knee-Ankle-Seg1/00140.png,output/fascia/masks/Knee-Ankle-Seg1/00140.png,Knee-Ankle-Seg1,140,False,False
output/fascia/frames/Knee-Ankle-Seg1/00141.png,output/fascia/masks/Knee-Ankle-Seg1/00141.png,Knee-Ankle-Seg1,141,False,False
output/fascia/frames/Knee-Ankle-Seg1/00142.png,output/fascia/masks/Knee-Ankle-Seg1/00142.png,Knee-Ankle-Seg1,142,False,False
output/fascia/frames/Knee-Ankle-Seg1/00143.png,output/fascia/masks/Knee-Ankle-Seg1/00143.png,Knee-Ankle-Seg1,143,False,False
output/fascia/frames/Knee-Ankle-Seg1/00144.png,output/fascia/masks/Knee-Ankle-Seg1/00144.png,Knee-Ankle-Seg1,144,False,False
output/fascia/frames/Knee-Ankle-Seg1/00145.png,output/fascia/masks/Knee-Ankle-Seg1/00145.png,Knee-Ankle-Seg1,145,False,False
output/fascia/frames/Knee-Ankle-Seg1/00146.png,output/fascia/masks/Knee-Ankle-Seg1/00146.png,Knee-Ankle-Seg1,146,False,False
output/fascia/frames/Knee-Ankle-Seg1/00147.png,output/fascia/masks/Knee-Ankle-Seg1/00147.png,Knee-Ankle-Seg1,147,False,False
output/fascia/frames/Knee-Ankle-Seg1/00148.png,output/fascia/masks/Knee-Ankle-Seg1/00148.png,Knee-Ankle-Seg1,148,False,False
output/fascia/frames/Knee-Ankle-Seg1/00149.png,output/fascia/masks/Knee-Ankle-Seg1/00149.png,Knee-Ankle-Seg1,149,False,False
output/fascia/frames/Knee-Ankle-Seg1/00150.png,output/fascia/masks/Knee-Ankle-Seg1/00150.png,Knee-Ankle-Seg1,150,False,False
output/fascia/frames/Knee-Ankle-Seg1/00151.png,output/fascia/masks/Knee-Ankle-Seg1/00151.png,Knee-Ankle-Seg1,151,False,False
output/fascia/frames/Knee-Ankle-Seg1/00152.png,output/fascia/masks/Knee-Ankle-Seg1/00152.png,Knee-Ankle-Seg1,152,False,False
output/fascia/frames/Knee-Ankle-Seg1/00153.png,output/fascia/masks/Knee-Ankle-Seg1/00153.png,Knee-Ankle-Seg1,153,False,False
output/fascia/frames/Knee-Ankle-Seg1/00154.png,output/fascia/masks/Knee-Ankle-Seg1/00154.png,Knee-Ankle-Seg1,154,False,False
output/fascia/frames/Knee-Ankle-Seg1/00155.png,output/fascia/masks/Knee-Ankle-Seg1/00155.png,Knee-Ankle-Seg1,155,False,False
output/fascia/frames/Knee-Ankle-Seg1/00156.png,output/fascia/masks/Knee-Ankle-Seg1/00156.png,Knee-Ankle-Seg1,156,False,False
output/fascia/frames/Knee-Ankle-Seg1/00157.png,output/fascia/masks/Knee-Ankle-Seg1/00157.png,Knee-Ankle-Seg1,157,False,False
output/fascia/frames/Knee-Ankle-Seg1/00158.png,output/fascia/masks/Knee-Ankle-Seg1/00158.png,Knee-Ankle-Seg1,158,False,False
output/fascia/frames/Knee-Ankle-Seg1/00159.png,output/fascia/masks/Knee-Ankle-Seg1/00159.png,Knee-Ankle-Seg1,159,False,False
output/fascia/frames/Knee-Ankle-Seg1/00160.png,output/fascia/masks/Knee-Ankle-Seg1/00160.png,Knee-Ankle-Seg1,160,False,False
output/fascia/frames/Knee-Ankle-Seg1/00161.png,output/fascia/masks/Knee-Ankle-Seg1/00161.png,Knee-Ankle-Seg1,161,False,False
output/fascia/frames/Knee-Ankle-Seg1/00162.png,output/fascia/masks/Knee-Ankle-Seg1/00162.png,Knee-Ankle-Seg1,162,False,False
output/fascia/frames/Knee-Ankle-Seg1/00163.png,output/fascia/masks/Knee-Ankle-Seg1/00163.png,Knee-Ankle-Seg1,163,False,False
output/fascia/frames/Knee-Ankle-Seg1/00164.png,output/fascia/masks/Knee-Ankle-Seg1/00164.png,Knee-Ankle-Seg1,164,False,False
output/fascia/frames/Knee-Ankle-Seg1/00165.png,output/fascia/masks/Knee-Ankle-Seg1/00165.png,Knee-Ankle-Seg1,165,False,False
output/fascia/frames/Knee-Ankle-Seg1/00166.png,output/fascia/masks/Knee-Ankle-Seg1/00166.png,Knee-Ankle-Seg1,166,False,False
output/fascia/frames/Knee-Ankle-Seg1/00167.png,output/fascia/masks/Knee-Ankle-Seg1/00167.png,Knee-Ankle-Seg1,167,False,False
output/fascia/frames/Knee-Ankle-Seg1/00168.png,output/fascia/masks/Knee-Ankle-Seg1/00168.png,Knee-Ankle-Seg1,168,False,False
output/fascia/frames/Knee-Ankle-Seg1/00169.png,output/fascia/masks/Knee-Ankle-Seg1/00169.png,Knee-Ankle-Seg1,169,False,False
output/fascia/frames/Knee-Ankle-Seg1/00170.png,output/fascia/masks/Knee-Ankle-Seg1/00170.png,Knee-Ankle-Seg1,170,False,False
output/fascia/frames/Knee-Ankle-Seg1/00171.png,output/fascia/masks/Knee-Ankle-Seg1/00171.png,Knee-Ankle-Seg1,171,False,False
output/fascia/frames/Knee-Ankle-Seg1/00172.png,output/fascia/masks/Knee-Ankle-Seg1/00172.png,Knee-Ankle-Seg1,172,False,False
output/fascia/frames/Knee-Ankle-Seg1/00173.png,output/fascia/masks/Knee-Ankle-Seg1/00173.png,Knee-Ankle-Seg1,173,False,False
output/fascia/frames/Knee-Ankle-Seg1/00174.png,output/fascia/masks/Knee-Ankle-Seg1/00174.png,Knee-Ankle-Seg1,174,False,False
output/fascia/frames/Knee-Ankle-Seg1/00175.png,output/fascia/masks/Knee-Ankle-Seg1/00175.png,Knee-Ankle-Seg1,175,False,False
output/fascia/frames/Knee-Ankle-Seg1/00176.png,output/fascia/masks/Knee-Ankle-Seg1/00176.png,Knee-Ankle-Seg1,176,False,False
output/fascia/frames/Knee-Ankle-Seg1/00177.png,output/fascia/masks/Knee-Ankle-Seg1/00177.png,Knee-Ankle-Seg1,177,False,False
output/fascia/frames/Knee-Ankle-Seg1/00178.png,output/fascia/masks/Knee-Ankle-Seg1/00178.png,Knee-Ankle-Seg1,178,False,False
output/fascia/frames/Knee-Ankle-Seg1/00179.png,output/fascia/masks/Knee-Ankle-Seg1/00179.png,Knee-Ankle-Seg1,179,False,False
output/fascia/frames/Knee-Ankle-Seg1/00180.png,output/fascia/masks/Knee-Ankle-Seg1/00180.png,Knee-Ankle-Seg1,180,False,False
output/fascia/frames/Knee-Ankle-Seg1/00181.png,output/fascia/masks/Knee-Ankle-Seg1/00181.png,Knee-Ankle-Seg1,181,False,False
output/fascia/frames/Knee-Ankle-Seg1/00182.png,output/fascia/masks/Knee-Ankle-Seg1/00182.png,Knee-Ankle-Seg1,182,False,False
output/fascia/frames/Knee-Ankle-Seg1/00183.png,output/fascia/masks/Knee-Ankle-Seg1/00183.png,Knee-Ankle-Seg1,183,False,False
output/fascia/frames/Knee-Ankle-Seg1/00184.png,output/fascia/masks/Knee-Ankle-Seg1/00184.png,Knee-Ankle-Seg1,184,False,False
output/fascia/frames/Knee-Ankle-Seg1/00185.png,output/fascia/masks/Knee-Ankle-Seg1/00185.png,Knee-Ankle-Seg1,185,False,False
output/fascia/frames/Knee-Ankle-Seg1/00186.png,output/fascia/masks/Knee-Ankle-Seg1/00186.png,Knee-Ankle-Seg1,186,False,False
output/fascia/frames/Knee-Ankle-Seg1/00187.png,output/fascia/masks/Knee-Ankle-Seg1/00187.png,Knee-Ankle-Seg1,187,False,False
output/fascia/frames/Knee-Ankle-Seg1/00188.png,output/fascia/masks/Knee-Ankle-Seg1/00188.png,Knee-Ankle-Seg1,188,False,False
output/fascia/frames/Knee-Ankle-Seg1/00189.png,output/fascia/masks/Knee-Ankle-Seg1/00189.png,Knee-Ankle-Seg1,189,False,False
output/fascia/frames/Knee-Ankle-Seg1/00190.png,output/fascia/masks/Knee-Ankle-Seg1/00190.png,Knee-Ankle-Seg1,190,False,False
output/fascia/frames/Knee-Ankle-Seg1/00191.png,output/fascia/masks/Knee-Ankle-Seg1/00191.png,Knee-Ankle-Seg1,191,False,False
output/fascia/frames/Knee-Ankle-Seg1/00192.png,output/fascia/masks/Knee-Ankle-Seg1/00192.png,Knee-Ankle-Seg1,192,False,False
output/fascia/frames/Knee-Ankle-Seg1/00193.png,output/fascia/masks/Knee-Ankle-Seg1/00193.png,Knee-Ankle-Seg1,193,False,False
output/fascia/frames/Knee-Ankle-Seg1/00194.png,output/fascia/masks/Knee-Ankle-Seg1/00194.png,Knee-Ankle-Seg1,194,False,False
output/fascia/frames/Knee-Ankle-Seg1/00195.png,output/fascia/masks/Knee-Ankle-Seg1/00195.png,Knee-Ankle-Seg1,195,False,False
output/fascia/frames/Knee-Ankle-Seg1/00196.png,output/fascia/masks/Knee-Ankle-Seg1/00196.png,Knee-Ankle-Seg1,196,False,False
output/fascia/frames/Knee-Ankle-Seg1/00197.png,output/fascia/masks/Knee-Ankle-Seg1/00197.png,Knee-Ankle-Seg1,197,False,False
output/fascia/frames/Knee-Ankle-Seg1/00198.png,output/fascia/masks/Knee-Ankle-Seg1/00198.png,Knee-Ankle-Seg1,198,False,False
output/fascia/frames/Knee-Ankle-Seg1/00199.png,output/fascia/masks/Knee-Ankle-Seg1/00199.png,Knee-Ankle-Seg1,199,False,False
output/fascia/frames/Knee-Ankle-Seg1/00200.png,output/fascia/masks/Knee-Ankle-Seg1/00200.png,Knee-Ankle-Seg1,200,False,False
output/fascia/frames/Knee-Ankle-Seg1/00201.png,output/fascia/masks/Knee-Ankle-Seg1/00201.png,Knee-Ankle-Seg1,201,False,False
output/fascia/frames/Knee-Ankle-Seg1/00202.png,output/fascia/masks/Knee-Ankle-Seg1/00202.png,Knee-Ankle-Seg1,202,False,False
output/fascia/frames/Knee-Ankle-Seg1/00203.png,output/fascia/masks/Knee-Ankle-Seg1/00203.png,Knee-Ankle-Seg1,203,False,False
output/fascia/frames/Knee-Ankle-Seg1/00204.png,output/fascia/masks/Knee-Ankle-Seg1/00204.png,Knee-Ankle-Seg1,204,False,False
output/fascia/frames/Knee-Ankle-Seg1/00205.png,output/fascia/masks/Knee-Ankle-Seg1/00205.png,Knee-Ankle-Seg1,205,False,False
output/fascia/frames/Knee-Ankle-Seg1/00206.png,output/fascia/masks/Knee-Ankle-Seg1/00206.png,Knee-Ankle-Seg1,206,False,False
output/fascia/frames/Knee-Ankle-Seg1/00207.png,output/fascia/masks/Knee-Ankle-Seg1/00207.png,Knee-Ankle-Seg1,207,False,False
output/fascia/frames/Knee-Ankle-Seg1/00208.png,output/fascia/masks/Knee-Ankle-Seg1/00208.png,Knee-Ankle-Seg1,208,False,False
output/fascia/frames/Knee-Ankle-Seg1/00209.png,output/fascia/masks/Knee-Ankle-Seg1/00209.png,Knee-Ankle-Seg1,209,False,False
output/fascia/frames/Knee-Ankle-Seg1/00210.png,output/fascia/masks/Knee-Ankle-Seg1/00210.png,Knee-Ankle-Seg1,210,False,False
output/fascia/frames/Knee-Ankle-Seg1/00211.png,output/fascia/masks/Knee-Ankle-Seg1/00211.png,Knee-Ankle-Seg1,211,False,False
output/fascia/frames/Knee-Ankle-Seg1/00212.png,output/fascia/masks/Knee-Ankle-Seg1/00212.png,Knee-Ankle-Seg1,212,False,False
output/fascia/frames/Knee-Ankle-Seg1/00213.png,output/fascia/masks/Knee-Ankle-Seg1/00213.png,Knee-Ankle-Seg1,213,False,False
output/fascia/frames/Knee-Ankle-Seg1/00214.png,output/fascia/masks/Knee-Ankle-Seg1/00214.png,Knee-Ankle-Seg1,214,False,False
output/fascia/frames/Knee-Ankle-Seg1/00215.png,output/fascia/masks/Knee-Ankle-Seg1/00215.png,Knee-Ankle-Seg1,215,False,False
output/fascia/frames/Knee-Ankle-Seg1/00216.png,output/fascia/masks/Knee-Ankle-Seg1/00216.png,Knee-Ankle-Seg1,216,False,False
output/fascia/frames/Knee-Ankle-Seg1/00217.png,output/fascia/masks/Knee-Ankle-Seg1/00217.png,Knee-Ankle-Seg1,217,False,False
output/fascia/frames/Knee-Ankle-Seg1/00218.png,output/fascia/masks/Knee-Ankle-Seg1/00218.png,Knee-Ankle-Seg1,218,False,False
output/fascia/frames/Knee-Ankle-Seg1/00219.png,output/fascia/masks/Knee-Ankle-Seg1/00219.png,Knee-Ankle-Seg1,219,False,False
output/fascia/frames/Knee-Ankle-Seg1/00220.png,output/fascia/masks/Knee-Ankle-Seg1/00220.png,Knee-Ankle-Seg1,220,False,False
output/fascia/frames/Knee-Ankle-Seg1/00221.png,output/fascia/masks/Knee-Ankle-Seg1/00221.png,Knee-Ankle-Seg1,221,False,False
output/fascia/frames/Knee-Ankle-Seg1/00222.png,output/fascia/masks/Knee-Ankle-Seg1/00222.png,Knee-Ankle-Seg1,222,False,False
output/fascia/frames/Knee-Ankle-Seg1/00223.png,output/fascia/masks/Knee-Ankle-Seg1/00223.png,Knee-Ankle-Seg1,223,False,False
output/fascia/frames/Knee-Ankle-Seg1/00224.png,output/fascia/masks/Knee-Ankle-Seg1/00224.png,Knee-Ankle-Seg1,224,False,False
output/fascia/frames/Knee-Ankle-Seg1/00225.png,output/fascia/masks/Knee-Ankle-Seg1/00225.png,Knee-Ankle-Seg1,225,False,False
output/fascia/frames/Knee-Ankle-Seg1/00226.png,output/fascia/masks/Knee-Ankle-Seg1/00226.png,Knee-Ankle-Seg1,226,False,False
output/fascia/frames/Knee-Ankle-Seg1/00227.png,output/fascia/masks/Knee-Ankle-Seg1/00227.png,Knee-Ankle-Seg1,227,False,False
output/fascia/frames/Knee-Ankle-Seg1/00228.png,output/fascia/masks/Knee-Ankle-Seg1/00228.png,Knee-Ankle-Seg1,228,False,False
output/fascia/frames/Knee-Ankle-Seg1/00229.png,output/fascia/masks/Knee-Ankle-Seg1/00229.png,Knee-Ankle-Seg1,229,False,False
output/fascia/frames/Knee-Ankle-Seg1/00230.png,output/fascia/masks/Knee-Ankle-Seg1/00230.png,Knee-Ankle-Seg1,230,False,False
output/fascia/frames/Knee-Ankle-Seg1/00231.png,output/fascia/masks/Knee-Ankle-Seg1/00231.png,Knee-Ankle-Seg1,231,False,False
output/fascia/frames/Knee-Ankle-Seg1/00232.png,output/fascia/masks/Knee-Ankle-Seg1/00232.png,Knee-Ankle-Seg1,232,False,False
output/fascia/frames/Knee-Ankle-Seg1/00233.png,output/fascia/masks/Knee-Ankle-Seg1/00233.png,Knee-Ankle-Seg1,233,False,False
output/fascia/frames/Knee-Ankle-Seg1/00234.png,output/fascia/masks/Knee-Ankle-Seg1/00234.png,Knee-Ankle-Seg1,234,False,False
output/fascia/frames/Knee-Ankle-Seg1/00235.png,output/fascia/masks/Knee-Ankle-Seg1/00235.png,Knee-Ankle-Seg1,235,False,False
output/fascia/frames/Knee-Ankle-Seg1/00236.png,output/fascia/masks/Knee-Ankle-Seg1/00236.png,Knee-Ankle-Seg1,236,False,False
output/fascia/frames/Knee-Ankle-Seg1/00237.png,output/fascia/masks/Knee-Ankle-Seg1/00237.png,Knee-Ankle-Seg1,237,False,False
output/fascia/frames/Knee-Ankle-Seg1/00238.png,output/fascia/masks/Knee-Ankle-Seg1/00238.png,Knee-Ankle-Seg1,238,False,False
output/fascia/frames/Knee-Ankle-Seg1/00239.png,output/fascia/masks/Knee-Ankle-Seg1/00239.png,Knee-Ankle-Seg1,239,False,False
output/fascia/frames/Knee-Ankle-Seg1/00240.png,output/fascia/masks/Knee-Ankle-Seg1/00240.png,Knee-Ankle-Seg1,240,False,False
output/fascia/frames/Knee-Ankle-Seg1/00241.png,output/fascia/masks/Knee-Ankle-Seg1/00241.png,Knee-Ankle-Seg1,241,False,False
output/fascia/frames/Knee-Ankle-Seg1/00242.png,output/fascia/masks/Knee-Ankle-Seg1/00242.png,Knee-Ankle-Seg1,242,False,False
output/fascia/frames/Knee-Ankle-Seg1/00243.png,output/fascia/masks/Knee-Ankle-Seg1/00243.png,Knee-Ankle-Seg1,243,False,False
output/fascia/frames/Knee-Ankle-Seg1/00244.png,output/fascia/masks/Knee-Ankle-Seg1/00244.png,Knee-Ankle-Seg1,244,False,False
output/fascia/frames/Knee-Ankle-Seg1/00245.png,output/fascia/masks/Knee-Ankle-Seg1/00245.png,Knee-Ankle-Seg1,245,False,False
output/fascia/frames/Knee-Ankle-Seg1/00246.png,output/fascia/masks/Knee-Ankle-Seg1/00246.png,Knee-Ankle-Seg1,246,False,False
output/fascia/frames/Knee-Ankle-Seg1/00247.png,output/fascia/masks/Knee-Ankle-Seg1/00247.png,Knee-Ankle-Seg1,247,False,False
output/fascia/frames/Knee-Ankle-Seg1/00248.png,output/fascia/masks/Knee-Ankle-Seg1/00248.png,Knee-Ankle-Seg1,248,False,False
output/fascia/frames/Knee-Ankle-Seg1/00249.png,output/fascia/masks/Knee-Ankle-Seg1/00249.png,Knee-Ankle-Seg1,249,False,False
output/fascia/frames/Knee-Ankle-Seg1/00250.png,output/fascia/masks/Knee-Ankle-Seg1/00250.png,Knee-Ankle-Seg1,250,False,False
output/fascia/frames/Knee-Ankle-Seg1/00251.png,output/fascia/masks/Knee-Ankle-Seg1/00251.png,Knee-Ankle-Seg1,251,False,False
output/fascia/frames/Knee-Ankle-Seg1/00252.png,output/fascia/masks/Knee-Ankle-Seg1/00252.png,Knee-Ankle-Seg1,252,True,True
output/fascia/frames/Knee-Ankle-Seg1/00253.png,output/fascia/masks/Knee-Ankle-Seg1/00253.png,Knee-Ankle-Seg1,253,False,False
output/fascia/frames/Knee-Ankle-Seg1/00254.png,output/fascia/masks/Knee-Ankle-Seg1/00254.png,Knee-Ankle-Seg1,254,True,True
output/fascia/frames/Knee-Ankle-Seg1/00255.png,output/fascia/masks/Knee-Ankle-Seg1/00255.png,Knee-Ankle-Seg1,255,False,False
output/fascia/frames/Knee-Ankle-Seg1/00256.png,output/fascia/masks/Knee-Ankle-Seg1/00256.png,Knee-Ankle-Seg1,256,True,True
output/fascia/frames/Knee-Ankle-Seg1/00257.png,output/fascia/masks/Knee-Ankle-Seg1/00257.png,Knee-Ankle-Seg1,257,True,True
output/fascia/frames/Knee-Ankle-Seg1/00258.png,output/fascia/masks/Knee-Ankle-Seg1/00258.png,Knee-Ankle-Seg1,258,True,True
output/fascia/frames/Knee-Ankle-Seg1/00259.png,output/fascia/masks/Knee-Ankle-Seg1/00259.png,Knee-Ankle-Seg1,259,True,True
output/fascia/frames/Knee-Ankle-Seg1/00260.png,output/fascia/masks/Knee-Ankle-Seg1/00260.png,Knee-Ankle-Seg1,260,True,True
output/fascia/frames/Knee-Ankle-Seg1/00261.png,output/fascia/masks/Knee-Ankle-Seg1/00261.png,Knee-Ankle-Seg1,261,True,True
output/fascia/frames/Knee-Ankle-Seg1/00262.png,output/fascia/masks/Knee-Ankle-Seg1/00262.png,Knee-Ankle-Seg1,262,True,True
output/fascia/frames/Knee-Ankle-Seg1/00263.png,output/fascia/masks/Knee-Ankle-Seg1/00263.png,Knee-Ankle-Seg1,263,True,True
output/fascia/frames/Knee-Ankle-Seg1/00264.png,output/fascia/masks/Knee-Ankle-Seg1/00264.png,Knee-Ankle-Seg1,264,True,True
output/fascia/frames/Knee-Ankle-Seg1/00265.png,output/fascia/masks/Knee-Ankle-Seg1/00265.png,Knee-Ankle-Seg1,265,True,True
output/fascia/frames/Knee-Ankle-Seg1/00266.png,output/fascia/masks/Knee-Ankle-Seg1/00266.png,Knee-Ankle-Seg1,266,True,True
output/fascia/frames/Knee-Ankle-Seg1/00267.png,output/fascia/masks/Knee-Ankle-Seg1/00267.png,Knee-Ankle-Seg1,267,True,True
output/fascia/frames/Knee-Ankle-Seg1/00268.png,output/fascia/masks/Knee-Ankle-Seg1/00268.png,Knee-Ankle-Seg1,268,True,True
output/fascia/frames/Knee-Ankle-Seg1/00269.png,output/fascia/masks/Knee-Ankle-Seg1/00269.png,Knee-Ankle-Seg1,269,True,True
output/fascia/frames/Knee-Ankle-Seg1/00270.png,output/fascia/masks/Knee-Ankle-Seg1/00270.png,Knee-Ankle-Seg1,270,True,True
output/fascia/frames/Knee-Ankle-Seg1/00271.png,output/fascia/masks/Knee-Ankle-Seg1/00271.png,Knee-Ankle-Seg1,271,True,True
output/fascia/frames/Knee-Ankle-Seg1/00272.png,output/fascia/masks/Knee-Ankle-Seg1/00272.png,Knee-Ankle-Seg1,272,True,True
output/fascia/frames/Knee-Ankle-Seg1/00273.png,output/fascia/masks/Knee-Ankle-Seg1/00273.png,Knee-Ankle-Seg1,273,True,True
output/fascia/frames/Knee-Ankle-Seg1/00274.png,output/fascia/masks/Knee-Ankle-Seg1/00274.png,Knee-Ankle-Seg1,274,True,True
output/fascia/frames/Knee-Ankle-Seg1/00275.png,output/fascia/masks/Knee-Ankle-Seg1/00275.png,Knee-Ankle-Seg1,275,True,True
output/fascia/frames/Knee-Ankle-Seg1/00276.png,output/fascia/masks/Knee-Ankle-Seg1/00276.png,Knee-Ankle-Seg1,276,True,True
output/fascia/frames/Knee-Ankle-Seg1/00277.png,output/fascia/masks/Knee-Ankle-Seg1/00277.png,Knee-Ankle-Seg1,277,True,True
output/fascia/frames/Knee-Ankle-Seg1/00278.png,output/fascia/masks/Knee-Ankle-Seg1/00278.png,Knee-Ankle-Seg1,278,False,False
output/fascia/frames/Knee-Ankle-Seg1/00279.png,output/fascia/masks/Knee-Ankle-Seg1/00279.png,Knee-Ankle-Seg1,279,False,False
output/fascia/frames/Knee-Ankle-Seg1/00280.png,output/fascia/masks/Knee-Ankle-Seg1/00280.png,Knee-Ankle-Seg1,280,False,False
output/fascia/frames/Knee-Ankle-Seg1/00281.png,output/fascia/masks/Knee-Ankle-Seg1/00281.png,Knee-Ankle-Seg1,281,False,False
output/fascia/frames/Knee-Ankle-Seg1/00282.png,output/fascia/masks/Knee-Ankle-Seg1/00282.png,Knee-Ankle-Seg1,282,False,False
output/fascia/frames/Knee-Ankle-Seg1/00283.png,output/fascia/masks/Knee-Ankle-Seg1/00283.png,Knee-Ankle-Seg1,283,False,False
output/fascia/frames/Knee-Ankle-Seg1/00284.png,output/fascia/masks/Knee-Ankle-Seg1/00284.png,Knee-Ankle-Seg1,284,False,False
output/fascia/frames/Knee-Ankle-Seg1/00285.png,output/fascia/masks/Knee-Ankle-Seg1/00285.png,Knee-Ankle-Seg1,285,False,False
output/fascia/frames/Knee-Ankle-Seg1/00286.png,output/fascia/masks/Knee-Ankle-Seg1/00286.png,Knee-Ankle-Seg1,286,False,False
output/fascia/frames/Knee-Ankle-Seg1/00287.png,output/fascia/masks/Knee-Ankle-Seg1/00287.png,Knee-Ankle-Seg1,287,False,False
output/fascia/frames/Knee-Ankle-Seg1/00288.png,output/fascia/masks/Knee-Ankle-Seg1/00288.png,Knee-Ankle-Seg1,288,False,False
output/fascia/frames/Knee-Ankle-Seg1/00289.png,output/fascia/masks/Knee-Ankle-Seg1/00289.png,Knee-Ankle-Seg1,289,False,False
output/fascia/frames/Knee-Ankle-Seg1/00290.png,output/fascia/masks/Knee-Ankle-Seg1/00290.png,Knee-Ankle-Seg1,290,False,False
output/fascia/frames/Knee-Ankle-Seg1/00291.png,output/fascia/masks/Knee-Ankle-Seg1/00291.png,Knee-Ankle-Seg1,291,False,False
output/fascia/frames/Knee-Ankle-Seg1/00292.png,output/fascia/masks/Knee-Ankle-Seg1/00292.png,Knee-Ankle-Seg1,292,False,False
output/fascia/frames/Knee-Ankle-Seg1/00293.png,output/fascia/masks/Knee-Ankle-Seg1/00293.png,Knee-Ankle-Seg1,293,False,False
output/fascia/frames/Knee-Ankle-Seg1/00294.png,output/fascia/masks/Knee-Ankle-Seg1/00294.png,Knee-Ankle-Seg1,294,False,False
output/fascia/frames/Knee-Ankle-Seg1/00295.png,output/fascia/masks/Knee-Ankle-Seg1/00295.png,Knee-Ankle-Seg1,295,False,False
output/fascia/frames/Knee-Ankle-Seg1/00296.png,output/fascia/masks/Knee-Ankle-Seg1/00296.png,Knee-Ankle-Seg1,296,False,False
output/fascia/frames/Knee-Ankle-Seg1/00297.png,output/fascia/masks/Knee-Ankle-Seg1/00297.png,Knee-Ankle-Seg1,297,False,False
output/fascia/frames/Knee-Ankle-Seg1/00298.png,output/fascia/masks/Knee-Ankle-Seg1/00298.png,Knee-Ankle-Seg1,298,False,False
output/fascia/frames/Knee-Ankle-Seg1/00299.png,output/fascia/masks/Knee-Ankle-Seg1/00299.png,Knee-Ankle-Seg1,299,False,False
output/fascia/frames/Knee-Ankle-Seg1/00300.png,output/fascia/masks/Knee-Ankle-Seg1/00300.png,Knee-Ankle-Seg1,300,False,False
output/fascia/frames/Knee-Ankle-Seg1/00301.png,output/fascia/masks/Knee-Ankle-Seg1/00301.png,Knee-Ankle-Seg1,301,False,False
output/fascia/frames/Knee-Ankle-Seg1/00302.png,output/fascia/masks/Knee-Ankle-Seg1/00302.png,Knee-Ankle-Seg1,302,False,False
output/fascia/frames/Knee-Ankle-Seg1/00303.png,output/fascia/masks/Knee-Ankle-Seg1/00303.png,Knee-Ankle-Seg1,303,False,False
output/fascia/frames/Knee-Ankle-Seg1/00304.png,output/fascia/masks/Knee-Ankle-Seg1/00304.png,Knee-Ankle-Seg1,304,False,False
output/fascia/frames/Knee-Ankle-Seg1/00305.png,output/fascia/masks/Knee-Ankle-Seg1/00305.png,Knee-Ankle-Seg1,305,False,False
output/fascia/frames/Knee-Ankle-Seg1/00306.png,output/fascia/masks/Knee-Ankle-Seg1/00306.png,Knee-Ankle-Seg1,306,False,False
output/fascia/frames/Knee-Ankle-Seg1/00307.png,output/fascia/masks/Knee-Ankle-Seg1/00307.png,Knee-Ankle-Seg1,307,False,False
output/fascia/frames/Knee-Ankle-Seg1/00308.png,output/fascia/masks/Knee-Ankle-Seg1/00308.png,Knee-Ankle-Seg1,308,False,False
output/fascia/frames/Knee-Ankle-Seg1/00309.png,output/fascia/masks/Knee-Ankle-Seg1/00309.png,Knee-Ankle-Seg1,309,False,False
output/fascia/frames/Knee-Ankle-Seg1/00310.png,output/fascia/masks/Knee-Ankle-Seg1/00310.png,Knee-Ankle-Seg1,310,False,False
output/fascia/frames/Knee-Ankle-Seg1/00311.png,output/fascia/masks/Knee-Ankle-Seg1/00311.png,Knee-Ankle-Seg1,311,False,False
output/fascia/frames/Knee-Ankle-Seg1/00312.png,output/fascia/masks/Knee-Ankle-Seg1/00312.png,Knee-Ankle-Seg1,312,False,False
output/fascia/frames/Knee-Ankle-Seg1/00313.png,output/fascia/masks/Knee-Ankle-Seg1/00313.png,Knee-Ankle-Seg1,313,False,False
output/fascia/frames/Knee-Ankle-Seg1/00314.png,output/fascia/masks/Knee-Ankle-Seg1/00314.png,Knee-Ankle-Seg1,314,False,False
output/fascia/frames/Knee-Ankle-Seg1/00315.png,output/fascia/masks/Knee-Ankle-Seg1/00315.png,Knee-Ankle-Seg1,315,False,False
output/fascia/frames/Knee-Ankle-Seg1/00316.png,output/fascia/masks/Knee-Ankle-Seg1/00316.png,Knee-Ankle-Seg1,316,True,True
output/fascia/frames/Knee-Ankle-Seg1/00317.png,output/fascia/masks/Knee-Ankle-Seg1/00317.png,Knee-Ankle-Seg1,317,True,True
output/fascia/frames/Knee-Ankle-Seg1/00318.png,output/fascia/masks/Knee-Ankle-Seg1/00318.png,Knee-Ankle-Seg1,318,True,True
output/fascia/frames/Knee-Ankle-Seg1/00319.png,output/fascia/masks/Knee-Ankle-Seg1/00319.png,Knee-Ankle-Seg1,319,False,False
output/fascia/frames/Knee-Ankle-Seg1/00320.png,output/fascia/masks/Knee-Ankle-Seg1/00320.png,Knee-Ankle-Seg1,320,False,False
output/fascia/frames/Knee-Ankle-Seg1/00321.png,output/fascia/masks/Knee-Ankle-Seg1/00321.png,Knee-Ankle-Seg1,321,False,False
output/fascia/frames/Knee-Ankle-Seg1/00322.png,output/fascia/masks/Knee-Ankle-Seg1/00322.png,Knee-Ankle-Seg1,322,False,False
output/fascia/frames/Knee-Ankle-Seg1/00323.png,output/fascia/masks/Knee-Ankle-Seg1/00323.png,Knee-Ankle-Seg1,323,False,False
output/fascia/frames/Knee-Ankle-Seg1/00324.png,output/fascia/masks/Knee-Ankle-Seg1/00324.png,Knee-Ankle-Seg1,324,False,False
output/fascia/frames/Knee-Ankle-Seg1/00325.png,output/fascia/masks/Knee-Ankle-Seg1/00325.png,Knee-Ankle-Seg1,325,False,False
output/fascia/frames/Knee-Ankle-Seg1/00326.png,output/fascia/masks/Knee-Ankle-Seg1/00326.png,Knee-Ankle-Seg1,326,True,True
output/fascia/frames/Knee-Ankle-Seg1/00327.png,output/fascia/masks/Knee-Ankle-Seg1/00327.png,Knee-Ankle-Seg1,327,False,False
output/fascia/frames/Knee-Ankle-Seg1/00328.png,output/fascia/masks/Knee-Ankle-Seg1/00328.png,Knee-Ankle-Seg1,328,False,False
output/fascia/frames/Knee-Ankle-Seg1/00329.png,output/fascia/masks/Knee-Ankle-Seg1/00329.png,Knee-Ankle-Seg1,329,False,False
output/fascia/frames/Knee-Ankle-Seg1/00330.png,output/fascia/masks/Knee-Ankle-Seg1/00330.png,Knee-Ankle-Seg1,330,False,False
output/fascia/frames/Knee-Ankle-Seg1/00331.png,output/fascia/masks/Knee-Ankle-Seg1/00331.png,Knee-Ankle-Seg1,331,False,False
output/fascia/frames/Knee-Ankle-Seg1/00332.png,output/fascia/masks/Knee-Ankle-Seg1/00332.png,Knee-Ankle-Seg1,332,False,False
output/fascia/frames/Knee-Ankle-Seg1/00333.png,output/fascia/masks/Knee-Ankle-Seg1/00333.png,Knee-Ankle-Seg1,333,False,False
output/fascia/frames/Knee-Ankle-Seg1/00334.png,output/fascia/masks/Knee-Ankle-Seg1/00334.png,Knee-Ankle-Seg1,334,False,False
output/fascia/frames/Knee-Ankle-Seg1/00335.png,output/fascia/masks/Knee-Ankle-Seg1/00335.png,Knee-Ankle-Seg1,335,False,False
output/fascia/frames/Knee-Ankle-Seg1/00336.png,output/fascia/masks/Knee-Ankle-Seg1/00336.png,Knee-Ankle-Seg1,336,False,False
output/fascia/frames/Knee-Ankle-Seg1/00337.png,output/fascia/masks/Knee-Ankle-Seg1/00337.png,Knee-Ankle-Seg1,337,False,False
output/fascia/frames/Knee-Ankle-Seg1/00338.png,output/fascia/masks/Knee-Ankle-Seg1/00338.png,Knee-Ankle-Seg1,338,False,False
output/fascia/frames/Knee-Ankle-Seg1/00339.png,output/fascia/masks/Knee-Ankle-Seg1/00339.png,Knee-Ankle-Seg1,339,False,False
output/fascia/frames/Knee-Ankle-Seg1/00340.png,output/fascia/masks/Knee-Ankle-Seg1/00340.png,Knee-Ankle-Seg1,340,False,False
output/fascia/frames/Knee-Ankle-Seg1/00341.png,output/fascia/masks/Knee-Ankle-Seg1/00341.png,Knee-Ankle-Seg1,341,False,False
output/fascia/frames/Knee-Ankle-Seg1/00342.png,output/fascia/masks/Knee-Ankle-Seg1/00342.png,Knee-Ankle-Seg1,342,False,False
output/fascia/frames/Knee-Ankle-Seg1/00343.png,output/fascia/masks/Knee-Ankle-Seg1/00343.png,Knee-Ankle-Seg1,343,False,False
output/fascia/frames/Knee-Ankle-Seg1/00344.png,output/fascia/masks/Knee-Ankle-Seg1/00344.png,Knee-Ankle-Seg1,344,False,False
output/fascia/frames/Knee-Ankle-Seg1/00345.png,output/fascia/masks/Knee-Ankle-Seg1/00345.png,Knee-Ankle-Seg1,345,False,False
output/fascia/frames/Knee-Ankle-Seg1/00346.png,output/fascia/masks/Knee-Ankle-Seg1/00346.png,Knee-Ankle-Seg1,346,False,False
output/fascia/frames/Knee-Ankle-Seg1/00347.png,output/fascia/masks/Knee-Ankle-Seg1/00347.png,Knee-Ankle-Seg1,347,False,False
output/fascia/frames/Knee-Ankle-Seg1/00348.png,output/fascia/masks/Knee-Ankle-Seg1/00348.png,Knee-Ankle-Seg1,348,False,False
output/fascia/frames/Knee-Ankle-Seg1/00349.png,output/fascia/masks/Knee-Ankle-Seg1/00349.png,Knee-Ankle-Seg1,349,False,False
output/fascia/frames/Knee-Ankle-Seg1/00350.png,output/fascia/masks/Knee-Ankle-Seg1/00350.png,Knee-Ankle-Seg1,350,False,False
output/fascia/frames/Knee-Ankle-Seg1/00351.png,output/fascia/masks/Knee-Ankle-Seg1/00351.png,Knee-Ankle-Seg1,351,False,False
output/fascia/frames/Knee-Ankle-Seg1/00352.png,output/fascia/masks/Knee-Ankle-Seg1/00352.png,Knee-Ankle-Seg1,352,False,False
output/fascia/frames/Knee-Ankle-Seg1/00353.png,output/fascia/masks/Knee-Ankle-Seg1/00353.png,Knee-Ankle-Seg1,353,False,False
output/fascia/frames/Knee-Ankle-Seg1/00354.png,output/fascia/masks/Knee-Ankle-Seg1/00354.png,Knee-Ankle-Seg1,354,False,False
output/fascia/frames/Knee-Ankle-Seg1/00355.png,output/fascia/masks/Knee-Ankle-Seg1/00355.png,Knee-Ankle-Seg1,355,False,False
output/fascia/frames/Knee-Ankle-Seg1/00356.png,output/fascia/masks/Knee-Ankle-Seg1/00356.png,Knee-Ankle-Seg1,356,False,False
output/fascia/frames/Knee-Ankle-Seg1/00357.png,output/fascia/masks/Knee-Ankle-Seg1/00357.png,Knee-Ankle-Seg1,357,False,False
output/fascia/frames/Knee-Ankle-Seg1/00358.png,output/fascia/masks/Knee-Ankle-Seg1/00358.png,Knee-Ankle-Seg1,358,False,False
output/fascia/frames/Knee-Ankle-Seg1/00359.png,output/fascia/masks/Knee-Ankle-Seg1/00359.png,Knee-Ankle-Seg1,359,False,False
output/fascia/frames/Knee-Ankle-Seg1/00360.png,output/fascia/masks/Knee-Ankle-Seg1/00360.png,Knee-Ankle-Seg1,360,False,False
output/fascia/frames/Knee-Ankle-Seg1/00361.png,output/fascia/masks/Knee-Ankle-Seg1/00361.png,Knee-Ankle-Seg1,361,False,False
output/fascia/frames/Knee-Ankle-Seg1/00362.png,output/fascia/masks/Knee-Ankle-Seg1/00362.png,Knee-Ankle-Seg1,362,False,False
output/fascia/frames/Knee-Ankle-Seg1/00363.png,output/fascia/masks/Knee-Ankle-Seg1/00363.png,Knee-Ankle-Seg1,363,False,False
output/fascia/frames/Knee-Ankle-Seg1/00364.png,output/fascia/masks/Knee-Ankle-Seg1/00364.png,Knee-Ankle-Seg1,364,False,False
output/fascia/frames/Knee-Ankle-Seg1/00365.png,output/fascia/masks/Knee-Ankle-Seg1/00365.png,Knee-Ankle-Seg1,365,False,False
output/fascia/frames/Knee-Ankle-Seg1/00366.png,output/fascia/masks/Knee-Ankle-Seg1/00366.png,Knee-Ankle-Seg1,366,False,False
output/fascia/frames/Knee-Ankle-Seg1/00367.png,output/fascia/masks/Knee-Ankle-Seg1/00367.png,Knee-Ankle-Seg1,367,False,False
output/fascia/frames/Knee-Ankle-Seg1/00368.png,output/fascia/masks/Knee-Ankle-Seg1/00368.png,Knee-Ankle-Seg1,368,False,False
output/fascia/frames/Knee-Ankle-Seg1/00369.png,output/fascia/masks/Knee-Ankle-Seg1/00369.png,Knee-Ankle-Seg1,369,False,False
output/fascia/frames/Knee-Ankle-Seg1/00370.png,output/fascia/masks/Knee-Ankle-Seg1/00370.png,Knee-Ankle-Seg1,370,False,False
output/fascia/frames/Knee-Ankle-Seg1/00371.png,output/fascia/masks/Knee-Ankle-Seg1/00371.png,Knee-Ankle-Seg1,371,False,False
output/fascia/frames/Knee-Ankle-Seg1/00372.png,output/fascia/masks/Knee-Ankle-Seg1/00372.png,Knee-Ankle-Seg1,372,False,False
output/fascia/frames/Knee-Ankle-Seg1/00373.png,output/fascia/masks/Knee-Ankle-Seg1/00373.png,Knee-Ankle-Seg1,373,False,False
output/fascia/frames/Knee-Ankle-Seg1/00374.png,output/fascia/masks/Knee-Ankle-Seg1/00374.png,Knee-Ankle-Seg1,374,False,False
output/fascia/frames/Knee-Ankle-Seg1/00375.png,output/fascia/masks/Knee-Ankle-Seg1/00375.png,Knee-Ankle-Seg1,375,False,False
output/fascia/frames/Knee-Ankle-Seg1/00376.png,output/fascia/masks/Knee-Ankle-Seg1/00376.png,Knee-Ankle-Seg1,376,False,False
output/fascia/frames/Knee-Ankle-Seg1/00377.png,output/fascia/masks/Knee-Ankle-Seg1/00377.png,Knee-Ankle-Seg1,377,False,False
output/fascia/frames/Knee-Ankle-Seg1/00378.png,output/fascia/masks/Knee-Ankle-Seg1/00378.png,Knee-Ankle-Seg1,378,False,False
output/fascia/frames/Knee-Ankle-Seg1/00379.png,output/fascia/masks/Knee-Ankle-Seg1/00379.png,Knee-Ankle-Seg1,379,False,False
output/fascia/frames/Knee-Ankle-Seg1/00380.png,output/fascia/masks/Knee-Ankle-Seg1/00380.png,Knee-Ankle-Seg1,380,False,False
output/fascia/frames/Knee-Ankle-Seg1/00381.png,output/fascia/masks/Knee-Ankle-Seg1/00381.png,Knee-Ankle-Seg1,381,False,False
output/fascia/frames/Knee-Ankle-Seg1/00382.png,output/fascia/masks/Knee-Ankle-Seg1/00382.png,Knee-Ankle-Seg1,382,False,False
output/fascia/frames/Knee-Ankle-Seg1/00383.png,output/fascia/masks/Knee-Ankle-Seg1/00383.png,Knee-Ankle-Seg1,383,False,False
output/fascia/frames/Knee-Ankle-Seg1/00384.png,output/fascia/masks/Knee-Ankle-Seg1/00384.png,Knee-Ankle-Seg1,384,False,False
output/fascia/frames/Knee-Ankle-Seg1/00385.png,output/fascia/masks/Knee-Ankle-Seg1/00385.png,Knee-Ankle-Seg1,385,False,False
output/fascia/frames/Knee-Ankle-Seg1/00386.png,output/fascia/masks/Knee-Ankle-Seg1/00386.png,Knee-Ankle-Seg1,386,False,False
output/fascia/frames/Knee-Ankle-Seg1/00387.png,output/fascia/masks/Knee-Ankle-Seg1/00387.png,Knee-Ankle-Seg1,387,False,False
output/fascia/frames/Knee-Ankle-Seg1/00388.png,output/fascia/masks/Knee-Ankle-Seg1/00388.png,Knee-Ankle-Seg1,388,False,False
output/fascia/frames/Knee-Ankle-Seg1/00389.png,output/fascia/masks/Knee-Ankle-Seg1/00389.png,Knee-Ankle-Seg1,389,False,False
output/fascia/frames/Knee-Ankle-Seg1/00390.png,output/fascia/masks/Knee-Ankle-Seg1/00390.png,Knee-Ankle-Seg1,390,False,False
output/fascia/frames/Knee-Ankle-Seg1/00391.png,output/fascia/masks/Knee-Ankle-Seg1/00391.png,Knee-Ankle-Seg1,391,False,False
output/fascia/frames/Knee-Ankle-Seg1/00392.png,output/fascia/masks/Knee-Ankle-Seg1/00392.png,Knee-Ankle-Seg1,392,False,False
output/fascia/frames/Knee-Ankle-Seg1/00393.png,output/fascia/masks/Knee-Ankle-Seg1/00393.png,Knee-Ankle-Seg1,393,False,False
output/fascia/frames/Knee-Ankle-Seg1/00394.png,output/fascia/masks/Knee-Ankle-Seg1/00394.png,Knee-Ankle-Seg1,394,False,False
output/fascia/frames/Knee-Ankle-Seg1/00395.png,output/fascia/masks/Knee-Ankle-Seg1/00395.png,Knee-Ankle-Seg1,395,False,False
output/fascia/frames/Knee-Ankle-Seg1/00396.png,output/fascia/masks/Knee-Ankle-Seg1/00396.png,Knee-Ankle-Seg1,396,False,False
output/fascia/frames/Knee-Ankle-Seg1/00397.png,output/fascia/masks/Knee-Ankle-Seg1/00397.png,Knee-Ankle-Seg1,397,False,False
output/fascia/frames/Knee-Ankle-Seg1/00398.png,output/fascia/masks/Knee-Ankle-Seg1/00398.png,Knee-Ankle-Seg1,398,False,False
output/fascia/frames/Knee-Ankle-Seg1/00399.png,output/fascia/masks/Knee-Ankle-Seg1/00399.png,Knee-Ankle-Seg1,399,False,False
output/fascia/frames/Knee-Ankle-Seg1/00400.png,output/fascia/masks/Knee-Ankle-Seg1/00400.png,Knee-Ankle-Seg1,400,False,False
output/fascia/frames/Knee-Ankle-Seg1/00401.png,output/fascia/masks/Knee-Ankle-Seg1/00401.png,Knee-Ankle-Seg1,401,False,False
output/fascia/frames/Knee-Ankle-Seg1/00402.png,output/fascia/masks/Knee-Ankle-Seg1/00402.png,Knee-Ankle-Seg1,402,False,False
output/fascia/frames/Knee-Ankle-Seg1/00403.png,output/fascia/masks/Knee-Ankle-Seg1/00403.png,Knee-Ankle-Seg1,403,False,False
output/fascia/frames/Knee-Ankle-Seg1/00404.png,output/fascia/masks/Knee-Ankle-Seg1/00404.png,Knee-Ankle-Seg1,404,False,False
output/fascia/frames/Knee-Ankle-Seg1/00405.png,output/fascia/masks/Knee-Ankle-Seg1/00405.png,Knee-Ankle-Seg1,405,False,False
output/fascia/frames/Knee-Ankle-Seg1/00406.png,output/fascia/masks/Knee-Ankle-Seg1/00406.png,Knee-Ankle-Seg1,406,False,False
output/fascia/frames/Knee-Ankle-Seg1/00407.png,output/fascia/masks/Knee-Ankle-Seg1/00407.png,Knee-Ankle-Seg1,407,False,False
output/fascia/frames/Knee-Ankle-Seg1/00408.png,output/fascia/masks/Knee-Ankle-Seg1/00408.png,Knee-Ankle-Seg1,408,False,False
output/fascia/frames/Knee-Ankle-Seg1/00409.png,output/fascia/masks/Knee-Ankle-Seg1/00409.png,Knee-Ankle-Seg1,409,False,False
output/fascia/frames/Knee-Ankle-Seg1/00410.png,output/fascia/masks/Knee-Ankle-Seg1/00410.png,Knee-Ankle-Seg1,410,False,False
output/fascia/frames/Knee-Ankle-Seg1/00411.png,output/fascia/masks/Knee-Ankle-Seg1/00411.png,Knee-Ankle-Seg1,411,False,False
output/fascia/frames/Knee-Ankle-Seg1/00412.png,output/fascia/masks/Knee-Ankle-Seg1/00412.png,Knee-Ankle-Seg1,412,False,False
output/fascia/frames/Knee-Ankle-Seg1/00413.png,output/fascia/masks/Knee-Ankle-Seg1/00413.png,Knee-Ankle-Seg1,413,False,False
output/fascia/frames/Knee-Ankle-Seg1/00414.png,output/fascia/masks/Knee-Ankle-Seg1/00414.png,Knee-Ankle-Seg1,414,False,False
output/fascia/frames/Knee-Ankle-Seg1/00415.png,output/fascia/masks/Knee-Ankle-Seg1/00415.png,Knee-Ankle-Seg1,415,False,False
output/fascia/frames/Knee-Ankle-Seg1/00416.png,output/fascia/masks/Knee-Ankle-Seg1/00416.png,Knee-Ankle-Seg1,416,False,False
output/fascia/frames/Knee-Ankle-Seg1/00417.png,output/fascia/masks/Knee-Ankle-Seg1/00417.png,Knee-Ankle-Seg1,417,False,False
output/fascia/frames/Knee-Ankle-Seg1/00418.png,output/fascia/masks/Knee-Ankle-Seg1/00418.png,Knee-Ankle-Seg1,418,False,False
output/fascia/frames/Knee-Ankle-Seg1/00419.png,output/fascia/masks/Knee-Ankle-Seg1/00419.png,Knee-Ankle-Seg1,419,False,False
output/fascia/frames/Knee-Ankle-Seg1/00420.png,output/fascia/masks/Knee-Ankle-Seg1/00420.png,Knee-Ankle-Seg1,420,False,False
output/fascia/frames/Knee-Ankle-Seg1/00421.png,output/fascia/masks/Knee-Ankle-Seg1/00421.png,Knee-Ankle-Seg1,421,False,False
output/fascia/frames/Knee-Ankle-Seg1/00422.png,output/fascia/masks/Knee-Ankle-Seg1/00422.png,Knee-Ankle-Seg1,422,False,False
output/fascia/frames/Knee-Ankle-Seg1/00423.png,output/fascia/masks/Knee-Ankle-Seg1/00423.png,Knee-Ankle-Seg1,423,False,False
output/fascia/frames/Knee-Ankle-Seg1/00424.png,output/fascia/masks/Knee-Ankle-Seg1/00424.png,Knee-Ankle-Seg1,424,False,False
output/fascia/frames/Knee-Ankle-Seg1/00425.png,output/fascia/masks/Knee-Ankle-Seg1/00425.png,Knee-Ankle-Seg1,425,False,False
output/fascia/frames/Knee-Ankle-Seg1/00426.png,output/fascia/masks/Knee-Ankle-Seg1/00426.png,Knee-Ankle-Seg1,426,False,False
output/fascia/frames/Knee-Ankle-Seg1/00427.png,output/fascia/masks/Knee-Ankle-Seg1/00427.png,Knee-Ankle-Seg1,427,False,False
output/fascia/frames/Knee-Ankle-Seg1/00428.png,output/fascia/masks/Knee-Ankle-Seg1/00428.png,Knee-Ankle-Seg1,428,False,False
output/fascia/frames/Knee-Ankle-Seg1/00429.png,output/fascia/masks/Knee-Ankle-Seg1/00429.png,Knee-Ankle-Seg1,429,False,False
output/fascia/frames/Knee-Ankle-Seg1/00430.png,output/fascia/masks/Knee-Ankle-Seg1/00430.png,Knee-Ankle-Seg1,430,False,False
output/fascia/frames/Knee-Ankle-Seg1/00431.png,output/fascia/masks/Knee-Ankle-Seg1/00431.png,Knee-Ankle-Seg1,431,False,False
output/fascia/frames/Knee-Ankle-Seg1/00432.png,output/fascia/masks/Knee-Ankle-Seg1/00432.png,Knee-Ankle-Seg1,432,False,False
output/fascia/frames/Knee-Ankle-Seg1/00433.png,output/fascia/masks/Knee-Ankle-Seg1/00433.png,Knee-Ankle-Seg1,433,False,False
output/fascia/frames/Knee-Ankle-Seg1/00434.png,output/fascia/masks/Knee-Ankle-Seg1/00434.png,Knee-Ankle-Seg1,434,False,False
output/fascia/frames/Knee-Ankle-Seg1/00435.png,output/fascia/masks/Knee-Ankle-Seg1/00435.png,Knee-Ankle-Seg1,435,False,False
output/fascia/frames/Knee-Ankle-Seg1/00436.png,output/fascia/masks/Knee-Ankle-Seg1/00436.png,Knee-Ankle-Seg1,436,False,False
output/fascia/frames/Knee-Ankle-Seg1/00437.png,output/fascia/masks/Knee-Ankle-Seg1/00437.png,Knee-Ankle-Seg1,437,False,False
output/fascia/frames/Knee-Ankle-Seg1/00438.png,output/fascia/masks/Knee-Ankle-Seg1/00438.png,Knee-Ankle-Seg1,438,False,False
output/fascia/frames/Knee-Ankle-Seg1/00439.png,output/fascia/masks/Knee-Ankle-Seg1/00439.png,Knee-Ankle-Seg1,439,False,False
output/fascia/frames/Knee-Ankle-Seg1/00440.png,output/fascia/masks/Knee-Ankle-Seg1/00440.png,Knee-Ankle-Seg1,440,False,False
output/fascia/frames/Knee-Ankle-Seg1/00441.png,output/fascia/masks/Knee-Ankle-Seg1/00441.png,Knee-Ankle-Seg1,441,False,False
output/fascia/frames/Knee-Ankle-Seg1/00442.png,output/fascia/masks/Knee-Ankle-Seg1/00442.png,Knee-Ankle-Seg1,442,False,False
output/fascia/frames/Knee-Ankle-Seg1/00443.png,output/fascia/masks/Knee-Ankle-Seg1/00443.png,Knee-Ankle-Seg1,443,False,False
output/fascia/frames/Knee-Ankle-Seg1/00444.png,output/fascia/masks/Knee-Ankle-Seg1/00444.png,Knee-Ankle-Seg1,444,False,False
output/fascia/frames/Knee-Ankle-Seg1/00445.png,output/fascia/masks/Knee-Ankle-Seg1/00445.png,Knee-Ankle-Seg1,445,False,False
output/fascia/frames/Knee-Ankle-Seg1/00446.png,output/fascia/masks/Knee-Ankle-Seg1/00446.png,Knee-Ankle-Seg1,446,False,False
output/fascia/frames/Knee-Ankle-Seg1/00447.png,output/fascia/masks/Knee-Ankle-Seg1/00447.png,Knee-Ankle-Seg1,447,False,False
output/fascia/frames/Knee-Ankle-Seg1/00448.png,output/fascia/masks/Knee-Ankle-Seg1/00448.png,Knee-Ankle-Seg1,448,False,False
output/fascia/frames/Knee-Ankle-Seg1/00449.png,output/fascia/masks/Knee-Ankle-Seg1/00449.png,Knee-Ankle-Seg1,449,False,False
output/fascia/frames/Knee-Ankle-Seg1/00450.png,output/fascia/masks/Knee-Ankle-Seg1/00450.png,Knee-Ankle-Seg1,450,False,False
output/fascia/frames/Knee-Ankle-Seg1/00451.png,output/fascia/masks/Knee-Ankle-Seg1/00451.png,Knee-Ankle-Seg1,451,False,False
output/fascia/frames/Knee-Ankle-Seg1/00452.png,output/fascia/masks/Knee-Ankle-Seg1/00452.png,Knee-Ankle-Seg1,452,False,False
output/fascia/frames/Knee-Ankle-Seg1/00453.png,output/fascia/masks/Knee-Ankle-Seg1/00453.png,Knee-Ankle-Seg1,453,False,False
output/fascia/frames/Knee-Ankle-Seg1/00454.png,output/fascia/masks/Knee-Ankle-Seg1/00454.png,Knee-Ankle-Seg1,454,False,False
output/fascia/frames/Knee-Ankle-Seg1/00455.png,output/fascia/masks/Knee-Ankle-Seg1/00455.png,Knee-Ankle-Seg1,455,False,False
output/fascia/frames/Knee-Ankle-Seg1/00456.png,output/fascia/masks/Knee-Ankle-Seg1/00456.png,Knee-Ankle-Seg1,456,False,False
output/fascia/frames/Knee-Ankle-Seg1/00457.png,output/fascia/masks/Knee-Ankle-Seg1/00457.png,Knee-Ankle-Seg1,457,False,False
output/fascia/frames/Knee-Ankle-Seg1/00458.png,output/fascia/masks/Knee-Ankle-Seg1/00458.png,Knee-Ankle-Seg1,458,False,False
output/fascia/frames/Knee-Ankle-Seg1/00459.png,output/fascia/masks/Knee-Ankle-Seg1/00459.png,Knee-Ankle-Seg1,459,False,False
output/fascia/frames/Knee-Ankle-Seg1/00460.png,output/fascia/masks/Knee-Ankle-Seg1/00460.png,Knee-Ankle-Seg1,460,False,False
output/fascia/frames/Knee-Ankle-Seg1/00461.png,output/fascia/masks/Knee-Ankle-Seg1/00461.png,Knee-Ankle-Seg1,461,False,False
output/fascia/frames/Knee-Ankle-Seg1/00462.png,output/fascia/masks/Knee-Ankle-Seg1/00462.png,Knee-Ankle-Seg1,462,False,False
output/fascia/frames/Knee-Ankle-Seg1/00463.png,output/fascia/masks/Knee-Ankle-Seg1/00463.png,Knee-Ankle-Seg1,463,False,False
output/fascia/frames/Knee-Ankle-Seg1/00464.png,output/fascia/masks/Knee-Ankle-Seg1/00464.png,Knee-Ankle-Seg1,464,False,False
output/fascia/frames/Knee-Ankle-Seg1/00465.png,output/fascia/masks/Knee-Ankle-Seg1/00465.png,Knee-Ankle-Seg1,465,False,False
output/fascia/frames/Knee-Ankle-Seg1/00466.png,output/fascia/masks/Knee-Ankle-Seg1/00466.png,Knee-Ankle-Seg1,466,False,False
output/fascia/frames/Knee-Ankle-Seg1/00467.png,output/fascia/masks/Knee-Ankle-Seg1/00467.png,Knee-Ankle-Seg1,467,False,False
output/fascia/frames/Knee-Ankle-Seg1/00468.png,output/fascia/masks/Knee-Ankle-Seg1/00468.png,Knee-Ankle-Seg1,468,False,False
output/fascia/frames/Knee-Ankle-Seg1/00469.png,output/fascia/masks/Knee-Ankle-Seg1/00469.png,Knee-Ankle-Seg1,469,False,False
output/fascia/frames/Knee-Ankle-Seg1/00470.png,output/fascia/masks/Knee-Ankle-Seg1/00470.png,Knee-Ankle-Seg1,470,False,False
output/fascia/frames/Knee-Ankle-Seg1/00471.png,output/fascia/masks/Knee-Ankle-Seg1/00471.png,Knee-Ankle-Seg1,471,False,False
output/fascia/frames/Knee-Ankle-Seg1/00472.png,output/fascia/masks/Knee-Ankle-Seg1/00472.png,Knee-Ankle-Seg1,472,False,False
output/fascia/frames/Knee-Ankle-Seg1/00473.png,output/fascia/masks/Knee-Ankle-Seg1/00473.png,Knee-Ankle-Seg1,473,False,False
output/fascia/frames/Knee-Ankle-Seg1/00474.png,output/fascia/masks/Knee-Ankle-Seg1/00474.png,Knee-Ankle-Seg1,474,False,False
output/fascia/frames/Knee-Ankle-Seg1/00475.png,output/fascia/masks/Knee-Ankle-Seg1/00475.png,Knee-Ankle-Seg1,475,False,False
output/fascia/frames/Knee-Ankle-Seg1/00476.png,output/fascia/masks/Knee-Ankle-Seg1/00476.png,Knee-Ankle-Seg1,476,False,False
output/fascia/frames/Knee-Ankle-Seg1/00477.png,output/fascia/masks/Knee-Ankle-Seg1/00477.png,Knee-Ankle-Seg1,477,False,False
output/fascia/frames/Knee-Ankle-Seg1/00478.png,output/fascia/masks/Knee-Ankle-Seg1/00478.png,Knee-Ankle-Seg1,478,False,False
output/fascia/frames/Knee-Ankle-Seg1/00479.png,output/fascia/masks/Knee-Ankle-Seg1/00479.png,Knee-Ankle-Seg1,479,False,False
output/fascia/frames/Knee-Ankle-Seg1/00480.png,output/fascia/masks/Knee-Ankle-Seg1/00480.png,Knee-Ankle-Seg1,480,False,False
output/fascia/frames/Knee-Ankle-Seg1/00481.png,output/fascia/masks/Knee-Ankle-Seg1/00481.png,Knee-Ankle-Seg1,481,False,False
output/fascia/frames/Knee-Ankle-Seg1/00482.png,output/fascia/masks/Knee-Ankle-Seg1/00482.png,Knee-Ankle-Seg1,482,False,False
output/fascia/frames/Knee-Ankle-Seg1/00483.png,output/fascia/masks/Knee-Ankle-Seg1/00483.png,Knee-Ankle-Seg1,483,False,False
output/fascia/frames/Knee-Ankle-Seg1/00484.png,output/fascia/masks/Knee-Ankle-Seg1/00484.png,Knee-Ankle-Seg1,484,False,False
output/fascia/frames/Knee-Ankle-Seg1/00485.png,output/fascia/masks/Knee-Ankle-Seg1/00485.png,Knee-Ankle-Seg1,485,False,False
output/fascia/frames/Knee-Ankle-Seg1/00486.png,output/fascia/masks/Knee-Ankle-Seg1/00486.png,Knee-Ankle-Seg1,486,False,False
output/fascia/frames/Knee-Ankle-Seg1/00487.png,output/fascia/masks/Knee-Ankle-Seg1/00487.png,Knee-Ankle-Seg1,487,False,False
output/fascia/frames/Knee-Ankle-Seg1/00488.png,output/fascia/masks/Knee-Ankle-Seg1/00488.png,Knee-Ankle-Seg1,488,False,False
output/fascia/frames/Knee-Ankle-Seg1/00489.png,output/fascia/masks/Knee-Ankle-Seg1/00489.png,Knee-Ankle-Seg1,489,False,False
output/fascia/frames/Knee-Ankle-Seg1/00490.png,output/fascia/masks/Knee-Ankle-Seg1/00490.png,Knee-Ankle-Seg1,490,False,False
output/fascia/frames/Knee-Ankle-Seg1/00491.png,output/fascia/masks/Knee-Ankle-Seg1/00491.png,Knee-Ankle-Seg1,491,False,False
output/fascia/frames/Knee-Ankle-Seg1/00492.png,output/fascia/masks/Knee-Ankle-Seg1/00492.png,Knee-Ankle-Seg1,492,False,False
output/fascia/frames/Knee-Ankle-Seg1/00493.png,output/fascia/masks/Knee-Ankle-Seg1/00493.png,Knee-Ankle-Seg1,493,False,False
output/fascia/frames/Knee-Ankle-Seg1/00494.png,output/fascia/masks/Knee-Ankle-Seg1/00494.png,Knee-Ankle-Seg1,494,False,False
output/fascia/frames/Knee-Ankle-Seg1/00495.png,output/fascia/masks/Knee-Ankle-Seg1/00495.png,Knee-Ankle-Seg1,495,False,False
output/fascia/frames/Knee-Ankle-Seg1/00496.png,output/fascia/masks/Knee-Ankle-Seg1/00496.png,Knee-Ankle-Seg1,496,False,False
output/fascia/frames/Knee-Ankle-Seg1/00497.png,output/fascia/masks/Knee-Ankle-Seg1/00497.png,Knee-Ankle-Seg1,497,False,False
output/fascia/frames/Knee-Ankle-Seg1/00498.png,output/fascia/masks/Knee-Ankle-Seg1/00498.png,Knee-Ankle-Seg1,498,False,False
output/fascia/frames/Knee-Ankle-Seg1/00499.png,output/fascia/masks/Knee-Ankle-Seg1/00499.png,Knee-Ankle-Seg1,499,False,False
output/fascia/frames/Knee-Ankle-Seg1/00500.png,output/fascia/masks/Knee-Ankle-Seg1/00500.png,Knee-Ankle-Seg1,500,False,False
output/fascia/frames/Knee-Ankle-Seg1/00501.png,output/fascia/masks/Knee-Ankle-Seg1/00501.png,Knee-Ankle-Seg1,501,False,False
output/fascia/frames/Knee-Ankle-Seg1/00502.png,output/fascia/masks/Knee-Ankle-Seg1/00502.png,Knee-Ankle-Seg1,502,False,False
output/fascia/frames/Knee-Ankle-Seg1/00503.png,output/fascia/masks/Knee-Ankle-Seg1/00503.png,Knee-Ankle-Seg1,503,False,False
output/fascia/frames/Knee-Ankle-Seg1/00504.png,output/fascia/masks/Knee-Ankle-Seg1/00504.png,Knee-Ankle-Seg1,504,False,False
output/fascia/frames/Knee-Ankle-Seg1/00505.png,output/fascia/masks/Knee-Ankle-Seg1/00505.png,Knee-Ankle-Seg1,505,False,False
output/fascia/frames/Knee-Ankle-Seg1/00506.png,output/fascia/masks/Knee-Ankle-Seg1/00506.png,Knee-Ankle-Seg1,506,False,False
output/fascia/frames/Knee-Ankle-Seg1/00507.png,output/fascia/masks/Knee-Ankle-Seg1/00507.png,Knee-Ankle-Seg1,507,False,False
output/fascia/frames/Knee-Ankle-Seg1/00508.png,output/fascia/masks/Knee-Ankle-Seg1/00508.png,Knee-Ankle-Seg1,508,False,False
output/fascia/frames/Knee-Ankle-Seg1/00509.png,output/fascia/masks/Knee-Ankle-Seg1/00509.png,Knee-Ankle-Seg1,509,False,False
output/fascia/frames/Knee-Ankle-Seg1/00510.png,output/fascia/masks/Knee-Ankle-Seg1/00510.png,Knee-Ankle-Seg1,510,False,False
output/fascia/frames/Knee-Ankle-Seg1/00511.png,output/fascia/masks/Knee-Ankle-Seg1/00511.png,Knee-Ankle-Seg1,511,False,False
output/fascia/frames/Knee-Ankle-Seg1/00512.png,output/fascia/masks/Knee-Ankle-Seg1/00512.png,Knee-Ankle-Seg1,512,False,False
output/fascia/frames/Knee-Ankle-Seg1/00513.png,output/fascia/masks/Knee-Ankle-Seg1/00513.png,Knee-Ankle-Seg1,513,False,False
output/fascia/frames/Knee-Ankle-Seg1/00514.png,output/fascia/masks/Knee-Ankle-Seg1/00514.png,Knee-Ankle-Seg1,514,False,False
output/fascia/frames/Knee-Ankle-Seg1/00515.png,output/fascia/masks/Knee-Ankle-Seg1/00515.png,Knee-Ankle-Seg1,515,False,False
output/fascia/frames/Knee-Ankle-Seg1/00516.png,output/fascia/masks/Knee-Ankle-Seg1/00516.png,Knee-Ankle-Seg1,516,False,False
output/fascia/frames/Knee-Ankle-Seg1/00517.png,output/fascia/masks/Knee-Ankle-Seg1/00517.png,Knee-Ankle-Seg1,517,False,False
output/fascia/frames/Knee-Ankle-Seg1/00518.png,output/fascia/masks/Knee-Ankle-Seg1/00518.png,Knee-Ankle-Seg1,518,False,False
output/fascia/frames/Knee-Ankle-Seg1/00519.png,output/fascia/masks/Knee-Ankle-Seg1/00519.png,Knee-Ankle-Seg1,519,False,False
output/fascia/frames/Knee-Ankle-Seg1/00520.png,output/fascia/masks/Knee-Ankle-Seg1/00520.png,Knee-Ankle-Seg1,520,False,False
output/fascia/frames/Knee-Ankle-Seg1/00521.png,output/fascia/masks/Knee-Ankle-Seg1/00521.png,Knee-Ankle-Seg1,521,False,False
output/fascia/frames/Knee-Ankle-Seg1/00522.png,output/fascia/masks/Knee-Ankle-Seg1/00522.png,Knee-Ankle-Seg1,522,False,False
output/fascia/frames/Knee-Ankle-Seg1/00523.png,output/fascia/masks/Knee-Ankle-Seg1/00523.png,Knee-Ankle-Seg1,523,False,False
output/fascia/frames/Knee-Ankle-Seg1/00524.png,output/fascia/masks/Knee-Ankle-Seg1/00524.png,Knee-Ankle-Seg1,524,False,False
output/fascia/frames/Knee-Ankle-Seg1/00525.png,output/fascia/masks/Knee-Ankle-Seg1/00525.png,Knee-Ankle-Seg1,525,False,False
output/fascia/frames/Knee-Ankle-Seg1/00526.png,output/fascia/masks/Knee-Ankle-Seg1/00526.png,Knee-Ankle-Seg1,526,False,False
output/fascia/frames/Knee-Ankle-Seg1/00527.png,output/fascia/masks/Knee-Ankle-Seg1/00527.png,Knee-Ankle-Seg1,527,False,False
output/fascia/frames/Knee-Ankle-Seg1/00528.png,output/fascia/masks/Knee-Ankle-Seg1/00528.png,Knee-Ankle-Seg1,528,False,False
output/fascia/frames/Knee-Ankle-Seg1/00529.png,output/fascia/masks/Knee-Ankle-Seg1/00529.png,Knee-Ankle-Seg1,529,False,False
output/fascia/frames/Knee-Ankle-Seg1/00530.png,output/fascia/masks/Knee-Ankle-Seg1/00530.png,Knee-Ankle-Seg1,530,False,False
output/fascia/frames/Knee-Ankle-Seg1/00531.png,output/fascia/masks/Knee-Ankle-Seg1/00531.png,Knee-Ankle-Seg1,531,False,False
output/fascia/frames/Knee-Ankle-Seg1/00532.png,output/fascia/masks/Knee-Ankle-Seg1/00532.png,Knee-Ankle-Seg1,532,False,False
output/fascia/frames/Knee-Ankle-Seg1/00533.png,output/fascia/masks/Knee-Ankle-Seg1/00533.png,Knee-Ankle-Seg1,533,False,False
output/fascia/frames/Knee-Ankle-Seg1/00534.png,output/fascia/masks/Knee-Ankle-Seg1/00534.png,Knee-Ankle-Seg1,534,False,False
output/fascia/frames/Knee-Ankle-Seg1/00535.png,output/fascia/masks/Knee-Ankle-Seg1/00535.png,Knee-Ankle-Seg1,535,False,False
output/fascia/frames/Knee-Ankle-Seg1/00536.png,output/fascia/masks/Knee-Ankle-Seg1/00536.png,Knee-Ankle-Seg1,536,False,False
output/fascia/frames/Knee-Ankle-Seg1/00537.png,output/fascia/masks/Knee-Ankle-Seg1/00537.png,Knee-Ankle-Seg1,537,False,False
output/fascia/frames/Knee-Ankle-Seg1/00538.png,output/fascia/masks/Knee-Ankle-Seg1/00538.png,Knee-Ankle-Seg1,538,False,False
output/fascia/frames/Knee-Ankle-Seg1/00539.png,output/fascia/masks/Knee-Ankle-Seg1/00539.png,Knee-Ankle-Seg1,539,False,False
output/fascia/frames/Knee-Ankle-Seg1/00540.png,output/fascia/masks/Knee-Ankle-Seg1/00540.png,Knee-Ankle-Seg1,540,False,False
output/fascia/frames/Knee-Ankle-Seg1/00541.png,output/fascia/masks/Knee-Ankle-Seg1/00541.png,Knee-Ankle-Seg1,541,False,False
output/fascia/frames/Knee-Ankle-Seg1/00542.png,output/fascia/masks/Knee-Ankle-Seg1/00542.png,Knee-Ankle-Seg1,542,False,False
output/fascia/frames/Knee-Ankle-Seg1/00543.png,output/fascia/masks/Knee-Ankle-Seg1/00543.png,Knee-Ankle-Seg1,543,False,False
output/fascia/frames/Knee-Ankle-Seg1/00544.png,output/fascia/masks/Knee-Ankle-Seg1/00544.png,Knee-Ankle-Seg1,544,False,False
output/fascia/frames/Knee-Ankle-Seg1/00545.png,output/fascia/masks/Knee-Ankle-Seg1/00545.png,Knee-Ankle-Seg1,545,False,False
output/fascia/frames/Knee-Ankle-Seg1/00546.png,output/fascia/masks/Knee-Ankle-Seg1/00546.png,Knee-Ankle-Seg1,546,False,False
output/fascia/frames/Knee-Ankle-Seg1/00547.png,output/fascia/masks/Knee-Ankle-Seg1/00547.png,Knee-Ankle-Seg1,547,False,False
output/fascia/frames/Knee-Ankle-Seg1/00548.png,output/fascia/masks/Knee-Ankle-Seg1/00548.png,Knee-Ankle-Seg1,548,False,False
output/fascia/frames/Knee-Ankle-Seg1/00549.png,output/fascia/masks/Knee-Ankle-Seg1/00549.png,Knee-Ankle-Seg1,549,False,False
output/fascia/frames/Knee-Ankle-Seg1/00550.png,output/fascia/masks/Knee-Ankle-Seg1/00550.png,Knee-Ankle-Seg1,550,False,False
output/fascia/frames/Knee-Ankle-Seg1/00551.png,output/fascia/masks/Knee-Ankle-Seg1/00551.png,Knee-Ankle-Seg1,551,False,False
output/fascia/frames/Knee-Ankle-Seg1/00552.png,output/fascia/masks/Knee-Ankle-Seg1/00552.png,Knee-Ankle-Seg1,552,False,False
output/fascia/frames/Knee-Ankle-Seg1/00553.png,output/fascia/masks/Knee-Ankle-Seg1/00553.png,Knee-Ankle-Seg1,553,False,False
output/fascia/frames/Knee-Ankle-Seg1/00554.png,output/fascia/masks/Knee-Ankle-Seg1/00554.png,Knee-Ankle-Seg1,554,False,False
output/fascia/frames/Knee-Ankle-Seg1/00555.png,output/fascia/masks/Knee-Ankle-Seg1/00555.png,Knee-Ankle-Seg1,555,False,False
output/fascia/frames/Knee-Ankle-Seg1/00556.png,output/fascia/masks/Knee-Ankle-Seg1/00556.png,Knee-Ankle-Seg1,556,False,False
output/fascia/frames/Knee-Ankle-Seg1/00557.png,output/fascia/masks/Knee-Ankle-Seg1/00557.png,Knee-Ankle-Seg1,557,False,False
output/fascia/frames/Knee-Ankle-Seg1/00558.png,output/fascia/masks/Knee-Ankle-Seg1/00558.png,Knee-Ankle-Seg1,558,False,False
output/fascia/frames/Knee-Ankle-Seg1/00559.png,output/fascia/masks/Knee-Ankle-Seg1/00559.png,Knee-Ankle-Seg1,559,False,False
output/fascia/frames/Knee-Ankle-Seg1/00560.png,output/fascia/masks/Knee-Ankle-Seg1/00560.png,Knee-Ankle-Seg1,560,False,False
output/fascia/frames/Knee-Ankle-Seg1/00561.png,output/fascia/masks/Knee-Ankle-Seg1/00561.png,Knee-Ankle-Seg1,561,False,False
output/fascia/frames/Knee-Ankle-Seg1/00562.png,output/fascia/masks/Knee-Ankle-Seg1/00562.png,Knee-Ankle-Seg1,562,False,False
output/fascia/frames/Knee-Ankle-Seg1/00563.png,output/fascia/masks/Knee-Ankle-Seg1/00563.png,Knee-Ankle-Seg1,563,False,False
output/fascia/frames/Knee-Ankle-Seg1/00564.png,output/fascia/masks/Knee-Ankle-Seg1/00564.png,Knee-Ankle-Seg1,564,False,False
output/fascia/frames/Knee-Ankle-Seg1/00565.png,output/fascia/masks/Knee-Ankle-Seg1/00565.png,Knee-Ankle-Seg1,565,False,False
output/fascia/frames/Knee-Ankle-Seg1/00566.png,output/fascia/masks/Knee-Ankle-Seg1/00566.png,Knee-Ankle-Seg1,566,False,False
output/fascia/frames/Knee-Ankle-Seg1/00567.png,output/fascia/masks/Knee-Ankle-Seg1/00567.png,Knee-Ankle-Seg1,567,False,False
output/fascia/frames/Knee-Ankle-Seg1/00568.png,output/fascia/masks/Knee-Ankle-Seg1/00568.png,Knee-Ankle-Seg1,568,False,False
output/fascia/frames/Knee-Ankle-Seg1/00569.png,output/fascia/masks/Knee-Ankle-Seg1/00569.png,Knee-Ankle-Seg1,569,False,False
output/fascia/frames/Knee-Ankle-Seg1/00570.png,output/fascia/masks/Knee-Ankle-Seg1/00570.png,Knee-Ankle-Seg1,570,False,False
output/fascia/frames/Knee-Ankle-Seg1/00571.png,output/fascia/masks/Knee-Ankle-Seg1/00571.png,Knee-Ankle-Seg1,571,False,False
output/fascia/frames/Knee-Ankle-Seg1/00572.png,output/fascia/masks/Knee-Ankle-Seg1/00572.png,Knee-Ankle-Seg1,572,False,False
output/fascia/frames/Knee-Ankle-Seg1/00573.png,output/fascia/masks/Knee-Ankle-Seg1/00573.png,Knee-Ankle-Seg1,573,False,False
output/fascia/frames/Knee-Ankle-Seg1/00574.png,output/fascia/masks/Knee-Ankle-Seg1/00574.png,Knee-Ankle-Seg1,574,False,False
output/fascia/frames/Knee-Ankle-Seg1/00575.png,output/fascia/masks/Knee-Ankle-Seg1/00575.png,Knee-Ankle-Seg1,575,False,False
output/fascia/frames/Knee-Ankle-Seg1/00576.png,output/fascia/masks/Knee-Ankle-Seg1/00576.png,Knee-Ankle-Seg1,576,False,False
output/fascia/frames/Knee-Ankle-Seg1/00577.png,output/fascia/masks/Knee-Ankle-Seg1/00577.png,Knee-Ankle-Seg1,577,False,False
output/fascia/frames/Knee-Ankle-Seg1/00578.png,output/fascia/masks/Knee-Ankle-Seg1/00578.png,Knee-Ankle-Seg1,578,False,False
output/fascia/frames/Knee-Ankle-Seg1/00579.png,output/fascia/masks/Knee-Ankle-Seg1/00579.png,Knee-Ankle-Seg1,579,False,False
output/fascia/frames/Knee-Ankle-Seg1/00580.png,output/fascia/masks/Knee-Ankle-Seg1/00580.png,Knee-Ankle-Seg1,580,False,False
output/fascia/frames/Knee-Ankle-Seg1/00581.png,output/fascia/masks/Knee-Ankle-Seg1/00581.png,Knee-Ankle-Seg1,581,False,False
output/fascia/frames/Knee-Ankle-Seg1/00582.png,output/fascia/masks/Knee-Ankle-Seg1/00582.png,Knee-Ankle-Seg1,582,False,False
output/fascia/frames/Knee-Ankle-Seg1/00583.png,output/fascia/masks/Knee-Ankle-Seg1/00583.png,Knee-Ankle-Seg1,583,False,False
output/fascia/frames/Knee-Ankle-Seg1/00584.png,output/fascia/masks/Knee-Ankle-Seg1/00584.png,Knee-Ankle-Seg1,584,False,False
output/fascia/frames/Knee-Ankle-Seg1/00585.png,output/fascia/masks/Knee-Ankle-Seg1/00585.png,Knee-Ankle-Seg1,585,False,False
output/fascia/frames/Knee-Ankle-Seg1/00586.png,output/fascia/masks/Knee-Ankle-Seg1/00586.png,Knee-Ankle-Seg1,586,False,False
output/fascia/frames/Knee-Ankle-Seg1/00587.png,output/fascia/masks/Knee-Ankle-Seg1/00587.png,Knee-Ankle-Seg1,587,False,False
output/fascia/frames/Knee-Ankle-Seg1/00588.png,output/fascia/masks/Knee-Ankle-Seg1/00588.png,Knee-Ankle-Seg1,588,False,False
output/fascia/frames/Knee-Ankle-Seg1/00589.png,output/fascia/masks/Knee-Ankle-Seg1/00589.png,Knee-Ankle-Seg1,589,False,False
output/fascia/frames/Knee-Ankle-Seg1/00590.png,output/fascia/masks/Knee-Ankle-Seg1/00590.png,Knee-Ankle-Seg1,590,False,False
output/fascia/frames/Knee-Ankle-Seg1/00591.png,output/fascia/masks/Knee-Ankle-Seg1/00591.png,Knee-Ankle-Seg1,591,False,False
output/fascia/frames/Knee-Ankle-Seg1/00592.png,output/fascia/masks/Knee-Ankle-Seg1/00592.png,Knee-Ankle-Seg1,592,False,False
output/fascia/frames/Knee-Ankle-Seg1/00593.png,output/fascia/masks/Knee-Ankle-Seg1/00593.png,Knee-Ankle-Seg1,593,False,False
output/fascia/frames/Knee-Ankle-Seg1/00594.png,output/fascia/masks/Knee-Ankle-Seg1/00594.png,Knee-Ankle-Seg1,594,False,False
output/fascia/frames/Knee-Ankle-Seg1/00595.png,output/fascia/masks/Knee-Ankle-Seg1/00595.png,Knee-Ankle-Seg1,595,False,False
output/fascia/frames/Knee-Ankle-Seg1/00596.png,output/fascia/masks/Knee-Ankle-Seg1/00596.png,Knee-Ankle-Seg1,596,False,False
output/fascia/frames/Knee-Ankle-Seg1/00597.png,output/fascia/masks/Knee-Ankle-Seg1/00597.png,Knee-Ankle-Seg1,597,False,False
output/fascia/frames/Knee-Ankle-Seg1/00598.png,output/fascia/masks/Knee-Ankle-Seg1/00598.png,Knee-Ankle-Seg1,598,False,False
output/fascia/frames/Knee-Ankle-Seg1/00599.png,output/fascia/masks/Knee-Ankle-Seg1/00599.png,Knee-Ankle-Seg1,599,False,False
output/fascia/frames/Knee-Ankle-Seg1/00600.png,output/fascia/masks/Knee-Ankle-Seg1/00600.png,Knee-Ankle-Seg1,600,False,False
output/fascia/frames/Knee-Ankle-Seg1/00601.png,output/fascia/masks/Knee-Ankle-Seg1/00601.png,Knee-Ankle-Seg1,601,False,False
output/fascia/frames/Knee-Ankle-Seg1/00602.png,output/fascia/masks/Knee-Ankle-Seg1/00602.png,Knee-Ankle-Seg1,602,False,False
output/fascia/frames/Knee-Ankle-Seg1/00603.png,output/fascia/masks/Knee-Ankle-Seg1/00603.png,Knee-Ankle-Seg1,603,False,False
output/fascia/frames/Knee-Ankle-Seg1/00604.png,output/fascia/masks/Knee-Ankle-Seg1/00604.png,Knee-Ankle-Seg1,604,False,False
output/fascia/frames/Knee-Ankle-Seg1/00605.png,output/fascia/masks/Knee-Ankle-Seg1/00605.png,Knee-Ankle-Seg1,605,False,False
output/fascia/frames/Knee-Ankle-Seg1/00606.png,output/fascia/masks/Knee-Ankle-Seg1/00606.png,Knee-Ankle-Seg1,606,False,False
output/fascia/frames/Knee-Ankle-Seg1/00607.png,output/fascia/masks/Knee-Ankle-Seg1/00607.png,Knee-Ankle-Seg1,607,False,False
output/fascia/frames/Knee-Ankle-Seg1/00608.png,output/fascia/masks/Knee-Ankle-Seg1/00608.png,Knee-Ankle-Seg1,608,False,False
output/fascia/frames/Knee-Ankle-Seg1/00609.png,output/fascia/masks/Knee-Ankle-Seg1/00609.png,Knee-Ankle-Seg1,609,False,False
output/fascia/frames/Knee-Ankle-Seg1/00610.png,output/fascia/masks/Knee-Ankle-Seg1/00610.png,Knee-Ankle-Seg1,610,False,False
output/fascia/frames/Knee-Ankle-Seg1/00611.png,output/fascia/masks/Knee-Ankle-Seg1/00611.png,Knee-Ankle-Seg1,611,False,False
output/fascia/frames/Knee-Ankle-Seg1/00612.png,output/fascia/masks/Knee-Ankle-Seg1/00612.png,Knee-Ankle-Seg1,612,False,False
output/fascia/frames/Knee-Ankle-Seg1/00613.png,output/fascia/masks/Knee-Ankle-Seg1/00613.png,Knee-Ankle-Seg1,613,False,False
output/fascia/frames/Knee-Ankle-Seg1/00614.png,output/fascia/masks/Knee-Ankle-Seg1/00614.png,Knee-Ankle-Seg1,614,False,False
output/fascia/frames/Knee-Ankle-Seg1/00615.png,output/fascia/masks/Knee-Ankle-Seg1/00615.png,Knee-Ankle-Seg1,615,False,False
output/fascia/frames/Knee-Ankle-Seg1/00616.png,output/fascia/masks/Knee-Ankle-Seg1/00616.png,Knee-Ankle-Seg1,616,False,False
output/fascia/frames/Knee-Ankle-Seg1/00617.png,output/fascia/masks/Knee-Ankle-Seg1/00617.png,Knee-Ankle-Seg1,617,False,False
output/fascia/frames/Knee-Ankle-Seg1/00618.png,output/fascia/masks/Knee-Ankle-Seg1/00618.png,Knee-Ankle-Seg1,618,False,False
output/fascia/frames/Knee-Ankle-Seg1/00619.png,output/fascia/masks/Knee-Ankle-Seg1/00619.png,Knee-Ankle-Seg1,619,False,False
output/fascia/frames/Knee-Ankle-Seg1/00620.png,output/fascia/masks/Knee-Ankle-Seg1/00620.png,Knee-Ankle-Seg1,620,False,False
output/fascia/frames/Knee-Ankle-Seg1/00621.png,output/fascia/masks/Knee-Ankle-Seg1/00621.png,Knee-Ankle-Seg1,621,False,False
output/fascia/frames/Knee-Ankle-Seg1/00622.png,output/fascia/masks/Knee-Ankle-Seg1/00622.png,Knee-Ankle-Seg1,622,False,False
output/fascia/frames/Knee-Ankle-Seg1/00623.png,output/fascia/masks/Knee-Ankle-Seg1/00623.png,Knee-Ankle-Seg1,623,False,False
output/fascia/frames/Knee-Ankle-Seg1/00624.png,output/fascia/masks/Knee-Ankle-Seg1/00624.png,Knee-Ankle-Seg1,624,False,False
output/fascia/frames/Knee-Ankle-Seg1/00625.png,output/fascia/masks/Knee-Ankle-Seg1/00625.png,Knee-Ankle-Seg1,625,False,False
output/fascia/frames/Knee-Ankle-Seg1/00626.png,output/fascia/masks/Knee-Ankle-Seg1/00626.png,Knee-Ankle-Seg1,626,False,False
output/fascia/frames/Knee-Ankle-Seg1/00627.png,output/fascia/masks/Knee-Ankle-Seg1/00627.png,Knee-Ankle-Seg1,627,False,False
output/fascia/frames/Knee-Ankle-Seg1/00628.png,output/fascia/masks/Knee-Ankle-Seg1/00628.png,Knee-Ankle-Seg1,628,False,False
output/fascia/frames/Knee-Ankle-Seg1/00629.png,output/fascia/masks/Knee-Ankle-Seg1/00629.png,Knee-Ankle-Seg1,629,False,False
output/fascia/frames/Knee-Ankle-Seg1/00630.png,output/fascia/masks/Knee-Ankle-Seg1/00630.png,Knee-Ankle-Seg1,630,False,False
output/fascia/frames/Knee-Ankle-Seg1/00631.png,output/fascia/masks/Knee-Ankle-Seg1/00631.png,Knee-Ankle-Seg1,631,False,False
output/fascia/frames/Knee-Ankle-Seg1/00632.png,output/fascia/masks/Knee-Ankle-Seg1/00632.png,Knee-Ankle-Seg1,632,False,False
output/fascia/frames/Knee-Ankle-Seg1/00633.png,output/fascia/masks/Knee-Ankle-Seg1/00633.png,Knee-Ankle-Seg1,633,False,False
output/fascia/frames/Knee-Ankle-Seg1/00634.png,output/fascia/masks/Knee-Ankle-Seg1/00634.png,Knee-Ankle-Seg1,634,False,False
output/fascia/frames/Knee-Ankle-Seg1/00635.png,output/fascia/masks/Knee-Ankle-Seg1/00635.png,Knee-Ankle-Seg1,635,False,False
output/fascia/frames/Knee-Ankle-Seg1/00636.png,output/fascia/masks/Knee-Ankle-Seg1/00636.png,Knee-Ankle-Seg1,636,False,False
output/fascia/frames/Knee-Ankle-Seg1/00637.png,output/fascia/masks/Knee-Ankle-Seg1/00637.png,Knee-Ankle-Seg1,637,False,False
output/fascia/frames/Knee-Ankle-Seg1/00638.png,output/fascia/masks/Knee-Ankle-Seg1/00638.png,Knee-Ankle-Seg1,638,False,False
output/fascia/frames/Knee-Ankle-Seg1/00639.png,output/fascia/masks/Knee-Ankle-Seg1/00639.png,Knee-Ankle-Seg1,639,False,False
output/fascia/frames/Knee-Ankle-Seg1/00640.png,output/fascia/masks/Knee-Ankle-Seg1/00640.png,Knee-Ankle-Seg1,640,False,False
output/fascia/frames/Knee-Ankle-Seg1/00641.png,output/fascia/masks/Knee-Ankle-Seg1/00641.png,Knee-Ankle-Seg1,641,False,False
output/fascia/frames/Knee-Ankle-Seg1/00642.png,output/fascia/masks/Knee-Ankle-Seg1/00642.png,Knee-Ankle-Seg1,642,False,False
output/fascia/frames/Knee-Ankle-Seg1/00643.png,output/fascia/masks/Knee-Ankle-Seg1/00643.png,Knee-Ankle-Seg1,643,False,False
output/fascia/frames/Knee-Ankle-Seg1/00644.png,output/fascia/masks/Knee-Ankle-Seg1/00644.png,Knee-Ankle-Seg1,644,False,False
output/fascia/frames/Knee-Ankle-Seg1/00645.png,output/fascia/masks/Knee-Ankle-Seg1/00645.png,Knee-Ankle-Seg1,645,False,False
output/fascia/frames/Knee-Ankle-Seg1/00646.png,output/fascia/masks/Knee-Ankle-Seg1/00646.png,Knee-Ankle-Seg1,646,False,False
output/fascia/frames/Knee-Ankle-Seg1/00647.png,output/fascia/masks/Knee-Ankle-Seg1/00647.png,Knee-Ankle-Seg1,647,False,False
output/fascia/frames/Knee-Ankle-Seg1/00648.png,output/fascia/masks/Knee-Ankle-Seg1/00648.png,Knee-Ankle-Seg1,648,False,False
output/fascia/frames/Knee-Ankle-Seg1/00649.png,output/fascia/masks/Knee-Ankle-Seg1/00649.png,Knee-Ankle-Seg1,649,False,False
output/fascia/frames/Knee-Ankle-Seg1/00650.png,output/fascia/masks/Knee-Ankle-Seg1/00650.png,Knee-Ankle-Seg1,650,False,False
output/fascia/frames/Knee-Ankle-Seg1/00651.png,output/fascia/masks/Knee-Ankle-Seg1/00651.png,Knee-Ankle-Seg1,651,False,False
output/fascia/frames/Knee-Ankle-Seg1/00652.png,output/fascia/masks/Knee-Ankle-Seg1/00652.png,Knee-Ankle-Seg1,652,False,False
output/fascia/frames/Knee-Ankle-Seg1/00653.png,output/fascia/masks/Knee-Ankle-Seg1/00653.png,Knee-Ankle-Seg1,653,False,False
output/fascia/frames/Knee-Ankle-Seg1/00654.png,output/fascia/masks/Knee-Ankle-Seg1/00654.png,Knee-Ankle-Seg1,654,False,False
output/fascia/frames/Knee-Ankle-Seg1/00655.png,output/fascia/masks/Knee-Ankle-Seg1/00655.png,Knee-Ankle-Seg1,655,False,False
output/fascia/frames/Knee-Ankle-Seg1/00656.png,output/fascia/masks/Knee-Ankle-Seg1/00656.png,Knee-Ankle-Seg1,656,False,False
output/fascia/frames/Knee-Ankle-Seg1/00657.png,output/fascia/masks/Knee-Ankle-Seg1/00657.png,Knee-Ankle-Seg1,657,False,False
output/fascia/frames/Knee-Ankle-Seg1/00658.png,output/fascia/masks/Knee-Ankle-Seg1/00658.png,Knee-Ankle-Seg1,658,False,False
output/fascia/frames/Knee-Ankle-Seg1/00659.png,output/fascia/masks/Knee-Ankle-Seg1/00659.png,Knee-Ankle-Seg1,659,False,False
output/fascia/frames/Knee-Ankle-Seg1/00660.png,output/fascia/masks/Knee-Ankle-Seg1/00660.png,Knee-Ankle-Seg1,660,False,False
output/fascia/frames/Knee-Ankle-Seg1/00661.png,output/fascia/masks/Knee-Ankle-Seg1/00661.png,Knee-Ankle-Seg1,661,False,False
output/fascia/frames/Knee-Ankle-Seg1/00662.png,output/fascia/masks/Knee-Ankle-Seg1/00662.png,Knee-Ankle-Seg1,662,False,False
output/fascia/frames/Knee-Ankle-Seg1/00663.png,output/fascia/masks/Knee-Ankle-Seg1/00663.png,Knee-Ankle-Seg1,663,False,False
output/fascia/frames/Knee-Ankle-Seg1/00664.png,output/fascia/masks/Knee-Ankle-Seg1/00664.png,Knee-Ankle-Seg1,664,False,False
output/fascia/frames/Knee-Ankle-Seg1/00665.png,output/fascia/masks/Knee-Ankle-Seg1/00665.png,Knee-Ankle-Seg1,665,False,False
output/fascia/frames/Knee-Ankle-Seg1/00666.png,output/fascia/masks/Knee-Ankle-Seg1/00666.png,Knee-Ankle-Seg1,666,False,False
output/fascia/frames/Knee-Ankle-Seg1/00667.png,output/fascia/masks/Knee-Ankle-Seg1/00667.png,Knee-Ankle-Seg1,667,False,False
output/fascia/frames/Knee-Ankle-Seg1/00668.png,output/fascia/masks/Knee-Ankle-Seg1/00668.png,Knee-Ankle-Seg1,668,False,False
output/fascia/frames/Knee-Ankle-Seg1/00669.png,output/fascia/masks/Knee-Ankle-Seg1/00669.png,Knee-Ankle-Seg1,669,False,False
output/fascia/frames/Knee-Ankle-Seg1/00670.png,output/fascia/masks/Knee-Ankle-Seg1/00670.png,Knee-Ankle-Seg1,670,False,False
output/fascia/frames/Knee-Ankle-Seg1/00671.png,output/fascia/masks/Knee-Ankle-Seg1/00671.png,Knee-Ankle-Seg1,671,False,False
output/fascia/frames/Knee-Ankle-Seg1/00672.png,output/fascia/masks/Knee-Ankle-Seg1/00672.png,Knee-Ankle-Seg1,672,False,False
output/fascia/frames/Knee-Ankle-Seg1/00673.png,output/fascia/masks/Knee-Ankle-Seg1/00673.png,Knee-Ankle-Seg1,673,False,False
output/fascia/frames/Knee-Ankle-Seg1/00674.png,output/fascia/masks/Knee-Ankle-Seg1/00674.png,Knee-Ankle-Seg1,674,False,False
output/fascia/frames/Knee-Ankle-Seg1/00675.png,output/fascia/masks/Knee-Ankle-Seg1/00675.png,Knee-Ankle-Seg1,675,False,False
output/fascia/frames/Knee-Ankle-Seg1/00676.png,output/fascia/masks/Knee-Ankle-Seg1/00676.png,Knee-Ankle-Seg1,676,False,False
output/fascia/frames/Knee-Ankle-Seg1/00677.png,output/fascia/masks/Knee-Ankle-Seg1/00677.png,Knee-Ankle-Seg1,677,False,False
output/fascia/frames/Knee-Ankle-Seg1/00678.png,output/fascia/masks/Knee-Ankle-Seg1/00678.png,Knee-Ankle-Seg1,678,False,False
output/fascia/frames/Knee-Ankle-Seg1/00679.png,output/fascia/masks/Knee-Ankle-Seg1/00679.png,Knee-Ankle-Seg1,679,False,False
output/fascia/frames/Knee-Ankle-Seg1/00680.png,output/fascia/masks/Knee-Ankle-Seg1/00680.png,Knee-Ankle-Seg1,680,False,False
output/fascia/frames/Knee-Ankle-Seg1/00681.png,output/fascia/masks/Knee-Ankle-Seg1/00681.png,Knee-Ankle-Seg1,681,False,False
output/fascia/frames/Knee-Ankle-Seg1/00682.png,output/fascia/masks/Knee-Ankle-Seg1/00682.png,Knee-Ankle-Seg1,682,False,False
output/fascia/frames/Knee-Ankle-Seg1/00683.png,output/fascia/masks/Knee-Ankle-Seg1/00683.png,Knee-Ankle-Seg1,683,False,False
output/fascia/frames/Knee-Ankle-Seg1/00684.png,output/fascia/masks/Knee-Ankle-Seg1/00684.png,Knee-Ankle-Seg1,684,False,False
output/fascia/frames/Knee-Ankle-Seg1/00685.png,output/fascia/masks/Knee-Ankle-Seg1/00685.png,Knee-Ankle-Seg1,685,False,False
output/fascia/frames/Knee-Ankle-Seg1/00686.png,output/fascia/masks/Knee-Ankle-Seg1/00686.png,Knee-Ankle-Seg1,686,False,False
output/fascia/frames/Knee-Ankle-Seg1/00687.png,output/fascia/masks/Knee-Ankle-Seg1/00687.png,Knee-Ankle-Seg1,687,False,False
output/fascia/frames/Knee-Ankle-Seg1/00688.png,output/fascia/masks/Knee-Ankle-Seg1/00688.png,Knee-Ankle-Seg1,688,False,False
output/fascia/frames/Knee-Ankle-Seg1/00689.png,output/fascia/masks/Knee-Ankle-Seg1/00689.png,Knee-Ankle-Seg1,689,False,False
output/fascia/frames/Knee-Ankle-Seg1/00690.png,output/fascia/masks/Knee-Ankle-Seg1/00690.png,Knee-Ankle-Seg1,690,False,False
output/fascia/frames/Knee-Ankle-Seg1/00691.png,output/fascia/masks/Knee-Ankle-Seg1/00691.png,Knee-Ankle-Seg1,691,False,False
output/fascia/frames/Knee-Ankle-Seg1/00692.png,output/fascia/masks/Knee-Ankle-Seg1/00692.png,Knee-Ankle-Seg1,692,False,False
output/fascia/frames/Knee-Ankle-Seg1/00693.png,output/fascia/masks/Knee-Ankle-Seg1/00693.png,Knee-Ankle-Seg1,693,False,False
output/fascia/frames/Knee-Ankle-Seg1/00694.png,output/fascia/masks/Knee-Ankle-Seg1/00694.png,Knee-Ankle-Seg1,694,False,False
output/fascia/frames/Knee-Ankle-Seg1/00695.png,output/fascia/masks/Knee-Ankle-Seg1/00695.png,Knee-Ankle-Seg1,695,False,False
output/fascia/frames/Knee-Ankle-Seg1/00696.png,output/fascia/masks/Knee-Ankle-Seg1/00696.png,Knee-Ankle-Seg1,696,False,False
output/fascia/frames/Knee-Ankle-Seg1/00697.png,output/fascia/masks/Knee-Ankle-Seg1/00697.png,Knee-Ankle-Seg1,697,False,False
output/fascia/frames/Knee-Ankle-Seg1/00698.png,output/fascia/masks/Knee-Ankle-Seg1/00698.png,Knee-Ankle-Seg1,698,False,False
output/fascia/frames/Knee-Ankle-Seg1/00699.png,output/fascia/masks/Knee-Ankle-Seg1/00699.png,Knee-Ankle-Seg1,699,False,False
output/fascia/frames/Knee-Ankle-Seg1/00700.png,output/fascia/masks/Knee-Ankle-Seg1/00700.png,Knee-Ankle-Seg1,700,False,False
output/fascia/frames/Knee-Ankle-Seg1/00701.png,output/fascia/masks/Knee-Ankle-Seg1/00701.png,Knee-Ankle-Seg1,701,False,False
output/fascia/frames/Knee-Ankle-Seg1/00702.png,output/fascia/masks/Knee-Ankle-Seg1/00702.png,Knee-Ankle-Seg1,702,False,False
output/fascia/frames/Knee-Ankle-Seg1/00703.png,output/fascia/masks/Knee-Ankle-Seg1/00703.png,Knee-Ankle-Seg1,703,False,False
output/fascia/frames/Knee-Ankle-Seg1/00704.png,output/fascia/masks/Knee-Ankle-Seg1/00704.png,Knee-Ankle-Seg1,704,False,False
output/fascia/frames/Knee-Ankle-Seg1/00705.png,output/fascia/masks/Knee-Ankle-Seg1/00705.png,Knee-Ankle-Seg1,705,False,False
output/fascia/frames/Knee-Ankle-Seg1/00706.png,output/fascia/masks/Knee-Ankle-Seg1/00706.png,Knee-Ankle-Seg1,706,False,False
output/fascia/frames/Knee-Ankle-Seg1/00707.png,output/fascia/masks/Knee-Ankle-Seg1/00707.png,Knee-Ankle-Seg1,707,False,False
output/fascia/frames/Knee-Ankle-Seg1/00708.png,output/fascia/masks/Knee-Ankle-Seg1/00708.png,Knee-Ankle-Seg1,708,False,False
output/fascia/frames/Knee-Ankle-Seg1/00709.png,output/fascia/masks/Knee-Ankle-Seg1/00709.png,Knee-Ankle-Seg1,709,False,False
output/fascia/frames/Knee-Ankle-Seg1/00710.png,output/fascia/masks/Knee-Ankle-Seg1/00710.png,Knee-Ankle-Seg1,710,False,False
output/fascia/frames/Knee-Ankle-Seg1/00711.png,output/fascia/masks/Knee-Ankle-Seg1/00711.png,Knee-Ankle-Seg1,711,False,False
output/fascia/frames/Knee-Ankle-Seg1/00712.png,output/fascia/masks/Knee-Ankle-Seg1/00712.png,Knee-Ankle-Seg1,712,False,False
output/fascia/frames/Knee-Ankle-Seg1/00713.png,output/fascia/masks/Knee-Ankle-Seg1/00713.png,Knee-Ankle-Seg1,713,False,False
output/fascia/frames/Knee-Ankle-Seg1/00714.png,output/fascia/masks/Knee-Ankle-Seg1/00714.png,Knee-Ankle-Seg1,714,False,False
output/fascia/frames/Knee-Ankle-Seg1/00715.png,output/fascia/masks/Knee-Ankle-Seg1/00715.png,Knee-Ankle-Seg1,715,False,False
output/fascia/frames/Knee-Ankle-Seg1/00716.png,output/fascia/masks/Knee-Ankle-Seg1/00716.png,Knee-Ankle-Seg1,716,False,False
output/fascia/frames/Knee-Ankle-Seg1/00717.png,output/fascia/masks/Knee-Ankle-Seg1/00717.png,Knee-Ankle-Seg1,717,False,False
output/fascia/frames/Knee-Ankle-Seg1/00718.png,output/fascia/masks/Knee-Ankle-Seg1/00718.png,Knee-Ankle-Seg1,718,False,False
output/fascia/frames/Knee-Ankle-Seg1/00719.png,output/fascia/masks/Knee-Ankle-Seg1/00719.png,Knee-Ankle-Seg1,719,False,False
output/fascia/frames/Knee-Ankle-Seg1/00720.png,output/fascia/masks/Knee-Ankle-Seg1/00720.png,Knee-Ankle-Seg1,720,False,False
output/fascia/frames/Knee-Ankle-Seg1/00721.png,output/fascia/masks/Knee-Ankle-Seg1/00721.png,Knee-Ankle-Seg1,721,False,False
output/fascia/frames/Knee-Ankle-Seg1/00722.png,output/fascia/masks/Knee-Ankle-Seg1/00722.png,Knee-Ankle-Seg1,722,False,False
output/fascia/frames/Knee-Ankle-Seg1/00723.png,output/fascia/masks/Knee-Ankle-Seg1/00723.png,Knee-Ankle-Seg1,723,False,False
output/fascia/frames/Knee-Ankle-Seg1/00724.png,output/fascia/masks/Knee-Ankle-Seg1/00724.png,Knee-Ankle-Seg1,724,False,False
output/fascia/frames/Knee-Ankle-Seg1/00725.png,output/fascia/masks/Knee-Ankle-Seg1/00725.png,Knee-Ankle-Seg1,725,False,False
output/fascia/frames/Knee-Ankle-Seg1/00726.png,output/fascia/masks/Knee-Ankle-Seg1/00726.png,Knee-Ankle-Seg1,726,False,False
output/fascia/frames/Knee-Ankle-Seg1/00727.png,output/fascia/masks/Knee-Ankle-Seg1/00727.png,Knee-Ankle-Seg1,727,False,False
output/fascia/frames/Knee-Ankle-Seg1/00728.png,output/fascia/masks/Knee-Ankle-Seg1/00728.png,Knee-Ankle-Seg1,728,False,False
output/fascia/frames/Knee-Ankle-Seg1/00729.png,output/fascia/masks/Knee-Ankle-Seg1/00729.png,Knee-Ankle-Seg1,729,False,False
output/fascia/frames/Knee-Ankle-Seg1/00730.png,output/fascia/masks/Knee-Ankle-Seg1/00730.png,Knee-Ankle-Seg1,730,False,False
output/fascia/frames/Knee-Ankle-Seg1/00731.png,output/fascia/masks/Knee-Ankle-Seg1/00731.png,Knee-Ankle-Seg1,731,False,False
output/fascia/frames/Knee-Ankle-Seg1/00732.png,output/fascia/masks/Knee-Ankle-Seg1/00732.png,Knee-Ankle-Seg1,732,False,False
output/fascia/frames/Knee-Ankle-Seg1/00733.png,output/fascia/masks/Knee-Ankle-Seg1/00733.png,Knee-Ankle-Seg1,733,False,False
output/fascia/frames/Knee-Ankle-Seg1/00734.png,output/fascia/masks/Knee-Ankle-Seg1/00734.png,Knee-Ankle-Seg1,734,False,False
output/fascia/frames/Knee-Ankle-Seg1/00735.png,output/fascia/masks/Knee-Ankle-Seg1/00735.png,Knee-Ankle-Seg1,735,False,False
output/fascia/frames/Knee-Ankle-Seg1/00736.png,output/fascia/masks/Knee-Ankle-Seg1/00736.png,Knee-Ankle-Seg1,736,False,False
output/fascia/frames/Knee-Ankle-Seg1/00737.png,output/fascia/masks/Knee-Ankle-Seg1/00737.png,Knee-Ankle-Seg1,737,False,False
output/fascia/frames/Knee-Ankle-Seg1/00738.png,output/fascia/masks/Knee-Ankle-Seg1/00738.png,Knee-Ankle-Seg1,738,False,False
output/fascia/frames/Knee-Ankle-Seg1/00739.png,output/fascia/masks/Knee-Ankle-Seg1/00739.png,Knee-Ankle-Seg1,739,False,False
output/fascia/frames/Knee-Ankle-Seg1/00740.png,output/fascia/masks/Knee-Ankle-Seg1/00740.png,Knee-Ankle-Seg1,740,False,False
output/fascia/frames/Knee-Ankle-Seg1/00741.png,output/fascia/masks/Knee-Ankle-Seg1/00741.png,Knee-Ankle-Seg1,741,False,False
output/fascia/frames/Knee-Ankle-Seg1/00742.png,output/fascia/masks/Knee-Ankle-Seg1/00742.png,Knee-Ankle-Seg1,742,False,False
output/fascia/frames/Knee-Ankle-Seg1/00743.png,output/fascia/masks/Knee-Ankle-Seg1/00743.png,Knee-Ankle-Seg1,743,False,False
output/fascia/frames/Knee-Ankle-Seg1/00744.png,output/fascia/masks/Knee-Ankle-Seg1/00744.png,Knee-Ankle-Seg1,744,False,False
output/fascia/frames/Knee-Ankle-Seg1/00745.png,output/fascia/masks/Knee-Ankle-Seg1/00745.png,Knee-Ankle-Seg1,745,False,False
output/fascia/frames/Knee-Ankle-Seg1/00746.png,output/fascia/masks/Knee-Ankle-Seg1/00746.png,Knee-Ankle-Seg1,746,False,False
output/fascia/frames/Knee-Ankle-Seg1/00747.png,output/fascia/masks/Knee-Ankle-Seg1/00747.png,Knee-Ankle-Seg1,747,False,False
output/fascia/frames/Knee-Ankle-Seg1/00748.png,output/fascia/masks/Knee-Ankle-Seg1/00748.png,Knee-Ankle-Seg1,748,False,False
output/fascia/frames/Knee-Ankle-Seg1/00749.png,output/fascia/masks/Knee-Ankle-Seg1/00749.png,Knee-Ankle-Seg1,749,False,False
output/fascia/frames/Knee-Ankle-Seg1/00750.png,output/fascia/masks/Knee-Ankle-Seg1/00750.png,Knee-Ankle-Seg1,750,False,False
output/fascia/frames/Knee-Ankle-Seg1/00751.png,output/fascia/masks/Knee-Ankle-Seg1/00751.png,Knee-Ankle-Seg1,751,False,False
output/fascia/frames/Knee-Ankle-Seg1/00752.png,output/fascia/masks/Knee-Ankle-Seg1/00752.png,Knee-Ankle-Seg1,752,False,False
output/fascia/frames/Knee-Ankle-Seg1/00753.png,output/fascia/masks/Knee-Ankle-Seg1/00753.png,Knee-Ankle-Seg1,753,False,False
output/fascia/frames/Knee-Ankle-Seg1/00754.png,output/fascia/masks/Knee-Ankle-Seg1/00754.png,Knee-Ankle-Seg1,754,False,False
output/fascia/frames/Knee-Ankle-Seg1/00755.png,output/fascia/masks/Knee-Ankle-Seg1/00755.png,Knee-Ankle-Seg1,755,False,False
output/fascia/frames/Knee-Ankle-Seg1/00756.png,output/fascia/masks/Knee-Ankle-Seg1/00756.png,Knee-Ankle-Seg1,756,False,False
output/fascia/frames/Knee-Ankle-Seg1/00757.png,output/fascia/masks/Knee-Ankle-Seg1/00757.png,Knee-Ankle-Seg1,757,False,False
output/fascia/frames/Knee-Ankle-Seg1/00758.png,output/fascia/masks/Knee-Ankle-Seg1/00758.png,Knee-Ankle-Seg1,758,False,False
output/fascia/frames/Knee-Ankle-Seg1/00759.png,output/fascia/masks/Knee-Ankle-Seg1/00759.png,Knee-Ankle-Seg1,759,False,False
output/fascia/frames/Knee-Ankle-Seg1/00760.png,output/fascia/masks/Knee-Ankle-Seg1/00760.png,Knee-Ankle-Seg1,760,False,False
output/fascia/frames/Knee-Ankle-Seg1/00761.png,output/fascia/masks/Knee-Ankle-Seg1/00761.png,Knee-Ankle-Seg1,761,False,False
output/fascia/frames/Knee-Ankle-Seg1/00762.png,output/fascia/masks/Knee-Ankle-Seg1/00762.png,Knee-Ankle-Seg1,762,False,False
output/fascia/frames/Knee-Ankle-Seg1/00763.png,output/fascia/masks/Knee-Ankle-Seg1/00763.png,Knee-Ankle-Seg1,763,False,False
output/fascia/frames/Knee-Ankle-Seg1/00764.png,output/fascia/masks/Knee-Ankle-Seg1/00764.png,Knee-Ankle-Seg1,764,False,False
output/fascia/frames/Knee-Ankle-Seg1/00765.png,output/fascia/masks/Knee-Ankle-Seg1/00765.png,Knee-Ankle-Seg1,765,False,False
output/fascia/frames/Knee-Ankle-Seg1/00766.png,output/fascia/masks/Knee-Ankle-Seg1/00766.png,Knee-Ankle-Seg1,766,False,False
output/fascia/frames/Knee-Ankle-Seg1/00767.png,output/fascia/masks/Knee-Ankle-Seg1/00767.png,Knee-Ankle-Seg1,767,False,False
output/fascia/frames/Knee-Ankle-Seg1/00768.png,output/fascia/masks/Knee-Ankle-Seg1/00768.png,Knee-Ankle-Seg1,768,False,False
output/fascia/frames/Knee-Ankle-Seg1/00769.png,output/fascia/masks/Knee-Ankle-Seg1/00769.png,Knee-Ankle-Seg1,769,False,False
output/fascia/frames/Knee-Ankle-Seg1/00770.png,output/fascia/masks/Knee-Ankle-Seg1/00770.png,Knee-Ankle-Seg1,770,False,False
output/fascia/frames/Knee-Ankle-Seg1/00771.png,output/fascia/masks/Knee-Ankle-Seg1/00771.png,Knee-Ankle-Seg1,771,False,False
output/fascia/frames/Knee-Ankle-Seg1/00772.png,output/fascia/masks/Knee-Ankle-Seg1/00772.png,Knee-Ankle-Seg1,772,False,False
output/fascia/frames/Knee-Ankle-Seg1/00773.png,output/fascia/masks/Knee-Ankle-Seg1/00773.png,Knee-Ankle-Seg1,773,False,False
output/fascia/frames/Knee-Ankle-Seg1/00774.png,output/fascia/masks/Knee-Ankle-Seg1/00774.png,Knee-Ankle-Seg1,774,False,False
output/fascia/frames/Knee-Ankle-Seg1/00775.png,output/fascia/masks/Knee-Ankle-Seg1/00775.png,Knee-Ankle-Seg1,775,False,False
output/fascia/frames/Knee-Ankle-Seg1/00776.png,output/fascia/masks/Knee-Ankle-Seg1/00776.png,Knee-Ankle-Seg1,776,False,False
output/fascia/frames/Knee-Ankle-Seg1/00777.png,output/fascia/masks/Knee-Ankle-Seg1/00777.png,Knee-Ankle-Seg1,777,False,False
output/fascia/frames/Knee-Ankle-Seg1/00778.png,output/fascia/masks/Knee-Ankle-Seg1/00778.png,Knee-Ankle-Seg1,778,False,False
output/fascia/frames/Knee-Ankle-Seg1/00779.png,output/fascia/masks/Knee-Ankle-Seg1/00779.png,Knee-Ankle-Seg1,779,False,False
output/fascia/frames/Knee-Ankle-Seg1/00780.png,output/fascia/masks/Knee-Ankle-Seg1/00780.png,Knee-Ankle-Seg1,780,False,False
output/fascia/frames/Knee-Ankle-Seg1/00781.png,output/fascia/masks/Knee-Ankle-Seg1/00781.png,Knee-Ankle-Seg1,781,False,False
output/fascia/frames/Knee-Ankle-Seg1/00782.png,output/fascia/masks/Knee-Ankle-Seg1/00782.png,Knee-Ankle-Seg1,782,False,False
output/fascia/frames/Knee-Ankle-Seg1/00783.png,output/fascia/masks/Knee-Ankle-Seg1/00783.png,Knee-Ankle-Seg1,783,False,False
output/fascia/frames/Knee-Ankle-Seg1/00784.png,output/fascia/masks/Knee-Ankle-Seg1/00784.png,Knee-Ankle-Seg1,784,False,False
output/fascia/frames/Knee-Ankle-Seg1/00785.png,output/fascia/masks/Knee-Ankle-Seg1/00785.png,Knee-Ankle-Seg1,785,False,False
output/fascia/frames/Knee-Ankle-Seg1/00786.png,output/fascia/masks/Knee-Ankle-Seg1/00786.png,Knee-Ankle-Seg1,786,False,False
output/fascia/frames/Knee-Ankle-Seg1/00787.png,output/fascia/masks/Knee-Ankle-Seg1/00787.png,Knee-Ankle-Seg1,787,False,False
output/fascia/frames/Knee-Ankle-Seg1/00788.png,output/fascia/masks/Knee-Ankle-Seg1/00788.png,Knee-Ankle-Seg1,788,False,False
output/fascia/frames/Knee-Ankle-Seg1/00789.png,output/fascia/masks/Knee-Ankle-Seg1/00789.png,Knee-Ankle-Seg1,789,False,False
output/fascia/frames/Knee-Ankle-Seg1/00790.png,output/fascia/masks/Knee-Ankle-Seg1/00790.png,Knee-Ankle-Seg1,790,False,False
output/fascia/frames/Knee-Ankle-Seg1/00791.png,output/fascia/masks/Knee-Ankle-Seg1/00791.png,Knee-Ankle-Seg1,791,False,False
output/fascia/frames/Knee-Ankle-Seg1/00792.png,output/fascia/masks/Knee-Ankle-Seg1/00792.png,Knee-Ankle-Seg1,792,False,False
output/fascia/frames/Knee-Ankle-Seg1/00793.png,output/fascia/masks/Knee-Ankle-Seg1/00793.png,Knee-Ankle-Seg1,793,False,False
output/fascia/frames/Knee-Ankle-Seg1/00794.png,output/fascia/masks/Knee-Ankle-Seg1/00794.png,Knee-Ankle-Seg1,794,False,False
output/fascia/frames/Knee-Ankle-Seg1/00795.png,output/fascia/masks/Knee-Ankle-Seg1/00795.png,Knee-Ankle-Seg1,795,False,False
output/fascia/frames/Knee-Ankle-Seg1/00796.png,output/fascia/masks/Knee-Ankle-Seg1/00796.png,Knee-Ankle-Seg1,796,False,False
output/fascia/frames/Knee-Ankle-Seg1/00797.png,output/fascia/masks/Knee-Ankle-Seg1/00797.png,Knee-Ankle-Seg1,797,False,False
output/fascia/frames/Knee-Ankle-Seg1/00798.png,output/fascia/masks/Knee-Ankle-Seg1/00798.png,Knee-Ankle-Seg1,798,False,False
output/fascia/frames/Knee-Ankle-Seg1/00799.png,output/fascia/masks/Knee-Ankle-Seg1/00799.png,Knee-Ankle-Seg1,799,False,False
output/fascia/frames/Knee-Ankle-Seg1/00800.png,output/fascia/masks/Knee-Ankle-Seg1/00800.png,Knee-Ankle-Seg1,800,False,False
output/fascia/frames/Knee-Ankle-Seg1/00801.png,output/fascia/masks/Knee-Ankle-Seg1/00801.png,Knee-Ankle-Seg1,801,False,False
output/fascia/frames/Knee-Ankle-Seg1/00802.png,output/fascia/masks/Knee-Ankle-Seg1/00802.png,Knee-Ankle-Seg1,802,False,False
output/fascia/frames/Knee-Ankle-Seg1/00803.png,output/fascia/masks/Knee-Ankle-Seg1/00803.png,Knee-Ankle-Seg1,803,False,False
output/fascia/frames/Knee-Ankle-Seg1/00804.png,output/fascia/masks/Knee-Ankle-Seg1/00804.png,Knee-Ankle-Seg1,804,False,False
output/fascia/frames/Knee-Ankle-Seg1/00805.png,output/fascia/masks/Knee-Ankle-Seg1/00805.png,Knee-Ankle-Seg1,805,False,False
output/fascia/frames/Knee-Ankle-Seg1/00806.png,output/fascia/masks/Knee-Ankle-Seg1/00806.png,Knee-Ankle-Seg1,806,False,False
output/fascia/frames/Knee-Ankle-Seg1/00807.png,output/fascia/masks/Knee-Ankle-Seg1/00807.png,Knee-Ankle-Seg1,807,False,False
output/fascia/frames/Knee-Ankle-Seg1/00808.png,output/fascia/masks/Knee-Ankle-Seg1/00808.png,Knee-Ankle-Seg1,808,False,False
output/fascia/frames/Knee-Ankle-Seg1/00809.png,output/fascia/masks/Knee-Ankle-Seg1/00809.png,Knee-Ankle-Seg1,809,False,False
output/fascia/frames/Knee-Ankle-Seg1/00810.png,output/fascia/masks/Knee-Ankle-Seg1/00810.png,Knee-Ankle-Seg1,810,False,False
output/fascia/frames/Knee-Ankle-Seg1/00811.png,output/fascia/masks/Knee-Ankle-Seg1/00811.png,Knee-Ankle-Seg1,811,False,False
output/fascia/frames/Knee-Ankle-Seg1/00812.png,output/fascia/masks/Knee-Ankle-Seg1/00812.png,Knee-Ankle-Seg1,812,False,False
output/fascia/frames/Knee-Ankle-Seg1/00813.png,output/fascia/masks/Knee-Ankle-Seg1/00813.png,Knee-Ankle-Seg1,813,False,False
output/fascia/frames/Knee-Ankle-Seg1/00814.png,output/fascia/masks/Knee-Ankle-Seg1/00814.png,Knee-Ankle-Seg1,814,False,False
output/fascia/frames/Knee-Ankle-Seg1/00815.png,output/fascia/masks/Knee-Ankle-Seg1/00815.png,Knee-Ankle-Seg1,815,False,False
output/fascia/frames/Knee-Ankle-Seg1/00816.png,output/fascia/masks/Knee-Ankle-Seg1/00816.png,Knee-Ankle-Seg1,816,False,False
output/fascia/frames/Knee-Ankle-Seg1/00817.png,output/fascia/masks/Knee-Ankle-Seg1/00817.png,Knee-Ankle-Seg1,817,False,False
output/fascia/frames/Knee-Ankle-Seg1/00818.png,output/fascia/masks/Knee-Ankle-Seg1/00818.png,Knee-Ankle-Seg1,818,False,False
output/fascia/frames/Knee-Ankle-Seg1/00819.png,output/fascia/masks/Knee-Ankle-Seg1/00819.png,Knee-Ankle-Seg1,819,False,False
output/fascia/frames/Knee-Ankle-Seg1/00820.png,output/fascia/masks/Knee-Ankle-Seg1/00820.png,Knee-Ankle-Seg1,820,False,False
output/fascia/frames/Knee-Ankle-Seg1/00821.png,output/fascia/masks/Knee-Ankle-Seg1/00821.png,Knee-Ankle-Seg1,821,False,False
output/fascia/frames/Knee-Ankle-Seg1/00822.png,output/fascia/masks/Knee-Ankle-Seg1/00822.png,Knee-Ankle-Seg1,822,False,False
output/fascia/frames/Knee-Ankle-Seg1/00823.png,output/fascia/masks/Knee-Ankle-Seg1/00823.png,Knee-Ankle-Seg1,823,False,False
output/fascia/frames/Knee-Ankle-Seg1/00824.png,output/fascia/masks/Knee-Ankle-Seg1/00824.png,Knee-Ankle-Seg1,824,False,False
output/fascia/frames/Knee-Ankle-Seg1/00825.png,output/fascia/masks/Knee-Ankle-Seg1/00825.png,Knee-Ankle-Seg1,825,False,False
output/fascia/frames/Knee-Ankle-Seg1/00826.png,output/fascia/masks/Knee-Ankle-Seg1/00826.png,Knee-Ankle-Seg1,826,False,False
output/fascia/frames/Knee-Ankle-Seg1/00827.png,output/fascia/masks/Knee-Ankle-Seg1/00827.png,Knee-Ankle-Seg1,827,False,False
output/fascia/frames/Knee-Ankle-Seg1/00828.png,output/fascia/masks/Knee-Ankle-Seg1/00828.png,Knee-Ankle-Seg1,828,False,False
output/fascia/frames/Knee-Ankle-Seg1/00829.png,output/fascia/masks/Knee-Ankle-Seg1/00829.png,Knee-Ankle-Seg1,829,False,False
output/fascia/frames/Knee-Ankle-Seg1/00830.png,output/fascia/masks/Knee-Ankle-Seg1/00830.png,Knee-Ankle-Seg1,830,False,False
output/fascia/frames/Knee-Ankle-Seg1/00831.png,output/fascia/masks/Knee-Ankle-Seg1/00831.png,Knee-Ankle-Seg1,831,False,False
output/fascia/frames/Knee-Ankle-Seg1/00832.png,output/fascia/masks/Knee-Ankle-Seg1/00832.png,Knee-Ankle-Seg1,832,False,False
output/fascia/frames/Knee-Ankle-Seg1/00833.png,output/fascia/masks/Knee-Ankle-Seg1/00833.png,Knee-Ankle-Seg1,833,False,False
output/fascia/frames/Knee-Ankle-Seg1/00834.png,output/fascia/masks/Knee-Ankle-Seg1/00834.png,Knee-Ankle-Seg1,834,False,False
output/fascia/frames/Knee-Ankle-Seg1/00835.png,output/fascia/masks/Knee-Ankle-Seg1/00835.png,Knee-Ankle-Seg1,835,False,False
output/fascia/frames/Knee-Ankle-Seg1/00836.png,output/fascia/masks/Knee-Ankle-Seg1/00836.png,Knee-Ankle-Seg1,836,False,False
output/fascia/frames/Knee-Ankle-Seg1/00837.png,output/fascia/masks/Knee-Ankle-Seg1/00837.png,Knee-Ankle-Seg1,837,False,False
output/fascia/frames/Knee-Ankle-Seg1/00838.png,output/fascia/masks/Knee-Ankle-Seg1/00838.png,Knee-Ankle-Seg1,838,False,False
output/fascia/frames/Knee-Ankle-Seg1/00839.png,output/fascia/masks/Knee-Ankle-Seg1/00839.png,Knee-Ankle-Seg1,839,False,False
output/fascia/frames/Knee-Ankle-Seg1/00840.png,output/fascia/masks/Knee-Ankle-Seg1/00840.png,Knee-Ankle-Seg1,840,False,False
output/fascia/frames/Knee-Ankle-Seg1/00841.png,output/fascia/masks/Knee-Ankle-Seg1/00841.png,Knee-Ankle-Seg1,841,False,False
output/fascia/frames/Knee-Ankle-Seg1/00842.png,output/fascia/masks/Knee-Ankle-Seg1/00842.png,Knee-Ankle-Seg1,842,False,False
output/fascia/frames/Knee-Ankle-Seg1/00843.png,output/fascia/masks/Knee-Ankle-Seg1/00843.png,Knee-Ankle-Seg1,843,False,False
output/fascia/frames/Knee-Ankle-Seg1/00844.png,output/fascia/masks/Knee-Ankle-Seg1/00844.png,Knee-Ankle-Seg1,844,False,False
output/fascia/frames/Knee-Ankle-Seg1/00845.png,output/fascia/masks/Knee-Ankle-Seg1/00845.png,Knee-Ankle-Seg1,845,False,False
output/fascia/frames/Knee-Ankle-Seg1/00846.png,output/fascia/masks/Knee-Ankle-Seg1/00846.png,Knee-Ankle-Seg1,846,False,False
