video,frame_idx,frame_path,mask_path,has_vein
202207111318_38-Perf,0,output/vein/frames/202207111318_38-Perf_00000.png,output/vein/masks/202207111318_38-Perf_00000.png,False
202207111318_38-Perf,1,output/vein/frames/202207111318_38-Perf_00001.png,output/vein/masks/202207111318_38-Perf_00001.png,False
202207111318_38-Perf,2,output/vein/frames/202207111318_38-Perf_00002.png,output/vein/masks/202207111318_38-Perf_00002.png,False
202207111318_38-Perf,3,output/vein/frames/202207111318_38-Perf_00003.png,output/vein/masks/202207111318_38-Perf_00003.png,False
202207111318_38-Perf,4,output/vein/frames/202207111318_38-Perf_00004.png,output/vein/masks/202207111318_38-Perf_00004.png,True
202207111318_38-Perf,5,output/vein/frames/202207111318_38-Perf_00005.png,output/vein/masks/202207111318_38-Perf_00005.png,True
202207111318_38-Perf,6,output/vein/frames/202207111318_38-Perf_00006.png,output/vein/masks/202207111318_38-Perf_00006.png,True
202207111318_38-Perf,7,output/vein/frames/202207111318_38-Perf_00007.png,output/vein/masks/202207111318_38-Perf_00007.png,True
202207111318_38-Perf,8,output/vein/frames/202207111318_38-Perf_00008.png,output/vein/masks/202207111318_38-Perf_00008.png,True
202207111318_38-Perf,9,output/vein/frames/202207111318_38-Perf_00009.png,output/vein/masks/202207111318_38-Perf_00009.png,True
202207111318_38-Perf,10,output/vein/frames/202207111318_38-Perf_00010.png,output/vein/masks/202207111318_38-Perf_00010.png,True
202207111318_38-Perf,11,output/vein/frames/202207111318_38-Perf_00011.png,output/vein/masks/202207111318_38-Perf_00011.png,True
202207111318_38-Perf,12,output/vein/frames/202207111318_38-Perf_00012.png,output/vein/masks/202207111318_38-Perf_00012.png,True
202207111318_38-Perf,13,output/vein/frames/202207111318_38-Perf_00013.png,output/vein/masks/202207111318_38-Perf_00013.png,True
202207111318_38-Perf,14,output/vein/frames/202207111318_38-Perf_00014.png,output/vein/masks/202207111318_38-Perf_00014.png,True
202207111318_38-Perf,15,output/vein/frames/202207111318_38-Perf_00015.png,output/vein/masks/202207111318_38-Perf_00015.png,True
202207111318_38-Perf,16,output/vein/frames/202207111318_38-Perf_00016.png,output/vein/masks/202207111318_38-Perf_00016.png,True
202207111318_38-Perf,17,output/vein/frames/202207111318_38-Perf_00017.png,output/vein/masks/202207111318_38-Perf_00017.png,True
202207111318_38-Perf,18,output/vein/frames/202207111318_38-Perf_00018.png,output/vein/masks/202207111318_38-Perf_00018.png,True
202207111318_38-Perf,19,output/vein/frames/202207111318_38-Perf_00019.png,output/vein/masks/202207111318_38-Perf_00019.png,True
202207111318_38-Perf,20,output/vein/frames/202207111318_38-Perf_00020.png,output/vein/masks/202207111318_38-Perf_00020.png,True
202207111318_38-Perf,21,output/vein/frames/202207111318_38-Perf_00021.png,output/vein/masks/202207111318_38-Perf_00021.png,True
202207111318_38-Perf,22,output/vein/frames/202207111318_38-Perf_00022.png,output/vein/masks/202207111318_38-Perf_00022.png,True
202207111318_38-Perf,23,output/vein/frames/202207111318_38-Perf_00023.png,output/vein/masks/202207111318_38-Perf_00023.png,True
202207111318_38-Perf,24,output/vein/frames/202207111318_38-Perf_00024.png,output/vein/masks/202207111318_38-Perf_00024.png,True
202207111318_38-Perf,25,output/vein/frames/202207111318_38-Perf_00025.png,output/vein/masks/202207111318_38-Perf_00025.png,True
202207111318_38-Perf,26,output/vein/frames/202207111318_38-Perf_00026.png,output/vein/masks/202207111318_38-Perf_00026.png,True
202207111318_38-Perf,27,output/vein/frames/202207111318_38-Perf_00027.png,output/vein/masks/202207111318_38-Perf_00027.png,True
202207111318_38-Perf,28,output/vein/frames/202207111318_38-Perf_00028.png,output/vein/masks/202207111318_38-Perf_00028.png,True
202207111318_38-Perf,29,output/vein/frames/202207111318_38-Perf_00029.png,output/vein/masks/202207111318_38-Perf_00029.png,True
202207111318_38-Perf,30,output/vein/frames/202207111318_38-Perf_00030.png,output/vein/masks/202207111318_38-Perf_00030.png,True
202207111318_38-Perf,31,output/vein/frames/202207111318_38-Perf_00031.png,output/vein/masks/202207111318_38-Perf_00031.png,True
202207111318_38-Perf,32,output/vein/frames/202207111318_38-Perf_00032.png,output/vein/masks/202207111318_38-Perf_00032.png,True
202207111318_38-Perf,33,output/vein/frames/202207111318_38-Perf_00033.png,output/vein/masks/202207111318_38-Perf_00033.png,True
202207111318_38-Perf,34,output/vein/frames/202207111318_38-Perf_00034.png,output/vein/masks/202207111318_38-Perf_00034.png,True
202207111318_38-Perf,35,output/vein/frames/202207111318_38-Perf_00035.png,output/vein/masks/202207111318_38-Perf_00035.png,True
202207111318_38-Perf,36,output/vein/frames/202207111318_38-Perf_00036.png,output/vein/masks/202207111318_38-Perf_00036.png,True
202207111318_38-Perf,37,output/vein/frames/202207111318_38-Perf_00037.png,output/vein/masks/202207111318_38-Perf_00037.png,True
202207111318_38-Perf,38,output/vein/frames/202207111318_38-Perf_00038.png,output/vein/masks/202207111318_38-Perf_00038.png,True
202207111318_38-Perf,39,output/vein/frames/202207111318_38-Perf_00039.png,output/vein/masks/202207111318_38-Perf_00039.png,True
202207111318_38-Perf,40,output/vein/frames/202207111318_38-Perf_00040.png,output/vein/masks/202207111318_38-Perf_00040.png,True
202207111318_38-Perf,41,output/vein/frames/202207111318_38-Perf_00041.png,output/vein/masks/202207111318_38-Perf_00041.png,True
202207111318_38-Perf,42,output/vein/frames/202207111318_38-Perf_00042.png,output/vein/masks/202207111318_38-Perf_00042.png,True
202207111318_38-Perf,43,output/vein/frames/202207111318_38-Perf_00043.png,output/vein/masks/202207111318_38-Perf_00043.png,True
202207111318_38-Perf,44,output/vein/frames/202207111318_38-Perf_00044.png,output/vein/masks/202207111318_38-Perf_00044.png,True
202207111318_38-Perf,45,output/vein/frames/202207111318_38-Perf_00045.png,output/vein/masks/202207111318_38-Perf_00045.png,True
202207111318_38-Perf,46,output/vein/frames/202207111318_38-Perf_00046.png,output/vein/masks/202207111318_38-Perf_00046.png,True
202207111318_38-Perf,47,output/vein/frames/202207111318_38-Perf_00047.png,output/vein/masks/202207111318_38-Perf_00047.png,True
202207111318_38-Perf,48,output/vein/frames/202207111318_38-Perf_00048.png,output/vein/masks/202207111318_38-Perf_00048.png,True
202207111318_38-Perf,49,output/vein/frames/202207111318_38-Perf_00049.png,output/vein/masks/202207111318_38-Perf_00049.png,True
202207111318_38-Perf,50,output/vein/frames/202207111318_38-Perf_00050.png,output/vein/masks/202207111318_38-Perf_00050.png,True
202207111318_38-Perf,51,output/vein/frames/202207111318_38-Perf_00051.png,output/vein/masks/202207111318_38-Perf_00051.png,True
202207111318_38-Perf,52,output/vein/frames/202207111318_38-Perf_00052.png,output/vein/masks/202207111318_38-Perf_00052.png,True
202207111318_38-Perf,53,output/vein/frames/202207111318_38-Perf_00053.png,output/vein/masks/202207111318_38-Perf_00053.png,True
202207111318_38-Perf,54,output/vein/frames/202207111318_38-Perf_00054.png,output/vein/masks/202207111318_38-Perf_00054.png,True
202207111318_38-Perf,55,output/vein/frames/202207111318_38-Perf_00055.png,output/vein/masks/202207111318_38-Perf_00055.png,True
202207111318_38-Perf,56,output/vein/frames/202207111318_38-Perf_00056.png,output/vein/masks/202207111318_38-Perf_00056.png,True
202207111318_38-Perf,57,output/vein/frames/202207111318_38-Perf_00057.png,output/vein/masks/202207111318_38-Perf_00057.png,True
202207111318_38-Perf,58,output/vein/frames/202207111318_38-Perf_00058.png,output/vein/masks/202207111318_38-Perf_00058.png,True
202207111318_38-Perf,59,output/vein/frames/202207111318_38-Perf_00059.png,output/vein/masks/202207111318_38-Perf_00059.png,True
202207111318_38-Perf,60,output/vein/frames/202207111318_38-Perf_00060.png,output/vein/masks/202207111318_38-Perf_00060.png,True
202207111318_38-Perf,61,output/vein/frames/202207111318_38-Perf_00061.png,output/vein/masks/202207111318_38-Perf_00061.png,True
202207111318_38-Perf,62,output/vein/frames/202207111318_38-Perf_00062.png,output/vein/masks/202207111318_38-Perf_00062.png,True
202207111318_38-Perf,63,output/vein/frames/202207111318_38-Perf_00063.png,output/vein/masks/202207111318_38-Perf_00063.png,True
202207111318_38-Perf,64,output/vein/frames/202207111318_38-Perf_00064.png,output/vein/masks/202207111318_38-Perf_00064.png,False
202207111318_38-Perf,65,output/vein/frames/202207111318_38-Perf_00065.png,output/vein/masks/202207111318_38-Perf_00065.png,True
202207111318_38-Perf,66,output/vein/frames/202207111318_38-Perf_00066.png,output/vein/masks/202207111318_38-Perf_00066.png,False
202207111318_38-Perf,67,output/vein/frames/202207111318_38-Perf_00067.png,output/vein/masks/202207111318_38-Perf_00067.png,False
202207111318_38-Perf,68,output/vein/frames/202207111318_38-Perf_00068.png,output/vein/masks/202207111318_38-Perf_00068.png,False
202207111318_38-Perf,69,output/vein/frames/202207111318_38-Perf_00069.png,output/vein/masks/202207111318_38-Perf_00069.png,False
202207111318_38-Perf,70,output/vein/frames/202207111318_38-Perf_00070.png,output/vein/masks/202207111318_38-Perf_00070.png,False
202207111318_38-Perf,71,output/vein/frames/202207111318_38-Perf_00071.png,output/vein/masks/202207111318_38-Perf_00071.png,False
202207111318_38-Perf,72,output/vein/frames/202207111318_38-Perf_00072.png,output/vein/masks/202207111318_38-Perf_00072.png,False
202207111318_38-Perf,73,output/vein/frames/202207111318_38-Perf_00073.png,output/vein/masks/202207111318_38-Perf_00073.png,False
202207111318_38-Perf,74,output/vein/frames/202207111318_38-Perf_00074.png,output/vein/masks/202207111318_38-Perf_00074.png,False
202207111318_38-Perf,75,output/vein/frames/202207111318_38-Perf_00075.png,output/vein/masks/202207111318_38-Perf_00075.png,False
202207111318_38-Perf,76,output/vein/frames/202207111318_38-Perf_00076.png,output/vein/masks/202207111318_38-Perf_00076.png,True
202207111318_38-Perf,77,output/vein/frames/202207111318_38-Perf_00077.png,output/vein/masks/202207111318_38-Perf_00077.png,True
202207111318_38-Perf,78,output/vein/frames/202207111318_38-Perf_00078.png,output/vein/masks/202207111318_38-Perf_00078.png,True
202207111318_38-Perf,79,output/vein/frames/202207111318_38-Perf_00079.png,output/vein/masks/202207111318_38-Perf_00079.png,True
202207111318_38-Perf,80,output/vein/frames/202207111318_38-Perf_00080.png,output/vein/masks/202207111318_38-Perf_00080.png,True
202207111318_38-Perf,81,output/vein/frames/202207111318_38-Perf_00081.png,output/vein/masks/202207111318_38-Perf_00081.png,True
202207111318_38-Perf,82,output/vein/frames/202207111318_38-Perf_00082.png,output/vein/masks/202207111318_38-Perf_00082.png,True
202207111318_38-Perf,83,output/vein/frames/202207111318_38-Perf_00083.png,output/vein/masks/202207111318_38-Perf_00083.png,True
202207111318_38-Perf,84,output/vein/frames/202207111318_38-Perf_00084.png,output/vein/masks/202207111318_38-Perf_00084.png,True
202207111318_38-Perf,85,output/vein/frames/202207111318_38-Perf_00085.png,output/vein/masks/202207111318_38-Perf_00085.png,True
202207111318_38-Perf,86,output/vein/frames/202207111318_38-Perf_00086.png,output/vein/masks/202207111318_38-Perf_00086.png,True
202207111318_38-Perf,87,output/vein/frames/202207111318_38-Perf_00087.png,output/vein/masks/202207111318_38-Perf_00087.png,True
202207111318_38-Perf,88,output/vein/frames/202207111318_38-Perf_00088.png,output/vein/masks/202207111318_38-Perf_00088.png,True
202207111318_38-Perf,89,output/vein/frames/202207111318_38-Perf_00089.png,output/vein/masks/202207111318_38-Perf_00089.png,True
202207111318_38-Perf,90,output/vein/frames/202207111318_38-Perf_00090.png,output/vein/masks/202207111318_38-Perf_00090.png,True
202207111318_38-Perf,91,output/vein/frames/202207111318_38-Perf_00091.png,output/vein/masks/202207111318_38-Perf_00091.png,True
202207111318_38-Perf,92,output/vein/frames/202207111318_38-Perf_00092.png,output/vein/masks/202207111318_38-Perf_00092.png,True
202207111318_38-Perf,93,output/vein/frames/202207111318_38-Perf_00093.png,output/vein/masks/202207111318_38-Perf_00093.png,True
202207111318_38-Perf,94,output/vein/frames/202207111318_38-Perf_00094.png,output/vein/masks/202207111318_38-Perf_00094.png,True
202207111318_38-Perf,95,output/vein/frames/202207111318_38-Perf_00095.png,output/vein/masks/202207111318_38-Perf_00095.png,True
202207111318_38-Perf,96,output/vein/frames/202207111318_38-Perf_00096.png,output/vein/masks/202207111318_38-Perf_00096.png,True
202207111318_38-Perf,97,output/vein/frames/202207111318_38-Perf_00097.png,output/vein/masks/202207111318_38-Perf_00097.png,True
202207111318_38-Perf,98,output/vein/frames/202207111318_38-Perf_00098.png,output/vein/masks/202207111318_38-Perf_00098.png,True
202207111318_38-Perf,99,output/vein/frames/202207111318_38-Perf_00099.png,output/vein/masks/202207111318_38-Perf_00099.png,True
202207111318_38-Perf,100,output/vein/frames/202207111318_38-Perf_00100.png,output/vein/masks/202207111318_38-Perf_00100.png,True
202207111318_38-Perf,101,output/vein/frames/202207111318_38-Perf_00101.png,output/vein/masks/202207111318_38-Perf_00101.png,True
202207111318_38-Perf,102,output/vein/frames/202207111318_38-Perf_00102.png,output/vein/masks/202207111318_38-Perf_00102.png,True
202207111318_38-Perf,103,output/vein/frames/202207111318_38-Perf_00103.png,output/vein/masks/202207111318_38-Perf_00103.png,True
202207111318_38-Perf,104,output/vein/frames/202207111318_38-Perf_00104.png,output/vein/masks/202207111318_38-Perf_00104.png,True
202207111318_38-Perf,105,output/vein/frames/202207111318_38-Perf_00105.png,output/vein/masks/202207111318_38-Perf_00105.png,True
202207111318_38-Perf,106,output/vein/frames/202207111318_38-Perf_00106.png,output/vein/masks/202207111318_38-Perf_00106.png,True
202207111318_38-Perf,107,output/vein/frames/202207111318_38-Perf_00107.png,output/vein/masks/202207111318_38-Perf_00107.png,True
202207111318_38-Perf,108,output/vein/frames/202207111318_38-Perf_00108.png,output/vein/masks/202207111318_38-Perf_00108.png,True
202207111318_38-Perf,109,output/vein/frames/202207111318_38-Perf_00109.png,output/vein/masks/202207111318_38-Perf_00109.png,True
202207111318_38-Perf,110,output/vein/frames/202207111318_38-Perf_00110.png,output/vein/masks/202207111318_38-Perf_00110.png,True
202207111318_38-Perf,111,output/vein/frames/202207111318_38-Perf_00111.png,output/vein/masks/202207111318_38-Perf_00111.png,True
202207111318_38-Perf,112,output/vein/frames/202207111318_38-Perf_00112.png,output/vein/masks/202207111318_38-Perf_00112.png,True
202207111318_38-Perf,113,output/vein/frames/202207111318_38-Perf_00113.png,output/vein/masks/202207111318_38-Perf_00113.png,True
202207111318_38-Perf,114,output/vein/frames/202207111318_38-Perf_00114.png,output/vein/masks/202207111318_38-Perf_00114.png,True
202207111318_38-Perf,115,output/vein/frames/202207111318_38-Perf_00115.png,output/vein/masks/202207111318_38-Perf_00115.png,True
202207111318_38-Perf,116,output/vein/frames/202207111318_38-Perf_00116.png,output/vein/masks/202207111318_38-Perf_00116.png,True
202207111318_38-Perf,117,output/vein/frames/202207111318_38-Perf_00117.png,output/vein/masks/202207111318_38-Perf_00117.png,True
202207111318_38-Perf,118,output/vein/frames/202207111318_38-Perf_00118.png,output/vein/masks/202207111318_38-Perf_00118.png,True
202207111318_38-Perf,119,output/vein/frames/202207111318_38-Perf_00119.png,output/vein/masks/202207111318_38-Perf_00119.png,True
202207111318_38-Perf,120,output/vein/frames/202207111318_38-Perf_00120.png,output/vein/masks/202207111318_38-Perf_00120.png,True
202207111318_38-Perf,121,output/vein/frames/202207111318_38-Perf_00121.png,output/vein/masks/202207111318_38-Perf_00121.png,True
202207111318_38-Perf,122,output/vein/frames/202207111318_38-Perf_00122.png,output/vein/masks/202207111318_38-Perf_00122.png,True
202207111318_38-Perf,123,output/vein/frames/202207111318_38-Perf_00123.png,output/vein/masks/202207111318_38-Perf_00123.png,True
202207111318_38-Perf,124,output/vein/frames/202207111318_38-Perf_00124.png,output/vein/masks/202207111318_38-Perf_00124.png,True
202207111318_38-Perf,125,output/vein/frames/202207111318_38-Perf_00125.png,output/vein/masks/202207111318_38-Perf_00125.png,True
202207111318_38-Perf,126,output/vein/frames/202207111318_38-Perf_00126.png,output/vein/masks/202207111318_38-Perf_00126.png,True
202207111318_38-Perf,127,output/vein/frames/202207111318_38-Perf_00127.png,output/vein/masks/202207111318_38-Perf_00127.png,True
202207111318_38-Perf,128,output/vein/frames/202207111318_38-Perf_00128.png,output/vein/masks/202207111318_38-Perf_00128.png,True
202207111318_38-Perf,129,output/vein/frames/202207111318_38-Perf_00129.png,output/vein/masks/202207111318_38-Perf_00129.png,True
202207111318_38-Perf,130,output/vein/frames/202207111318_38-Perf_00130.png,output/vein/masks/202207111318_38-Perf_00130.png,True
202207111318_38-Perf,131,output/vein/frames/202207111318_38-Perf_00131.png,output/vein/masks/202207111318_38-Perf_00131.png,True
202207111318_38-Perf,132,output/vein/frames/202207111318_38-Perf_00132.png,output/vein/masks/202207111318_38-Perf_00132.png,True
202207111318_38-Perf,133,output/vein/frames/202207111318_38-Perf_00133.png,output/vein/masks/202207111318_38-Perf_00133.png,True
202207111318_38-Perf,134,output/vein/frames/202207111318_38-Perf_00134.png,output/vein/masks/202207111318_38-Perf_00134.png,True
202207111318_38-Perf,135,output/vein/frames/202207111318_38-Perf_00135.png,output/vein/masks/202207111318_38-Perf_00135.png,True
202207111318_38-Perf,136,output/vein/frames/202207111318_38-Perf_00136.png,output/vein/masks/202207111318_38-Perf_00136.png,False
202207111318_38-Perf,137,output/vein/frames/202207111318_38-Perf_00137.png,output/vein/masks/202207111318_38-Perf_00137.png,False
202207111318_38-Perf,138,output/vein/frames/202207111318_38-Perf_00138.png,output/vein/masks/202207111318_38-Perf_00138.png,True
202207111318_38-Perf,139,output/vein/frames/202207111318_38-Perf_00139.png,output/vein/masks/202207111318_38-Perf_00139.png,True
202207111318_38-Perf,140,output/vein/frames/202207111318_38-Perf_00140.png,output/vein/masks/202207111318_38-Perf_00140.png,True
202207111318_38-Perf,141,output/vein/frames/202207111318_38-Perf_00141.png,output/vein/masks/202207111318_38-Perf_00141.png,True
202207111318_38-Perf,142,output/vein/frames/202207111318_38-Perf_00142.png,output/vein/masks/202207111318_38-Perf_00142.png,True
202207111318_38-Perf,143,output/vein/frames/202207111318_38-Perf_00143.png,output/vein/masks/202207111318_38-Perf_00143.png,True
202207111318_38-Perf,144,output/vein/frames/202207111318_38-Perf_00144.png,output/vein/masks/202207111318_38-Perf_00144.png,True
202207111318_38-Perf,145,output/vein/frames/202207111318_38-Perf_00145.png,output/vein/masks/202207111318_38-Perf_00145.png,True
202207111318_38-Perf,146,output/vein/frames/202207111318_38-Perf_00146.png,output/vein/masks/202207111318_38-Perf_00146.png,True
202207111318_38-Perf,147,output/vein/frames/202207111318_38-Perf_00147.png,output/vein/masks/202207111318_38-Perf_00147.png,True
202207111318_38-Perf,148,output/vein/frames/202207111318_38-Perf_00148.png,output/vein/masks/202207111318_38-Perf_00148.png,True
202207111318_38-Perf,149,output/vein/frames/202207111318_38-Perf_00149.png,output/vein/masks/202207111318_38-Perf_00149.png,True
202207111318_38-Perf,150,output/vein/frames/202207111318_38-Perf_00150.png,output/vein/masks/202207111318_38-Perf_00150.png,True
202207111318_38-Perf,151,output/vein/frames/202207111318_38-Perf_00151.png,output/vein/masks/202207111318_38-Perf_00151.png,True
202207111318_38-Perf,152,output/vein/frames/202207111318_38-Perf_00152.png,output/vein/masks/202207111318_38-Perf_00152.png,True
202207111318_38-Perf,153,output/vein/frames/202207111318_38-Perf_00153.png,output/vein/masks/202207111318_38-Perf_00153.png,True
202207111318_38-Perf,154,output/vein/frames/202207111318_38-Perf_00154.png,output/vein/masks/202207111318_38-Perf_00154.png,True
202207111318_38-Perf,155,output/vein/frames/202207111318_38-Perf_00155.png,output/vein/masks/202207111318_38-Perf_00155.png,True
202207111318_38-Perf,156,output/vein/frames/202207111318_38-Perf_00156.png,output/vein/masks/202207111318_38-Perf_00156.png,True
202207111318_38-Perf,157,output/vein/frames/202207111318_38-Perf_00157.png,output/vein/masks/202207111318_38-Perf_00157.png,True
202207111318_38-Perf,158,output/vein/frames/202207111318_38-Perf_00158.png,output/vein/masks/202207111318_38-Perf_00158.png,True
202207111318_38-Perf,159,output/vein/frames/202207111318_38-Perf_00159.png,output/vein/masks/202207111318_38-Perf_00159.png,True
202207111318_38-Perf,160,output/vein/frames/202207111318_38-Perf_00160.png,output/vein/masks/202207111318_38-Perf_00160.png,True
202207111318_38-Perf,161,output/vein/frames/202207111318_38-Perf_00161.png,output/vein/masks/202207111318_38-Perf_00161.png,True
202207111318_38-Perf,162,output/vein/frames/202207111318_38-Perf_00162.png,output/vein/masks/202207111318_38-Perf_00162.png,True
202207111318_38-Perf,163,output/vein/frames/202207111318_38-Perf_00163.png,output/vein/masks/202207111318_38-Perf_00163.png,True
202207111318_38-Perf,164,output/vein/frames/202207111318_38-Perf_00164.png,output/vein/masks/202207111318_38-Perf_00164.png,True
202207111318_38-Perf,165,output/vein/frames/202207111318_38-Perf_00165.png,output/vein/masks/202207111318_38-Perf_00165.png,True
202207111318_38-Perf,166,output/vein/frames/202207111318_38-Perf_00166.png,output/vein/masks/202207111318_38-Perf_00166.png,False
202207111318_38-Perf,167,output/vein/frames/202207111318_38-Perf_00167.png,output/vein/masks/202207111318_38-Perf_00167.png,False
202207111318_38-Perf,168,output/vein/frames/202207111318_38-Perf_00168.png,output/vein/masks/202207111318_38-Perf_00168.png,False
202207111318_38-Perf,169,output/vein/frames/202207111318_38-Perf_00169.png,output/vein/masks/202207111318_38-Perf_00169.png,False
202207111318_38-Perf,170,output/vein/frames/202207111318_38-Perf_00170.png,output/vein/masks/202207111318_38-Perf_00170.png,False
202207111318_38-Perf,171,output/vein/frames/202207111318_38-Perf_00171.png,output/vein/masks/202207111318_38-Perf_00171.png,True
202207111318_38-Perf,172,output/vein/frames/202207111318_38-Perf_00172.png,output/vein/masks/202207111318_38-Perf_00172.png,True
202207111318_38-Perf,173,output/vein/frames/202207111318_38-Perf_00173.png,output/vein/masks/202207111318_38-Perf_00173.png,True
202207111318_38-Perf,174,output/vein/frames/202207111318_38-Perf_00174.png,output/vein/masks/202207111318_38-Perf_00174.png,True
202207111318_38-Perf,175,output/vein/frames/202207111318_38-Perf_00175.png,output/vein/masks/202207111318_38-Perf_00175.png,True
202207111318_38-Perf,176,output/vein/frames/202207111318_38-Perf_00176.png,output/vein/masks/202207111318_38-Perf_00176.png,False
202207111318_38-Perf,177,output/vein/frames/202207111318_38-Perf_00177.png,output/vein/masks/202207111318_38-Perf_00177.png,False
202207111318_38-Perf,178,output/vein/frames/202207111318_38-Perf_00178.png,output/vein/masks/202207111318_38-Perf_00178.png,False
202207111318_38-Perf,179,output/vein/frames/202207111318_38-Perf_00179.png,output/vein/masks/202207111318_38-Perf_00179.png,True
202207111318_38-Perf,180,output/vein/frames/202207111318_38-Perf_00180.png,output/vein/masks/202207111318_38-Perf_00180.png,True
202207111318_38-Perf,181,output/vein/frames/202207111318_38-Perf_00181.png,output/vein/masks/202207111318_38-Perf_00181.png,True
202207111318_38-Perf,182,output/vein/frames/202207111318_38-Perf_00182.png,output/vein/masks/202207111318_38-Perf_00182.png,True
202207111318_38-Perf,183,output/vein/frames/202207111318_38-Perf_00183.png,output/vein/masks/202207111318_38-Perf_00183.png,True
202207111318_38-Perf,184,output/vein/frames/202207111318_38-Perf_00184.png,output/vein/masks/202207111318_38-Perf_00184.png,True
202207111318_38-Perf,185,output/vein/frames/202207111318_38-Perf_00185.png,output/vein/masks/202207111318_38-Perf_00185.png,True
202207111318_38-Perf,186,output/vein/frames/202207111318_38-Perf_00186.png,output/vein/masks/202207111318_38-Perf_00186.png,True
202207111318_38-Perf,187,output/vein/frames/202207111318_38-Perf_00187.png,output/vein/masks/202207111318_38-Perf_00187.png,True
202207111318_38-Perf,188,output/vein/frames/202207111318_38-Perf_00188.png,output/vein/masks/202207111318_38-Perf_00188.png,True
202207111318_38-Perf,189,output/vein/frames/202207111318_38-Perf_00189.png,output/vein/masks/202207111318_38-Perf_00189.png,True
202207111318_38-Perf,190,output/vein/frames/202207111318_38-Perf_00190.png,output/vein/masks/202207111318_38-Perf_00190.png,True
202207111318_38-Perf,191,output/vein/frames/202207111318_38-Perf_00191.png,output/vein/masks/202207111318_38-Perf_00191.png,True
202207111318_38-Perf,192,output/vein/frames/202207111318_38-Perf_00192.png,output/vein/masks/202207111318_38-Perf_00192.png,True
202207111318_38-Perf,193,output/vein/frames/202207111318_38-Perf_00193.png,output/vein/masks/202207111318_38-Perf_00193.png,True
202207111318_38-Perf,194,output/vein/frames/202207111318_38-Perf_00194.png,output/vein/masks/202207111318_38-Perf_00194.png,True
202207111318_38-Perf,195,output/vein/frames/202207111318_38-Perf_00195.png,output/vein/masks/202207111318_38-Perf_00195.png,True
202207111318_38-Perf,196,output/vein/frames/202207111318_38-Perf_00196.png,output/vein/masks/202207111318_38-Perf_00196.png,True
202207111318_38-Perf,197,output/vein/frames/202207111318_38-Perf_00197.png,output/vein/masks/202207111318_38-Perf_00197.png,True
202207111318_38-Perf,198,output/vein/frames/202207111318_38-Perf_00198.png,output/vein/masks/202207111318_38-Perf_00198.png,True
202207111318_38-Perf,199,output/vein/frames/202207111318_38-Perf_00199.png,output/vein/masks/202207111318_38-Perf_00199.png,True
202207111318_38-Perf,200,output/vein/frames/202207111318_38-Perf_00200.png,output/vein/masks/202207111318_38-Perf_00200.png,True
202207111318_38-Perf,201,output/vein/frames/202207111318_38-Perf_00201.png,output/vein/masks/202207111318_38-Perf_00201.png,True
202207111318_38-Perf,202,output/vein/frames/202207111318_38-Perf_00202.png,output/vein/masks/202207111318_38-Perf_00202.png,True
202207111318_38-Perf,203,output/vein/frames/202207111318_38-Perf_00203.png,output/vein/masks/202207111318_38-Perf_00203.png,True
202207111318_38-Perf,204,output/vein/frames/202207111318_38-Perf_00204.png,output/vein/masks/202207111318_38-Perf_00204.png,True
202207111318_38-Perf,205,output/vein/frames/202207111318_38-Perf_00205.png,output/vein/masks/202207111318_38-Perf_00205.png,True
202207111318_38-Perf,206,output/vein/frames/202207111318_38-Perf_00206.png,output/vein/masks/202207111318_38-Perf_00206.png,True
202207111318_38-Perf,207,output/vein/frames/202207111318_38-Perf_00207.png,output/vein/masks/202207111318_38-Perf_00207.png,True
202207111318_38-Perf,208,output/vein/frames/202207111318_38-Perf_00208.png,output/vein/masks/202207111318_38-Perf_00208.png,True
202207111318_38-Perf,209,output/vein/frames/202207111318_38-Perf_00209.png,output/vein/masks/202207111318_38-Perf_00209.png,False
202207111318_38-Perf,210,output/vein/frames/202207111318_38-Perf_00210.png,output/vein/masks/202207111318_38-Perf_00210.png,False
202207111318_38-Perf,211,output/vein/frames/202207111318_38-Perf_00211.png,output/vein/masks/202207111318_38-Perf_00211.png,False
202207111318_38-Perf,212,output/vein/frames/202207111318_38-Perf_00212.png,output/vein/masks/202207111318_38-Perf_00212.png,True
202207111318_38-Perf,213,output/vein/frames/202207111318_38-Perf_00213.png,output/vein/masks/202207111318_38-Perf_00213.png,True
202207111318_38-Perf,214,output/vein/frames/202207111318_38-Perf_00214.png,output/vein/masks/202207111318_38-Perf_00214.png,True
202207111318_38-Perf,215,output/vein/frames/202207111318_38-Perf_00215.png,output/vein/masks/202207111318_38-Perf_00215.png,False
202207111318_38-Perf,216,output/vein/frames/202207111318_38-Perf_00216.png,output/vein/masks/202207111318_38-Perf_00216.png,False
202207111318_38-Perf,217,output/vein/frames/202207111318_38-Perf_00217.png,output/vein/masks/202207111318_38-Perf_00217.png,False
202207111318_38-Perf,218,output/vein/frames/202207111318_38-Perf_00218.png,output/vein/masks/202207111318_38-Perf_00218.png,False
202207111318_38-Perf,219,output/vein/frames/202207111318_38-Perf_00219.png,output/vein/masks/202207111318_38-Perf_00219.png,False
202207111318_38-Perf,220,output/vein/frames/202207111318_38-Perf_00220.png,output/vein/masks/202207111318_38-Perf_00220.png,False
202207111318_38-Perf,221,output/vein/frames/202207111318_38-Perf_00221.png,output/vein/masks/202207111318_38-Perf_00221.png,False
202207111318_38-Perf,222,output/vein/frames/202207111318_38-Perf_00222.png,output/vein/masks/202207111318_38-Perf_00222.png,False
202207111318_38-Perf,223,output/vein/frames/202207111318_38-Perf_00223.png,output/vein/masks/202207111318_38-Perf_00223.png,False
202207111318_38-Perf,224,output/vein/frames/202207111318_38-Perf_00224.png,output/vein/masks/202207111318_38-Perf_00224.png,False
202207111318_38-Perf,225,output/vein/frames/202207111318_38-Perf_00225.png,output/vein/masks/202207111318_38-Perf_00225.png,False
202207111318_38-Perf,226,output/vein/frames/202207111318_38-Perf_00226.png,output/vein/masks/202207111318_38-Perf_00226.png,False
202207111318_38-Perf,227,output/vein/frames/202207111318_38-Perf_00227.png,output/vein/masks/202207111318_38-Perf_00227.png,False
202207111318_38-Perf,228,output/vein/frames/202207111318_38-Perf_00228.png,output/vein/masks/202207111318_38-Perf_00228.png,False
202207111318_38-Perf,229,output/vein/frames/202207111318_38-Perf_00229.png,output/vein/masks/202207111318_38-Perf_00229.png,False
202207111318_38-Perf,230,output/vein/frames/202207111318_38-Perf_00230.png,output/vein/masks/202207111318_38-Perf_00230.png,False
202207111318_38-Perf,231,output/vein/frames/202207111318_38-Perf_00231.png,output/vein/masks/202207111318_38-Perf_00231.png,False
202207111318_38-Perf,232,output/vein/frames/202207111318_38-Perf_00232.png,output/vein/masks/202207111318_38-Perf_00232.png,False
202207111318_38-Perf,233,output/vein/frames/202207111318_38-Perf_00233.png,output/vein/masks/202207111318_38-Perf_00233.png,False
202207111318_38-Perf,234,output/vein/frames/202207111318_38-Perf_00234.png,output/vein/masks/202207111318_38-Perf_00234.png,False
202207111318_38-Perf,235,output/vein/frames/202207111318_38-Perf_00235.png,output/vein/masks/202207111318_38-Perf_00235.png,False
202207111318_38-Perf,236,output/vein/frames/202207111318_38-Perf_00236.png,output/vein/masks/202207111318_38-Perf_00236.png,False
202207111318_38-Perf,237,output/vein/frames/202207111318_38-Perf_00237.png,output/vein/masks/202207111318_38-Perf_00237.png,False
202207111318_38-Perf,238,output/vein/frames/202207111318_38-Perf_00238.png,output/vein/masks/202207111318_38-Perf_00238.png,False
202207111318_38-Perf,239,output/vein/frames/202207111318_38-Perf_00239.png,output/vein/masks/202207111318_38-Perf_00239.png,False
202207111318_38-Perf,240,output/vein/frames/202207111318_38-Perf_00240.png,output/vein/masks/202207111318_38-Perf_00240.png,False
202207111318_38-Perf,241,output/vein/frames/202207111318_38-Perf_00241.png,output/vein/masks/202207111318_38-Perf_00241.png,False
202207111318_38-Perf,242,output/vein/frames/202207111318_38-Perf_00242.png,output/vein/masks/202207111318_38-Perf_00242.png,True
202207111318_38-Perf,243,output/vein/frames/202207111318_38-Perf_00243.png,output/vein/masks/202207111318_38-Perf_00243.png,True
202207111318_38-Perf,244,output/vein/frames/202207111318_38-Perf_00244.png,output/vein/masks/202207111318_38-Perf_00244.png,True
202207111318_38-Perf,245,output/vein/frames/202207111318_38-Perf_00245.png,output/vein/masks/202207111318_38-Perf_00245.png,True
202207111318_38-Perf,246,output/vein/frames/202207111318_38-Perf_00246.png,output/vein/masks/202207111318_38-Perf_00246.png,True
202207111318_38-Perf,247,output/vein/frames/202207111318_38-Perf_00247.png,output/vein/masks/202207111318_38-Perf_00247.png,True
202207111318_38-Perf,248,output/vein/frames/202207111318_38-Perf_00248.png,output/vein/masks/202207111318_38-Perf_00248.png,False
202207111318_38-Perf,249,output/vein/frames/202207111318_38-Perf_00249.png,output/vein/masks/202207111318_38-Perf_00249.png,True
202207111318_38-Perf,250,output/vein/frames/202207111318_38-Perf_00250.png,output/vein/masks/202207111318_38-Perf_00250.png,True
202207111318_38-Perf,251,output/vein/frames/202207111318_38-Perf_00251.png,output/vein/masks/202207111318_38-Perf_00251.png,True
202207111318_38-Perf,252,output/vein/frames/202207111318_38-Perf_00252.png,output/vein/masks/202207111318_38-Perf_00252.png,True
202207111318_38-Perf,253,output/vein/frames/202207111318_38-Perf_00253.png,output/vein/masks/202207111318_38-Perf_00253.png,True
202207111318_38-Perf,254,output/vein/frames/202207111318_38-Perf_00254.png,output/vein/masks/202207111318_38-Perf_00254.png,True
202207111318_38-Perf,255,output/vein/frames/202207111318_38-Perf_00255.png,output/vein/masks/202207111318_38-Perf_00255.png,True
202207111318_38-Perf,256,output/vein/frames/202207111318_38-Perf_00256.png,output/vein/masks/202207111318_38-Perf_00256.png,True
202207111318_38-Perf,257,output/vein/frames/202207111318_38-Perf_00257.png,output/vein/masks/202207111318_38-Perf_00257.png,True
202207111318_38-Perf,258,output/vein/frames/202207111318_38-Perf_00258.png,output/vein/masks/202207111318_38-Perf_00258.png,True
202207111318_38-Perf,259,output/vein/frames/202207111318_38-Perf_00259.png,output/vein/masks/202207111318_38-Perf_00259.png,True
202207111318_38-Perf,260,output/vein/frames/202207111318_38-Perf_00260.png,output/vein/masks/202207111318_38-Perf_00260.png,True
202207111318_38-Perf,261,output/vein/frames/202207111318_38-Perf_00261.png,output/vein/masks/202207111318_38-Perf_00261.png,True
202207111318_38-Perf,262,output/vein/frames/202207111318_38-Perf_00262.png,output/vein/masks/202207111318_38-Perf_00262.png,True
202207111318_38-Perf,263,output/vein/frames/202207111318_38-Perf_00263.png,output/vein/masks/202207111318_38-Perf_00263.png,True
202207111318_38-Perf,264,output/vein/frames/202207111318_38-Perf_00264.png,output/vein/masks/202207111318_38-Perf_00264.png,True
202207111318_38-Perf,265,output/vein/frames/202207111318_38-Perf_00265.png,output/vein/masks/202207111318_38-Perf_00265.png,True
202207111318_38-Perf,266,output/vein/frames/202207111318_38-Perf_00266.png,output/vein/masks/202207111318_38-Perf_00266.png,True
202207111318_38-Perf,267,output/vein/frames/202207111318_38-Perf_00267.png,output/vein/masks/202207111318_38-Perf_00267.png,True
202207111318_38-Perf,268,output/vein/frames/202207111318_38-Perf_00268.png,output/vein/masks/202207111318_38-Perf_00268.png,True
202207111318_38-Perf,269,output/vein/frames/202207111318_38-Perf_00269.png,output/vein/masks/202207111318_38-Perf_00269.png,True
202207111318_38-Perf,270,output/vein/frames/202207111318_38-Perf_00270.png,output/vein/masks/202207111318_38-Perf_00270.png,True
202207111318_38-Perf,271,output/vein/frames/202207111318_38-Perf_00271.png,output/vein/masks/202207111318_38-Perf_00271.png,True
202207111318_38-Perf,272,output/vein/frames/202207111318_38-Perf_00272.png,output/vein/masks/202207111318_38-Perf_00272.png,True
202207111318_38-Perf,273,output/vein/frames/202207111318_38-Perf_00273.png,output/vein/masks/202207111318_38-Perf_00273.png,True
202207111318_38-Perf,274,output/vein/frames/202207111318_38-Perf_00274.png,output/vein/masks/202207111318_38-Perf_00274.png,True
202207111318_38-Perf,275,output/vein/frames/202207111318_38-Perf_00275.png,output/vein/masks/202207111318_38-Perf_00275.png,True
202207111318_38-Perf,276,output/vein/frames/202207111318_38-Perf_00276.png,output/vein/masks/202207111318_38-Perf_00276.png,True
202207111318_38-Perf,277,output/vein/frames/202207111318_38-Perf_00277.png,output/vein/masks/202207111318_38-Perf_00277.png,True
202207111318_38-Perf,278,output/vein/frames/202207111318_38-Perf_00278.png,output/vein/masks/202207111318_38-Perf_00278.png,True
202207111318_38-Perf,279,output/vein/frames/202207111318_38-Perf_00279.png,output/vein/masks/202207111318_38-Perf_00279.png,True
202207111318_38-Perf,280,output/vein/frames/202207111318_38-Perf_00280.png,output/vein/masks/202207111318_38-Perf_00280.png,True
202207111318_38-Perf,281,output/vein/frames/202207111318_38-Perf_00281.png,output/vein/masks/202207111318_38-Perf_00281.png,True
202207111318_38-Perf,282,output/vein/frames/202207111318_38-Perf_00282.png,output/vein/masks/202207111318_38-Perf_00282.png,True
202207111318_38-Perf,283,output/vein/frames/202207111318_38-Perf_00283.png,output/vein/masks/202207111318_38-Perf_00283.png,True
202207111318_38-Perf,284,output/vein/frames/202207111318_38-Perf_00284.png,output/vein/masks/202207111318_38-Perf_00284.png,True
202207111318_38-Perf,285,output/vein/frames/202207111318_38-Perf_00285.png,output/vein/masks/202207111318_38-Perf_00285.png,True
202207111318_38-Perf,286,output/vein/frames/202207111318_38-Perf_00286.png,output/vein/masks/202207111318_38-Perf_00286.png,True
202207111318_38-Perf,287,output/vein/frames/202207111318_38-Perf_00287.png,output/vein/masks/202207111318_38-Perf_00287.png,True
202207111318_38-Perf,288,output/vein/frames/202207111318_38-Perf_00288.png,output/vein/masks/202207111318_38-Perf_00288.png,True
202207111318_38-Perf,289,output/vein/frames/202207111318_38-Perf_00289.png,output/vein/masks/202207111318_38-Perf_00289.png,True
202207111318_38-Perf,290,output/vein/frames/202207111318_38-Perf_00290.png,output/vein/masks/202207111318_38-Perf_00290.png,True
202207111318_38-Perf,291,output/vein/frames/202207111318_38-Perf_00291.png,output/vein/masks/202207111318_38-Perf_00291.png,True
202207111318_38-Perf,292,output/vein/frames/202207111318_38-Perf_00292.png,output/vein/masks/202207111318_38-Perf_00292.png,True
202207111318_38-Perf,293,output/vein/frames/202207111318_38-Perf_00293.png,output/vein/masks/202207111318_38-Perf_00293.png,True
202207111318_38-Perf,294,output/vein/frames/202207111318_38-Perf_00294.png,output/vein/masks/202207111318_38-Perf_00294.png,True
202207111318_38-Perf,295,output/vein/frames/202207111318_38-Perf_00295.png,output/vein/masks/202207111318_38-Perf_00295.png,True
202207111318_38-Perf,296,output/vein/frames/202207111318_38-Perf_00296.png,output/vein/masks/202207111318_38-Perf_00296.png,True
202207111318_38-Perf,297,output/vein/frames/202207111318_38-Perf_00297.png,output/vein/masks/202207111318_38-Perf_00297.png,True
202207111318_38-Perf,298,output/vein/frames/202207111318_38-Perf_00298.png,output/vein/masks/202207111318_38-Perf_00298.png,True
202207111318_38-Perf,299,output/vein/frames/202207111318_38-Perf_00299.png,output/vein/masks/202207111318_38-Perf_00299.png,True
202207111318_38-Perf,300,output/vein/frames/202207111318_38-Perf_00300.png,output/vein/masks/202207111318_38-Perf_00300.png,True
202207111318_38-Perf,301,output/vein/frames/202207111318_38-Perf_00301.png,output/vein/masks/202207111318_38-Perf_00301.png,True
202207111318_38-Perf,302,output/vein/frames/202207111318_38-Perf_00302.png,output/vein/masks/202207111318_38-Perf_00302.png,True
202207111318_38-Perf,303,output/vein/frames/202207111318_38-Perf_00303.png,output/vein/masks/202207111318_38-Perf_00303.png,True
202207111318_38-Perf,304,output/vein/frames/202207111318_38-Perf_00304.png,output/vein/masks/202207111318_38-Perf_00304.png,True
202207111318_38-Perf,305,output/vein/frames/202207111318_38-Perf_00305.png,output/vein/masks/202207111318_38-Perf_00305.png,True
202207111318_38-Perf,306,output/vein/frames/202207111318_38-Perf_00306.png,output/vein/masks/202207111318_38-Perf_00306.png,True
202207111318_38-Perf,307,output/vein/frames/202207111318_38-Perf_00307.png,output/vein/masks/202207111318_38-Perf_00307.png,True
202207111318_38-Perf,308,output/vein/frames/202207111318_38-Perf_00308.png,output/vein/masks/202207111318_38-Perf_00308.png,True
202207111318_38-Perf,309,output/vein/frames/202207111318_38-Perf_00309.png,output/vein/masks/202207111318_38-Perf_00309.png,True
202207111318_38-Perf,310,output/vein/frames/202207111318_38-Perf_00310.png,output/vein/masks/202207111318_38-Perf_00310.png,True
202207111318_38-Perf,311,output/vein/frames/202207111318_38-Perf_00311.png,output/vein/masks/202207111318_38-Perf_00311.png,True
202207111318_38-Perf,312,output/vein/frames/202207111318_38-Perf_00312.png,output/vein/masks/202207111318_38-Perf_00312.png,True
202207111318_38-Perf,313,output/vein/frames/202207111318_38-Perf_00313.png,output/vein/masks/202207111318_38-Perf_00313.png,True
202207111318_38-Perf,314,output/vein/frames/202207111318_38-Perf_00314.png,output/vein/masks/202207111318_38-Perf_00314.png,True
202207111318_38-Perf,315,output/vein/frames/202207111318_38-Perf_00315.png,output/vein/masks/202207111318_38-Perf_00315.png,True
202207111318_38-Perf,316,output/vein/frames/202207111318_38-Perf_00316.png,output/vein/masks/202207111318_38-Perf_00316.png,True
202207111318_38-Perf,317,output/vein/frames/202207111318_38-Perf_00317.png,output/vein/masks/202207111318_38-Perf_00317.png,True
202207111318_38-Perf,318,output/vein/frames/202207111318_38-Perf_00318.png,output/vein/masks/202207111318_38-Perf_00318.png,True
202207111318_38-Perf,319,output/vein/frames/202207111318_38-Perf_00319.png,output/vein/masks/202207111318_38-Perf_00319.png,True
202207111318_38-Perf,320,output/vein/frames/202207111318_38-Perf_00320.png,output/vein/masks/202207111318_38-Perf_00320.png,True
202207111318_38-Perf,321,output/vein/frames/202207111318_38-Perf_00321.png,output/vein/masks/202207111318_38-Perf_00321.png,True
202207111318_38-Perf,322,output/vein/frames/202207111318_38-Perf_00322.png,output/vein/masks/202207111318_38-Perf_00322.png,True
202207111318_38-Perf,323,output/vein/frames/202207111318_38-Perf_00323.png,output/vein/masks/202207111318_38-Perf_00323.png,True
202207111318_38-Perf,324,output/vein/frames/202207111318_38-Perf_00324.png,output/vein/masks/202207111318_38-Perf_00324.png,True
202207111318_38-Perf,325,output/vein/frames/202207111318_38-Perf_00325.png,output/vein/masks/202207111318_38-Perf_00325.png,True
202207111318_38-Perf,326,output/vein/frames/202207111318_38-Perf_00326.png,output/vein/masks/202207111318_38-Perf_00326.png,True
202207111318_38-Perf,327,output/vein/frames/202207111318_38-Perf_00327.png,output/vein/masks/202207111318_38-Perf_00327.png,True
202207111318_38-Perf,328,output/vein/frames/202207111318_38-Perf_00328.png,output/vein/masks/202207111318_38-Perf_00328.png,True
202207111318_38-Perf,329,output/vein/frames/202207111318_38-Perf_00329.png,output/vein/masks/202207111318_38-Perf_00329.png,True
202207111318_38-Perf,330,output/vein/frames/202207111318_38-Perf_00330.png,output/vein/masks/202207111318_38-Perf_00330.png,True
202207111318_38-Perf,331,output/vein/frames/202207111318_38-Perf_00331.png,output/vein/masks/202207111318_38-Perf_00331.png,True
202207111318_38-Perf,332,output/vein/frames/202207111318_38-Perf_00332.png,output/vein/masks/202207111318_38-Perf_00332.png,True
202207111318_38-Perf,333,output/vein/frames/202207111318_38-Perf_00333.png,output/vein/masks/202207111318_38-Perf_00333.png,True
202207111318_38-Perf,334,output/vein/frames/202207111318_38-Perf_00334.png,output/vein/masks/202207111318_38-Perf_00334.png,True
202207111318_38-Perf,335,output/vein/frames/202207111318_38-Perf_00335.png,output/vein/masks/202207111318_38-Perf_00335.png,True
202207111318_38-Perf,336,output/vein/frames/202207111318_38-Perf_00336.png,output/vein/masks/202207111318_38-Perf_00336.png,True
202207111318_38-Perf,337,output/vein/frames/202207111318_38-Perf_00337.png,output/vein/masks/202207111318_38-Perf_00337.png,True
202207111318_38-Perf,338,output/vein/frames/202207111318_38-Perf_00338.png,output/vein/masks/202207111318_38-Perf_00338.png,True
202207111318_38-Perf,339,output/vein/frames/202207111318_38-Perf_00339.png,output/vein/masks/202207111318_38-Perf_00339.png,True
202207111318_38-Perf,340,output/vein/frames/202207111318_38-Perf_00340.png,output/vein/masks/202207111318_38-Perf_00340.png,True
202207111318_38-Perf,341,output/vein/frames/202207111318_38-Perf_00341.png,output/vein/masks/202207111318_38-Perf_00341.png,True
202207111318_38-Perf,342,output/vein/frames/202207111318_38-Perf_00342.png,output/vein/masks/202207111318_38-Perf_00342.png,True
202207111318_38-Perf,343,output/vein/frames/202207111318_38-Perf_00343.png,output/vein/masks/202207111318_38-Perf_00343.png,True
202207111318_38-Perf,344,output/vein/frames/202207111318_38-Perf_00344.png,output/vein/masks/202207111318_38-Perf_00344.png,True
202207111318_38-Perf,345,output/vein/frames/202207111318_38-Perf_00345.png,output/vein/masks/202207111318_38-Perf_00345.png,True
202207111318_38-Perf,346,output/vein/frames/202207111318_38-Perf_00346.png,output/vein/masks/202207111318_38-Perf_00346.png,True
202207111318_38-Perf,347,output/vein/frames/202207111318_38-Perf_00347.png,output/vein/masks/202207111318_38-Perf_00347.png,True
202207111318_38-Perf,348,output/vein/frames/202207111318_38-Perf_00348.png,output/vein/masks/202207111318_38-Perf_00348.png,True
202207111318_38-Perf,349,output/vein/frames/202207111318_38-Perf_00349.png,output/vein/masks/202207111318_38-Perf_00349.png,True
202207111318_38-Perf,350,output/vein/frames/202207111318_38-Perf_00350.png,output/vein/masks/202207111318_38-Perf_00350.png,True
202207111318_38-Perf,351,output/vein/frames/202207111318_38-Perf_00351.png,output/vein/masks/202207111318_38-Perf_00351.png,True
202207111318_38-Perf,352,output/vein/frames/202207111318_38-Perf_00352.png,output/vein/masks/202207111318_38-Perf_00352.png,True
202207111318_38-Perf,353,output/vein/frames/202207111318_38-Perf_00353.png,output/vein/masks/202207111318_38-Perf_00353.png,True
202207111318_38-Perf,354,output/vein/frames/202207111318_38-Perf_00354.png,output/vein/masks/202207111318_38-Perf_00354.png,True
202207111318_38-Perf,355,output/vein/frames/202207111318_38-Perf_00355.png,output/vein/masks/202207111318_38-Perf_00355.png,True
202207111318_38-Perf,356,output/vein/frames/202207111318_38-Perf_00356.png,output/vein/masks/202207111318_38-Perf_00356.png,True
202207111318_38-Perf,357,output/vein/frames/202207111318_38-Perf_00357.png,output/vein/masks/202207111318_38-Perf_00357.png,True
202207111318_38-Perf,358,output/vein/frames/202207111318_38-Perf_00358.png,output/vein/masks/202207111318_38-Perf_00358.png,True
202207111318_38-Perf,359,output/vein/frames/202207111318_38-Perf_00359.png,output/vein/masks/202207111318_38-Perf_00359.png,True
202207111318_38-Perf,360,output/vein/frames/202207111318_38-Perf_00360.png,output/vein/masks/202207111318_38-Perf_00360.png,True
202207111318_38-Perf,361,output/vein/frames/202207111318_38-Perf_00361.png,output/vein/masks/202207111318_38-Perf_00361.png,True
202207111318_38-Perf,362,output/vein/frames/202207111318_38-Perf_00362.png,output/vein/masks/202207111318_38-Perf_00362.png,True
202207111318_38-Perf,363,output/vein/frames/202207111318_38-Perf_00363.png,output/vein/masks/202207111318_38-Perf_00363.png,True
202207111318_38-Perf,364,output/vein/frames/202207111318_38-Perf_00364.png,output/vein/masks/202207111318_38-Perf_00364.png,True
202207111318_38-Perf,365,output/vein/frames/202207111318_38-Perf_00365.png,output/vein/masks/202207111318_38-Perf_00365.png,True
202207111318_38-Perf,366,output/vein/frames/202207111318_38-Perf_00366.png,output/vein/masks/202207111318_38-Perf_00366.png,True
202207111318_38-Perf,367,output/vein/frames/202207111318_38-Perf_00367.png,output/vein/masks/202207111318_38-Perf_00367.png,True
202207111318_38-Perf,368,output/vein/frames/202207111318_38-Perf_00368.png,output/vein/masks/202207111318_38-Perf_00368.png,True
202207111318_38-Perf,369,output/vein/frames/202207111318_38-Perf_00369.png,output/vein/masks/202207111318_38-Perf_00369.png,True
202207111318_38-Perf,370,output/vein/frames/202207111318_38-Perf_00370.png,output/vein/masks/202207111318_38-Perf_00370.png,True
202207111318_38-Perf,371,output/vein/frames/202207111318_38-Perf_00371.png,output/vein/masks/202207111318_38-Perf_00371.png,True
202207111318_38-Perf,372,output/vein/frames/202207111318_38-Perf_00372.png,output/vein/masks/202207111318_38-Perf_00372.png,True
202207111318_38-Perf,373,output/vein/frames/202207111318_38-Perf_00373.png,output/vein/masks/202207111318_38-Perf_00373.png,True
202207111318_38-Perf,374,output/vein/frames/202207111318_38-Perf_00374.png,output/vein/masks/202207111318_38-Perf_00374.png,True
202207111318_38-Perf,375,output/vein/frames/202207111318_38-Perf_00375.png,output/vein/masks/202207111318_38-Perf_00375.png,True
202207111318_38-Perf,376,output/vein/frames/202207111318_38-Perf_00376.png,output/vein/masks/202207111318_38-Perf_00376.png,True
202207111318_38-Perf,377,output/vein/frames/202207111318_38-Perf_00377.png,output/vein/masks/202207111318_38-Perf_00377.png,True
202207111318_38-Perf,378,output/vein/frames/202207111318_38-Perf_00378.png,output/vein/masks/202207111318_38-Perf_00378.png,True
202207111318_38-Perf,379,output/vein/frames/202207111318_38-Perf_00379.png,output/vein/masks/202207111318_38-Perf_00379.png,True
202207111318_38-Perf,380,output/vein/frames/202207111318_38-Perf_00380.png,output/vein/masks/202207111318_38-Perf_00380.png,True
202207111318_38-Perf,381,output/vein/frames/202207111318_38-Perf_00381.png,output/vein/masks/202207111318_38-Perf_00381.png,True
202207111318_38-Perf,382,output/vein/frames/202207111318_38-Perf_00382.png,output/vein/masks/202207111318_38-Perf_00382.png,True
202207111318_38-Perf,383,output/vein/frames/202207111318_38-Perf_00383.png,output/vein/masks/202207111318_38-Perf_00383.png,True
202207111318_38-Perf,384,output/vein/frames/202207111318_38-Perf_00384.png,output/vein/masks/202207111318_38-Perf_00384.png,True
202207111318_38-Perf,385,output/vein/frames/202207111318_38-Perf_00385.png,output/vein/masks/202207111318_38-Perf_00385.png,True
202207111318_38-Perf,386,output/vein/frames/202207111318_38-Perf_00386.png,output/vein/masks/202207111318_38-Perf_00386.png,True
202207111318_38-Perf,387,output/vein/frames/202207111318_38-Perf_00387.png,output/vein/masks/202207111318_38-Perf_00387.png,True
202207111318_38-Perf,388,output/vein/frames/202207111318_38-Perf_00388.png,output/vein/masks/202207111318_38-Perf_00388.png,True
202207111318_38-Perf,389,output/vein/frames/202207111318_38-Perf_00389.png,output/vein/masks/202207111318_38-Perf_00389.png,True
202207111318_38-Perf,390,output/vein/frames/202207111318_38-Perf_00390.png,output/vein/masks/202207111318_38-Perf_00390.png,True
202207111318_38-Perf,391,output/vein/frames/202207111318_38-Perf_00391.png,output/vein/masks/202207111318_38-Perf_00391.png,True
202207111318_38-Perf,392,output/vein/frames/202207111318_38-Perf_00392.png,output/vein/masks/202207111318_38-Perf_00392.png,True
202207111318_38-Perf,393,output/vein/frames/202207111318_38-Perf_00393.png,output/vein/masks/202207111318_38-Perf_00393.png,True
202207111318_38-Perf,394,output/vein/frames/202207111318_38-Perf_00394.png,output/vein/masks/202207111318_38-Perf_00394.png,True
202207111318_38-Perf,395,output/vein/frames/202207111318_38-Perf_00395.png,output/vein/masks/202207111318_38-Perf_00395.png,True
202207111318_38-Perf,396,output/vein/frames/202207111318_38-Perf_00396.png,output/vein/masks/202207111318_38-Perf_00396.png,True
202207111318_38-Perf,397,output/vein/frames/202207111318_38-Perf_00397.png,output/vein/masks/202207111318_38-Perf_00397.png,True
202207111318_38-Perf,398,output/vein/frames/202207111318_38-Perf_00398.png,output/vein/masks/202207111318_38-Perf_00398.png,True
202207111318_38-Perf,399,output/vein/frames/202207111318_38-Perf_00399.png,output/vein/masks/202207111318_38-Perf_00399.png,True
202207111318_38-Perf,400,output/vein/frames/202207111318_38-Perf_00400.png,output/vein/masks/202207111318_38-Perf_00400.png,True
202207111318_38-Perf,401,output/vein/frames/202207111318_38-Perf_00401.png,output/vein/masks/202207111318_38-Perf_00401.png,True
202207111318_38-Perf,402,output/vein/frames/202207111318_38-Perf_00402.png,output/vein/masks/202207111318_38-Perf_00402.png,True
202207111318_38-Perf,403,output/vein/frames/202207111318_38-Perf_00403.png,output/vein/masks/202207111318_38-Perf_00403.png,True
202207111318_38-Perf,404,output/vein/frames/202207111318_38-Perf_00404.png,output/vein/masks/202207111318_38-Perf_00404.png,True
202207111318_38-Perf,405,output/vein/frames/202207111318_38-Perf_00405.png,output/vein/masks/202207111318_38-Perf_00405.png,True
202207111318_38-Perf,406,output/vein/frames/202207111318_38-Perf_00406.png,output/vein/masks/202207111318_38-Perf_00406.png,True
202207111318_38-Perf,407,output/vein/frames/202207111318_38-Perf_00407.png,output/vein/masks/202207111318_38-Perf_00407.png,True
202207111318_38-Perf,408,output/vein/frames/202207111318_38-Perf_00408.png,output/vein/masks/202207111318_38-Perf_00408.png,True
202207111318_38-Perf,409,output/vein/frames/202207111318_38-Perf_00409.png,output/vein/masks/202207111318_38-Perf_00409.png,True
202207111318_38-Perf,410,output/vein/frames/202207111318_38-Perf_00410.png,output/vein/masks/202207111318_38-Perf_00410.png,True
202207111318_38-Perf,411,output/vein/frames/202207111318_38-Perf_00411.png,output/vein/masks/202207111318_38-Perf_00411.png,True
202207111318_38-Perf,412,output/vein/frames/202207111318_38-Perf_00412.png,output/vein/masks/202207111318_38-Perf_00412.png,True
202207111318_38-Perf,413,output/vein/frames/202207111318_38-Perf_00413.png,output/vein/masks/202207111318_38-Perf_00413.png,True
202207111318_38-Perf,414,output/vein/frames/202207111318_38-Perf_00414.png,output/vein/masks/202207111318_38-Perf_00414.png,True
202207111318_38-Perf,415,output/vein/frames/202207111318_38-Perf_00415.png,output/vein/masks/202207111318_38-Perf_00415.png,True
202207111318_38-Perf,416,output/vein/frames/202207111318_38-Perf_00416.png,output/vein/masks/202207111318_38-Perf_00416.png,True
202207111318_38-Perf,417,output/vein/frames/202207111318_38-Perf_00417.png,output/vein/masks/202207111318_38-Perf_00417.png,True
202207111318_38-Perf,418,output/vein/frames/202207111318_38-Perf_00418.png,output/vein/masks/202207111318_38-Perf_00418.png,True
202207111318_38-Perf,419,output/vein/frames/202207111318_38-Perf_00419.png,output/vein/masks/202207111318_38-Perf_00419.png,True
202207111318_38-Perf,420,output/vein/frames/202207111318_38-Perf_00420.png,output/vein/masks/202207111318_38-Perf_00420.png,True
202207111318_38-Perf,421,output/vein/frames/202207111318_38-Perf_00421.png,output/vein/masks/202207111318_38-Perf_00421.png,True
202207111318_38-Perf,422,output/vein/frames/202207111318_38-Perf_00422.png,output/vein/masks/202207111318_38-Perf_00422.png,True
202207111318_38-Perf,423,output/vein/frames/202207111318_38-Perf_00423.png,output/vein/masks/202207111318_38-Perf_00423.png,True
202207111318_38-Perf,424,output/vein/frames/202207111318_38-Perf_00424.png,output/vein/masks/202207111318_38-Perf_00424.png,True
202207111318_38-Perf,425,output/vein/frames/202207111318_38-Perf_00425.png,output/vein/masks/202207111318_38-Perf_00425.png,True
202207111318_38-Perf,426,output/vein/frames/202207111318_38-Perf_00426.png,output/vein/masks/202207111318_38-Perf_00426.png,True
202207111318_38-Perf,427,output/vein/frames/202207111318_38-Perf_00427.png,output/vein/masks/202207111318_38-Perf_00427.png,True
202207111318_38-Perf,428,output/vein/frames/202207111318_38-Perf_00428.png,output/vein/masks/202207111318_38-Perf_00428.png,True
202207111318_38-Perf,429,output/vein/frames/202207111318_38-Perf_00429.png,output/vein/masks/202207111318_38-Perf_00429.png,True
202207111318_38-Perf,430,output/vein/frames/202207111318_38-Perf_00430.png,output/vein/masks/202207111318_38-Perf_00430.png,True
202207111318_38-Perf,431,output/vein/frames/202207111318_38-Perf_00431.png,output/vein/masks/202207111318_38-Perf_00431.png,True
202207111318_38-Perf,432,output/vein/frames/202207111318_38-Perf_00432.png,output/vein/masks/202207111318_38-Perf_00432.png,True
202207111318_38-Perf,433,output/vein/frames/202207111318_38-Perf_00433.png,output/vein/masks/202207111318_38-Perf_00433.png,True
202207111318_38-Perf,434,output/vein/frames/202207111318_38-Perf_00434.png,output/vein/masks/202207111318_38-Perf_00434.png,True
202207111318_38-Perf,435,output/vein/frames/202207111318_38-Perf_00435.png,output/vein/masks/202207111318_38-Perf_00435.png,True
202207111318_38-Perf,436,output/vein/frames/202207111318_38-Perf_00436.png,output/vein/masks/202207111318_38-Perf_00436.png,True
202207111318_38-Perf,437,output/vein/frames/202207111318_38-Perf_00437.png,output/vein/masks/202207111318_38-Perf_00437.png,True
202207111318_38-Perf,438,output/vein/frames/202207111318_38-Perf_00438.png,output/vein/masks/202207111318_38-Perf_00438.png,True
202207111318_38-Perf,439,output/vein/frames/202207111318_38-Perf_00439.png,output/vein/masks/202207111318_38-Perf_00439.png,True
202207111318_38-Perf,440,output/vein/frames/202207111318_38-Perf_00440.png,output/vein/masks/202207111318_38-Perf_00440.png,True
202207111318_38-Perf,441,output/vein/frames/202207111318_38-Perf_00441.png,output/vein/masks/202207111318_38-Perf_00441.png,True
202207111318_38-Perf,442,output/vein/frames/202207111318_38-Perf_00442.png,output/vein/masks/202207111318_38-Perf_00442.png,True
202207111318_38-Perf,443,output/vein/frames/202207111318_38-Perf_00443.png,output/vein/masks/202207111318_38-Perf_00443.png,True
202207111318_38-Perf,444,output/vein/frames/202207111318_38-Perf_00444.png,output/vein/masks/202207111318_38-Perf_00444.png,True
202207111318_38-Perf,445,output/vein/frames/202207111318_38-Perf_00445.png,output/vein/masks/202207111318_38-Perf_00445.png,True
202207111318_38-Perf,446,output/vein/frames/202207111318_38-Perf_00446.png,output/vein/masks/202207111318_38-Perf_00446.png,True
202207111318_38-Perf,447,output/vein/frames/202207111318_38-Perf_00447.png,output/vein/masks/202207111318_38-Perf_00447.png,True
202207111318_38-Perf,448,output/vein/frames/202207111318_38-Perf_00448.png,output/vein/masks/202207111318_38-Perf_00448.png,True
202207111318_38-Perf,449,output/vein/frames/202207111318_38-Perf_00449.png,output/vein/masks/202207111318_38-Perf_00449.png,True
202207111318_38-Perf,450,output/vein/frames/202207111318_38-Perf_00450.png,output/vein/masks/202207111318_38-Perf_00450.png,True
202207111318_38-Perf,451,output/vein/frames/202207111318_38-Perf_00451.png,output/vein/masks/202207111318_38-Perf_00451.png,True
202207111318_38-Perf,452,output/vein/frames/202207111318_38-Perf_00452.png,output/vein/masks/202207111318_38-Perf_00452.png,True
202207111318_38-Perf,453,output/vein/frames/202207111318_38-Perf_00453.png,output/vein/masks/202207111318_38-Perf_00453.png,True
202207111318_38-Perf,454,output/vein/frames/202207111318_38-Perf_00454.png,output/vein/masks/202207111318_38-Perf_00454.png,True
202207111318_38-Perf,455,output/vein/frames/202207111318_38-Perf_00455.png,output/vein/masks/202207111318_38-Perf_00455.png,True
202207111318_38-Perf,456,output/vein/frames/202207111318_38-Perf_00456.png,output/vein/masks/202207111318_38-Perf_00456.png,True
202207111318_38-Perf,457,output/vein/frames/202207111318_38-Perf_00457.png,output/vein/masks/202207111318_38-Perf_00457.png,True
202207111318_38-Perf,458,output/vein/frames/202207111318_38-Perf_00458.png,output/vein/masks/202207111318_38-Perf_00458.png,True
202207111318_38-Perf,459,output/vein/frames/202207111318_38-Perf_00459.png,output/vein/masks/202207111318_38-Perf_00459.png,True
202207111318_38-Perf,460,output/vein/frames/202207111318_38-Perf_00460.png,output/vein/masks/202207111318_38-Perf_00460.png,True
202207111318_38-Perf,461,output/vein/frames/202207111318_38-Perf_00461.png,output/vein/masks/202207111318_38-Perf_00461.png,True
202207111318_38-Perf,462,output/vein/frames/202207111318_38-Perf_00462.png,output/vein/masks/202207111318_38-Perf_00462.png,True
202207111318_38-Perf,463,output/vein/frames/202207111318_38-Perf_00463.png,output/vein/masks/202207111318_38-Perf_00463.png,True
202207111318_38-Perf,464,output/vein/frames/202207111318_38-Perf_00464.png,output/vein/masks/202207111318_38-Perf_00464.png,True
202207111318_38-Perf,465,output/vein/frames/202207111318_38-Perf_00465.png,output/vein/masks/202207111318_38-Perf_00465.png,True
202207111318_38-Perf,466,output/vein/frames/202207111318_38-Perf_00466.png,output/vein/masks/202207111318_38-Perf_00466.png,True
202207111318_38-Perf,467,output/vein/frames/202207111318_38-Perf_00467.png,output/vein/masks/202207111318_38-Perf_00467.png,True
202207111318_38-Perf,468,output/vein/frames/202207111318_38-Perf_00468.png,output/vein/masks/202207111318_38-Perf_00468.png,True
202207111318_38-Perf,469,output/vein/frames/202207111318_38-Perf_00469.png,output/vein/masks/202207111318_38-Perf_00469.png,True
202207111318_38-Perf,470,output/vein/frames/202207111318_38-Perf_00470.png,output/vein/masks/202207111318_38-Perf_00470.png,True
202207111318_38-Perf,471,output/vein/frames/202207111318_38-Perf_00471.png,output/vein/masks/202207111318_38-Perf_00471.png,True
202207111318_38-Perf,472,output/vein/frames/202207111318_38-Perf_00472.png,output/vein/masks/202207111318_38-Perf_00472.png,True
202207111318_38-Perf,473,output/vein/frames/202207111318_38-Perf_00473.png,output/vein/masks/202207111318_38-Perf_00473.png,True
202207111318_38-Perf,474,output/vein/frames/202207111318_38-Perf_00474.png,output/vein/masks/202207111318_38-Perf_00474.png,True
202207111318_38-Perf,475,output/vein/frames/202207111318_38-Perf_00475.png,output/vein/masks/202207111318_38-Perf_00475.png,True
202207111318_38-Perf,476,output/vein/frames/202207111318_38-Perf_00476.png,output/vein/masks/202207111318_38-Perf_00476.png,True
202207111318_38-Perf,477,output/vein/frames/202207111318_38-Perf_00477.png,output/vein/masks/202207111318_38-Perf_00477.png,True
202207111318_38-Perf,478,output/vein/frames/202207111318_38-Perf_00478.png,output/vein/masks/202207111318_38-Perf_00478.png,True
202207111318_38-Perf,479,output/vein/frames/202207111318_38-Perf_00479.png,output/vein/masks/202207111318_38-Perf_00479.png,True
202207111318_38-Perf,480,output/vein/frames/202207111318_38-Perf_00480.png,output/vein/masks/202207111318_38-Perf_00480.png,True
202207111318_38-Perf,481,output/vein/frames/202207111318_38-Perf_00481.png,output/vein/masks/202207111318_38-Perf_00481.png,True
202207111318_38-Perf,482,output/vein/frames/202207111318_38-Perf_00482.png,output/vein/masks/202207111318_38-Perf_00482.png,True
202207191643_00-Moving,0,output/vein/frames/202207191643_00-Moving_00000.png,output/vein/masks/202207191643_00-Moving_00000.png,False
202207191643_00-Moving,2,output/vein/frames/202207191643_00-Moving_00002.png,output/vein/masks/202207191643_00-Moving_00002.png,False
202207191643_00-Moving,4,output/vein/frames/202207191643_00-Moving_00004.png,output/vein/masks/202207191643_00-Moving_00004.png,True
202207191643_00-Moving,6,output/vein/frames/202207191643_00-Moving_00006.png,output/vein/masks/202207191643_00-Moving_00006.png,True
202207191643_00-Moving,8,output/vein/frames/202207191643_00-Moving_00008.png,output/vein/masks/202207191643_00-Moving_00008.png,True
202207191643_00-Moving,10,output/vein/frames/202207191643_00-Moving_00010.png,output/vein/masks/202207191643_00-Moving_00010.png,True
202207191643_00-Moving,12,output/vein/frames/202207191643_00-Moving_00012.png,output/vein/masks/202207191643_00-Moving_00012.png,True
202207191643_00-Moving,14,output/vein/frames/202207191643_00-Moving_00014.png,output/vein/masks/202207191643_00-Moving_00014.png,True
202207191643_00-Moving,16,output/vein/frames/202207191643_00-Moving_00016.png,output/vein/masks/202207191643_00-Moving_00016.png,True
202207191643_00-Moving,18,output/vein/frames/202207191643_00-Moving_00018.png,output/vein/masks/202207191643_00-Moving_00018.png,True
202207191643_00-Moving,20,output/vein/frames/202207191643_00-Moving_00020.png,output/vein/masks/202207191643_00-Moving_00020.png,True
202207191643_00-Moving,22,output/vein/frames/202207191643_00-Moving_00022.png,output/vein/masks/202207191643_00-Moving_00022.png,True
202207191643_00-Moving,24,output/vein/frames/202207191643_00-Moving_00024.png,output/vein/masks/202207191643_00-Moving_00024.png,True
202207191643_00-Moving,26,output/vein/frames/202207191643_00-Moving_00026.png,output/vein/masks/202207191643_00-Moving_00026.png,True
202207191643_00-Moving,28,output/vein/frames/202207191643_00-Moving_00028.png,output/vein/masks/202207191643_00-Moving_00028.png,True
202207191643_00-Moving,30,output/vein/frames/202207191643_00-Moving_00030.png,output/vein/masks/202207191643_00-Moving_00030.png,True
202207191643_00-Moving,32,output/vein/frames/202207191643_00-Moving_00032.png,output/vein/masks/202207191643_00-Moving_00032.png,True
202207191643_00-Moving,34,output/vein/frames/202207191643_00-Moving_00034.png,output/vein/masks/202207191643_00-Moving_00034.png,True
202207191643_00-Moving,36,output/vein/frames/202207191643_00-Moving_00036.png,output/vein/masks/202207191643_00-Moving_00036.png,True
202207191643_00-Moving,38,output/vein/frames/202207191643_00-Moving_00038.png,output/vein/masks/202207191643_00-Moving_00038.png,True
202207191643_00-Moving,40,output/vein/frames/202207191643_00-Moving_00040.png,output/vein/masks/202207191643_00-Moving_00040.png,True
202207191643_00-Moving,42,output/vein/frames/202207191643_00-Moving_00042.png,output/vein/masks/202207191643_00-Moving_00042.png,True
202207191643_00-Moving,44,output/vein/frames/202207191643_00-Moving_00044.png,output/vein/masks/202207191643_00-Moving_00044.png,True
202207191643_00-Moving,46,output/vein/frames/202207191643_00-Moving_00046.png,output/vein/masks/202207191643_00-Moving_00046.png,True
202207191643_00-Moving,48,output/vein/frames/202207191643_00-Moving_00048.png,output/vein/masks/202207191643_00-Moving_00048.png,True
202207191643_00-Moving,50,output/vein/frames/202207191643_00-Moving_00050.png,output/vein/masks/202207191643_00-Moving_00050.png,True
202207191643_00-Moving,52,output/vein/frames/202207191643_00-Moving_00052.png,output/vein/masks/202207191643_00-Moving_00052.png,True
202207191643_00-Moving,54,output/vein/frames/202207191643_00-Moving_00054.png,output/vein/masks/202207191643_00-Moving_00054.png,True
202207191643_00-Moving,56,output/vein/frames/202207191643_00-Moving_00056.png,output/vein/masks/202207191643_00-Moving_00056.png,True
202207191643_00-Moving,58,output/vein/frames/202207191643_00-Moving_00058.png,output/vein/masks/202207191643_00-Moving_00058.png,True
202207191643_00-Moving,60,output/vein/frames/202207191643_00-Moving_00060.png,output/vein/masks/202207191643_00-Moving_00060.png,True
202207191643_00-Moving,62,output/vein/frames/202207191643_00-Moving_00062.png,output/vein/masks/202207191643_00-Moving_00062.png,True
202207191643_00-Moving,64,output/vein/frames/202207191643_00-Moving_00064.png,output/vein/masks/202207191643_00-Moving_00064.png,True
202207191643_00-Moving,66,output/vein/frames/202207191643_00-Moving_00066.png,output/vein/masks/202207191643_00-Moving_00066.png,True
202207191643_00-Moving,68,output/vein/frames/202207191643_00-Moving_00068.png,output/vein/masks/202207191643_00-Moving_00068.png,True
202207191643_00-Moving,70,output/vein/frames/202207191643_00-Moving_00070.png,output/vein/masks/202207191643_00-Moving_00070.png,True
202207191643_00-Moving,72,output/vein/frames/202207191643_00-Moving_00072.png,output/vein/masks/202207191643_00-Moving_00072.png,True
202207191643_00-Moving,74,output/vein/frames/202207191643_00-Moving_00074.png,output/vein/masks/202207191643_00-Moving_00074.png,True
202207191643_00-Moving,76,output/vein/frames/202207191643_00-Moving_00076.png,output/vein/masks/202207191643_00-Moving_00076.png,True
202207191643_00-Moving,78,output/vein/frames/202207191643_00-Moving_00078.png,output/vein/masks/202207191643_00-Moving_00078.png,True
202207191643_00-Moving,80,output/vein/frames/202207191643_00-Moving_00080.png,output/vein/masks/202207191643_00-Moving_00080.png,True
202207191643_00-Moving,82,output/vein/frames/202207191643_00-Moving_00082.png,output/vein/masks/202207191643_00-Moving_00082.png,True
202207191643_00-Moving,84,output/vein/frames/202207191643_00-Moving_00084.png,output/vein/masks/202207191643_00-Moving_00084.png,True
202207191643_00-Moving,86,output/vein/frames/202207191643_00-Moving_00086.png,output/vein/masks/202207191643_00-Moving_00086.png,True
202207191643_00-Moving,88,output/vein/frames/202207191643_00-Moving_00088.png,output/vein/masks/202207191643_00-Moving_00088.png,True
202207191643_00-Moving,90,output/vein/frames/202207191643_00-Moving_00090.png,output/vein/masks/202207191643_00-Moving_00090.png,True
202207191643_00-Moving,92,output/vein/frames/202207191643_00-Moving_00092.png,output/vein/masks/202207191643_00-Moving_00092.png,True
202207191643_00-Moving,94,output/vein/frames/202207191643_00-Moving_00094.png,output/vein/masks/202207191643_00-Moving_00094.png,True
202207191643_00-Moving,96,output/vein/frames/202207191643_00-Moving_00096.png,output/vein/masks/202207191643_00-Moving_00096.png,True
202207191643_00-Moving,98,output/vein/frames/202207191643_00-Moving_00098.png,output/vein/masks/202207191643_00-Moving_00098.png,True
202207191643_00-Moving,100,output/vein/frames/202207191643_00-Moving_00100.png,output/vein/masks/202207191643_00-Moving_00100.png,True
202207191643_00-Moving,102,output/vein/frames/202207191643_00-Moving_00102.png,output/vein/masks/202207191643_00-Moving_00102.png,True
202207191643_00-Moving,104,output/vein/frames/202207191643_00-Moving_00104.png,output/vein/masks/202207191643_00-Moving_00104.png,True
202207191643_00-Moving,106,output/vein/frames/202207191643_00-Moving_00106.png,output/vein/masks/202207191643_00-Moving_00106.png,True
202207191643_00-Moving,108,output/vein/frames/202207191643_00-Moving_00108.png,output/vein/masks/202207191643_00-Moving_00108.png,True
202207191643_00-Moving,110,output/vein/frames/202207191643_00-Moving_00110.png,output/vein/masks/202207191643_00-Moving_00110.png,True
202207191643_00-Moving,112,output/vein/frames/202207191643_00-Moving_00112.png,output/vein/masks/202207191643_00-Moving_00112.png,True
202207191643_00-Moving,114,output/vein/frames/202207191643_00-Moving_00114.png,output/vein/masks/202207191643_00-Moving_00114.png,True
202207191643_00-Moving,116,output/vein/frames/202207191643_00-Moving_00116.png,output/vein/masks/202207191643_00-Moving_00116.png,True
202207191643_00-Moving,118,output/vein/frames/202207191643_00-Moving_00118.png,output/vein/masks/202207191643_00-Moving_00118.png,True
202207191643_00-Moving,120,output/vein/frames/202207191643_00-Moving_00120.png,output/vein/masks/202207191643_00-Moving_00120.png,True
202207191643_00-Moving,122,output/vein/frames/202207191643_00-Moving_00122.png,output/vein/masks/202207191643_00-Moving_00122.png,True
202207191643_00-Moving,124,output/vein/frames/202207191643_00-Moving_00124.png,output/vein/masks/202207191643_00-Moving_00124.png,True
202207191643_00-Moving,126,output/vein/frames/202207191643_00-Moving_00126.png,output/vein/masks/202207191643_00-Moving_00126.png,True
202207191643_00-Moving,128,output/vein/frames/202207191643_00-Moving_00128.png,output/vein/masks/202207191643_00-Moving_00128.png,True
202207191643_00-Moving,130,output/vein/frames/202207191643_00-Moving_00130.png,output/vein/masks/202207191643_00-Moving_00130.png,True
202207191643_00-Moving,132,output/vein/frames/202207191643_00-Moving_00132.png,output/vein/masks/202207191643_00-Moving_00132.png,True
202207191643_00-Moving,134,output/vein/frames/202207191643_00-Moving_00134.png,output/vein/masks/202207191643_00-Moving_00134.png,True
202207191643_00-Moving,136,output/vein/frames/202207191643_00-Moving_00136.png,output/vein/masks/202207191643_00-Moving_00136.png,True
202207191643_00-Moving,138,output/vein/frames/202207191643_00-Moving_00138.png,output/vein/masks/202207191643_00-Moving_00138.png,True
202207191643_00-Moving,140,output/vein/frames/202207191643_00-Moving_00140.png,output/vein/masks/202207191643_00-Moving_00140.png,True
202207191643_00-Moving,142,output/vein/frames/202207191643_00-Moving_00142.png,output/vein/masks/202207191643_00-Moving_00142.png,True
202207191643_00-Moving,144,output/vein/frames/202207191643_00-Moving_00144.png,output/vein/masks/202207191643_00-Moving_00144.png,True
202207191643_00-Moving,146,output/vein/frames/202207191643_00-Moving_00146.png,output/vein/masks/202207191643_00-Moving_00146.png,True
202207191643_00-Moving,148,output/vein/frames/202207191643_00-Moving_00148.png,output/vein/masks/202207191643_00-Moving_00148.png,True
202207191643_00-Moving,150,output/vein/frames/202207191643_00-Moving_00150.png,output/vein/masks/202207191643_00-Moving_00150.png,True
202207191643_00-Moving,152,output/vein/frames/202207191643_00-Moving_00152.png,output/vein/masks/202207191643_00-Moving_00152.png,True
202207191643_00-Moving,154,output/vein/frames/202207191643_00-Moving_00154.png,output/vein/masks/202207191643_00-Moving_00154.png,True
202207191643_00-Moving,156,output/vein/frames/202207191643_00-Moving_00156.png,output/vein/masks/202207191643_00-Moving_00156.png,True
202207191643_00-Moving,158,output/vein/frames/202207191643_00-Moving_00158.png,output/vein/masks/202207191643_00-Moving_00158.png,True
202207191643_00-Moving,160,output/vein/frames/202207191643_00-Moving_00160.png,output/vein/masks/202207191643_00-Moving_00160.png,True
202207191643_00-Moving,162,output/vein/frames/202207191643_00-Moving_00162.png,output/vein/masks/202207191643_00-Moving_00162.png,True
202207191643_00-Moving,164,output/vein/frames/202207191643_00-Moving_00164.png,output/vein/masks/202207191643_00-Moving_00164.png,True
202207191643_00-Moving,166,output/vein/frames/202207191643_00-Moving_00166.png,output/vein/masks/202207191643_00-Moving_00166.png,True
202207191643_00-Moving,168,output/vein/frames/202207191643_00-Moving_00168.png,output/vein/masks/202207191643_00-Moving_00168.png,True
202207191643_00-Moving,170,output/vein/frames/202207191643_00-Moving_00170.png,output/vein/masks/202207191643_00-Moving_00170.png,True
202207191643_00-Moving,172,output/vein/frames/202207191643_00-Moving_00172.png,output/vein/masks/202207191643_00-Moving_00172.png,True
202207191643_00-Moving,174,output/vein/frames/202207191643_00-Moving_00174.png,output/vein/masks/202207191643_00-Moving_00174.png,True
202207191643_00-Moving,176,output/vein/frames/202207191643_00-Moving_00176.png,output/vein/masks/202207191643_00-Moving_00176.png,True
202207191643_00-Moving,178,output/vein/frames/202207191643_00-Moving_00178.png,output/vein/masks/202207191643_00-Moving_00178.png,True
202207191643_00-Moving,180,output/vein/frames/202207191643_00-Moving_00180.png,output/vein/masks/202207191643_00-Moving_00180.png,True
202207191643_00-Moving,182,output/vein/frames/202207191643_00-Moving_00182.png,output/vein/masks/202207191643_00-Moving_00182.png,True
202207191643_00-Moving,184,output/vein/frames/202207191643_00-Moving_00184.png,output/vein/masks/202207191643_00-Moving_00184.png,True
202207191643_00-Moving,186,output/vein/frames/202207191643_00-Moving_00186.png,output/vein/masks/202207191643_00-Moving_00186.png,True
202207191643_00-Moving,188,output/vein/frames/202207191643_00-Moving_00188.png,output/vein/masks/202207191643_00-Moving_00188.png,True
202207191643_00-Moving,190,output/vein/frames/202207191643_00-Moving_00190.png,output/vein/masks/202207191643_00-Moving_00190.png,True
202207191643_00-Moving,192,output/vein/frames/202207191643_00-Moving_00192.png,output/vein/masks/202207191643_00-Moving_00192.png,True
202207191643_00-Moving,194,output/vein/frames/202207191643_00-Moving_00194.png,output/vein/masks/202207191643_00-Moving_00194.png,True
202207191643_00-Moving,196,output/vein/frames/202207191643_00-Moving_00196.png,output/vein/masks/202207191643_00-Moving_00196.png,True
202207191643_00-Moving,198,output/vein/frames/202207191643_00-Moving_00198.png,output/vein/masks/202207191643_00-Moving_00198.png,True
202207191643_00-Moving,200,output/vein/frames/202207191643_00-Moving_00200.png,output/vein/masks/202207191643_00-Moving_00200.png,True
202207191643_00-Moving,202,output/vein/frames/202207191643_00-Moving_00202.png,output/vein/masks/202207191643_00-Moving_00202.png,True
202207191643_00-Moving,204,output/vein/frames/202207191643_00-Moving_00204.png,output/vein/masks/202207191643_00-Moving_00204.png,True
202207191643_00-Moving,206,output/vein/frames/202207191643_00-Moving_00206.png,output/vein/masks/202207191643_00-Moving_00206.png,True
202207191643_00-Moving,208,output/vein/frames/202207191643_00-Moving_00208.png,output/vein/masks/202207191643_00-Moving_00208.png,True
202207191643_00-Moving,210,output/vein/frames/202207191643_00-Moving_00210.png,output/vein/masks/202207191643_00-Moving_00210.png,True
202207191643_00-Moving,212,output/vein/frames/202207191643_00-Moving_00212.png,output/vein/masks/202207191643_00-Moving_00212.png,True
202207191643_00-Moving,214,output/vein/frames/202207191643_00-Moving_00214.png,output/vein/masks/202207191643_00-Moving_00214.png,True
202207191643_00-Moving,216,output/vein/frames/202207191643_00-Moving_00216.png,output/vein/masks/202207191643_00-Moving_00216.png,True
202207191643_00-Moving,218,output/vein/frames/202207191643_00-Moving_00218.png,output/vein/masks/202207191643_00-Moving_00218.png,True
202207191643_00-Moving,220,output/vein/frames/202207191643_00-Moving_00220.png,output/vein/masks/202207191643_00-Moving_00220.png,True
202207191643_00-Moving,222,output/vein/frames/202207191643_00-Moving_00222.png,output/vein/masks/202207191643_00-Moving_00222.png,True
202207191643_00-Moving,224,output/vein/frames/202207191643_00-Moving_00224.png,output/vein/masks/202207191643_00-Moving_00224.png,True
202207191643_00-Moving,226,output/vein/frames/202207191643_00-Moving_00226.png,output/vein/masks/202207191643_00-Moving_00226.png,True
202207191643_00-Moving,228,output/vein/frames/202207191643_00-Moving_00228.png,output/vein/masks/202207191643_00-Moving_00228.png,True
202207191643_00-Moving,230,output/vein/frames/202207191643_00-Moving_00230.png,output/vein/masks/202207191643_00-Moving_00230.png,True
202207191643_00-Moving,232,output/vein/frames/202207191643_00-Moving_00232.png,output/vein/masks/202207191643_00-Moving_00232.png,True
202207191643_00-Moving,234,output/vein/frames/202207191643_00-Moving_00234.png,output/vein/masks/202207191643_00-Moving_00234.png,True
202207191643_00-Moving,236,output/vein/frames/202207191643_00-Moving_00236.png,output/vein/masks/202207191643_00-Moving_00236.png,True
202207191643_00-Moving,238,output/vein/frames/202207191643_00-Moving_00238.png,output/vein/masks/202207191643_00-Moving_00238.png,True
202207191643_00-Moving,240,output/vein/frames/202207191643_00-Moving_00240.png,output/vein/masks/202207191643_00-Moving_00240.png,True
202207191643_00-Moving,242,output/vein/frames/202207191643_00-Moving_00242.png,output/vein/masks/202207191643_00-Moving_00242.png,True
202207191643_00-Moving,244,output/vein/frames/202207191643_00-Moving_00244.png,output/vein/masks/202207191643_00-Moving_00244.png,True
202207191643_00-Moving,246,output/vein/frames/202207191643_00-Moving_00246.png,output/vein/masks/202207191643_00-Moving_00246.png,True
202207191643_00-Moving,248,output/vein/frames/202207191643_00-Moving_00248.png,output/vein/masks/202207191643_00-Moving_00248.png,True
202207191643_00-Moving,250,output/vein/frames/202207191643_00-Moving_00250.png,output/vein/masks/202207191643_00-Moving_00250.png,True
202207191643_00-Moving,252,output/vein/frames/202207191643_00-Moving_00252.png,output/vein/masks/202207191643_00-Moving_00252.png,True
202207191643_00-Moving,254,output/vein/frames/202207191643_00-Moving_00254.png,output/vein/masks/202207191643_00-Moving_00254.png,True
202207191643_00-Moving,256,output/vein/frames/202207191643_00-Moving_00256.png,output/vein/masks/202207191643_00-Moving_00256.png,True
202207191643_00-Moving,258,output/vein/frames/202207191643_00-Moving_00258.png,output/vein/masks/202207191643_00-Moving_00258.png,True
202207191643_00-Moving,260,output/vein/frames/202207191643_00-Moving_00260.png,output/vein/masks/202207191643_00-Moving_00260.png,True
202207191643_00-Moving,262,output/vein/frames/202207191643_00-Moving_00262.png,output/vein/masks/202207191643_00-Moving_00262.png,True
202207191643_00-Moving,264,output/vein/frames/202207191643_00-Moving_00264.png,output/vein/masks/202207191643_00-Moving_00264.png,True
202207191643_00-Moving,266,output/vein/frames/202207191643_00-Moving_00266.png,output/vein/masks/202207191643_00-Moving_00266.png,True
202207191643_00-Moving,268,output/vein/frames/202207191643_00-Moving_00268.png,output/vein/masks/202207191643_00-Moving_00268.png,True
202207191643_00-Moving,270,output/vein/frames/202207191643_00-Moving_00270.png,output/vein/masks/202207191643_00-Moving_00270.png,True
202207191643_00-Moving,272,output/vein/frames/202207191643_00-Moving_00272.png,output/vein/masks/202207191643_00-Moving_00272.png,True
202207191643_00-Moving,274,output/vein/frames/202207191643_00-Moving_00274.png,output/vein/masks/202207191643_00-Moving_00274.png,True
202207191643_00-Moving,276,output/vein/frames/202207191643_00-Moving_00276.png,output/vein/masks/202207191643_00-Moving_00276.png,True
202207191643_00-Moving,278,output/vein/frames/202207191643_00-Moving_00278.png,output/vein/masks/202207191643_00-Moving_00278.png,True
202207191643_00-Moving,280,output/vein/frames/202207191643_00-Moving_00280.png,output/vein/masks/202207191643_00-Moving_00280.png,True
202207191643_00-Moving,282,output/vein/frames/202207191643_00-Moving_00282.png,output/vein/masks/202207191643_00-Moving_00282.png,True
202207191643_00-Moving,284,output/vein/frames/202207191643_00-Moving_00284.png,output/vein/masks/202207191643_00-Moving_00284.png,True
202207191643_00-Moving,286,output/vein/frames/202207191643_00-Moving_00286.png,output/vein/masks/202207191643_00-Moving_00286.png,True
202207191643_00-Moving,288,output/vein/frames/202207191643_00-Moving_00288.png,output/vein/masks/202207191643_00-Moving_00288.png,True
202207191643_00-Moving,290,output/vein/frames/202207191643_00-Moving_00290.png,output/vein/masks/202207191643_00-Moving_00290.png,True
202207191643_00-Moving,292,output/vein/frames/202207191643_00-Moving_00292.png,output/vein/masks/202207191643_00-Moving_00292.png,True
202207191643_00-Moving,294,output/vein/frames/202207191643_00-Moving_00294.png,output/vein/masks/202207191643_00-Moving_00294.png,True
202207191643_00-Moving,296,output/vein/frames/202207191643_00-Moving_00296.png,output/vein/masks/202207191643_00-Moving_00296.png,True
202207191643_00-Moving,298,output/vein/frames/202207191643_00-Moving_00298.png,output/vein/masks/202207191643_00-Moving_00298.png,True
202207191643_00-Moving,300,output/vein/frames/202207191643_00-Moving_00300.png,output/vein/masks/202207191643_00-Moving_00300.png,True
202207191643_00-Moving,302,output/vein/frames/202207191643_00-Moving_00302.png,output/vein/masks/202207191643_00-Moving_00302.png,True
202207191643_00-Moving,304,output/vein/frames/202207191643_00-Moving_00304.png,output/vein/masks/202207191643_00-Moving_00304.png,True
202207191643_00-Moving,306,output/vein/frames/202207191643_00-Moving_00306.png,output/vein/masks/202207191643_00-Moving_00306.png,True
202207191643_00-Moving,308,output/vein/frames/202207191643_00-Moving_00308.png,output/vein/masks/202207191643_00-Moving_00308.png,True
202207191643_00-Moving,310,output/vein/frames/202207191643_00-Moving_00310.png,output/vein/masks/202207191643_00-Moving_00310.png,True
202207191643_00-Moving,312,output/vein/frames/202207191643_00-Moving_00312.png,output/vein/masks/202207191643_00-Moving_00312.png,True
202207191643_00-Moving,314,output/vein/frames/202207191643_00-Moving_00314.png,output/vein/masks/202207191643_00-Moving_00314.png,True
202207191643_00-Moving,316,output/vein/frames/202207191643_00-Moving_00316.png,output/vein/masks/202207191643_00-Moving_00316.png,True
202207191643_00-Moving,318,output/vein/frames/202207191643_00-Moving_00318.png,output/vein/masks/202207191643_00-Moving_00318.png,True
202207191643_00-Moving,320,output/vein/frames/202207191643_00-Moving_00320.png,output/vein/masks/202207191643_00-Moving_00320.png,True
202207191643_00-Moving,322,output/vein/frames/202207191643_00-Moving_00322.png,output/vein/masks/202207191643_00-Moving_00322.png,True
202207191643_00-Moving,324,output/vein/frames/202207191643_00-Moving_00324.png,output/vein/masks/202207191643_00-Moving_00324.png,True
202207191643_00-Moving,326,output/vein/frames/202207191643_00-Moving_00326.png,output/vein/masks/202207191643_00-Moving_00326.png,True
202207191643_00-Moving,328,output/vein/frames/202207191643_00-Moving_00328.png,output/vein/masks/202207191643_00-Moving_00328.png,True
202207191643_00-Moving,330,output/vein/frames/202207191643_00-Moving_00330.png,output/vein/masks/202207191643_00-Moving_00330.png,True
202207191643_00-Moving,332,output/vein/frames/202207191643_00-Moving_00332.png,output/vein/masks/202207191643_00-Moving_00332.png,True
202207191643_00-Moving,334,output/vein/frames/202207191643_00-Moving_00334.png,output/vein/masks/202207191643_00-Moving_00334.png,True
202207191643_00-Moving,336,output/vein/frames/202207191643_00-Moving_00336.png,output/vein/masks/202207191643_00-Moving_00336.png,True
202207191643_00-Moving,338,output/vein/frames/202207191643_00-Moving_00338.png,output/vein/masks/202207191643_00-Moving_00338.png,True
202207191643_00-Moving,340,output/vein/frames/202207191643_00-Moving_00340.png,output/vein/masks/202207191643_00-Moving_00340.png,True
202207191643_00-Moving,342,output/vein/frames/202207191643_00-Moving_00342.png,output/vein/masks/202207191643_00-Moving_00342.png,True
202207191643_00-Moving,344,output/vein/frames/202207191643_00-Moving_00344.png,output/vein/masks/202207191643_00-Moving_00344.png,True
202207191643_00-Moving,346,output/vein/frames/202207191643_00-Moving_00346.png,output/vein/masks/202207191643_00-Moving_00346.png,True
202207191643_00-Moving,348,output/vein/frames/202207191643_00-Moving_00348.png,output/vein/masks/202207191643_00-Moving_00348.png,True
202207191643_00-Moving,350,output/vein/frames/202207191643_00-Moving_00350.png,output/vein/masks/202207191643_00-Moving_00350.png,True
202207191643_00-Moving,352,output/vein/frames/202207191643_00-Moving_00352.png,output/vein/masks/202207191643_00-Moving_00352.png,True
202207191643_00-Moving,354,output/vein/frames/202207191643_00-Moving_00354.png,output/vein/masks/202207191643_00-Moving_00354.png,True
202207191643_00-Moving,356,output/vein/frames/202207191643_00-Moving_00356.png,output/vein/masks/202207191643_00-Moving_00356.png,True
202207191643_00-Moving,358,output/vein/frames/202207191643_00-Moving_00358.png,output/vein/masks/202207191643_00-Moving_00358.png,True
202207191643_00-Moving,360,output/vein/frames/202207191643_00-Moving_00360.png,output/vein/masks/202207191643_00-Moving_00360.png,True
202207191643_00-Moving,362,output/vein/frames/202207191643_00-Moving_00362.png,output/vein/masks/202207191643_00-Moving_00362.png,True
202207191643_00-Moving,364,output/vein/frames/202207191643_00-Moving_00364.png,output/vein/masks/202207191643_00-Moving_00364.png,True
202207191643_00-Moving,366,output/vein/frames/202207191643_00-Moving_00366.png,output/vein/masks/202207191643_00-Moving_00366.png,True
202207191643_00-Moving,368,output/vein/frames/202207191643_00-Moving_00368.png,output/vein/masks/202207191643_00-Moving_00368.png,True
202207191643_00-Moving,370,output/vein/frames/202207191643_00-Moving_00370.png,output/vein/masks/202207191643_00-Moving_00370.png,True
202207191643_00-Moving,372,output/vein/frames/202207191643_00-Moving_00372.png,output/vein/masks/202207191643_00-Moving_00372.png,True
202207191643_00-Moving,374,output/vein/frames/202207191643_00-Moving_00374.png,output/vein/masks/202207191643_00-Moving_00374.png,True
202207191643_00-Moving,376,output/vein/frames/202207191643_00-Moving_00376.png,output/vein/masks/202207191643_00-Moving_00376.png,True
202207191643_00-Moving,378,output/vein/frames/202207191643_00-Moving_00378.png,output/vein/masks/202207191643_00-Moving_00378.png,True
202207191643_00-Moving,380,output/vein/frames/202207191643_00-Moving_00380.png,output/vein/masks/202207191643_00-Moving_00380.png,True
202207191643_00-Moving,382,output/vein/frames/202207191643_00-Moving_00382.png,output/vein/masks/202207191643_00-Moving_00382.png,True
202207191643_00-Moving,384,output/vein/frames/202207191643_00-Moving_00384.png,output/vein/masks/202207191643_00-Moving_00384.png,True
202207191643_00-Moving,386,output/vein/frames/202207191643_00-Moving_00386.png,output/vein/masks/202207191643_00-Moving_00386.png,True
202207191643_00-Moving,388,output/vein/frames/202207191643_00-Moving_00388.png,output/vein/masks/202207191643_00-Moving_00388.png,True
202207191643_00-Moving,390,output/vein/frames/202207191643_00-Moving_00390.png,output/vein/masks/202207191643_00-Moving_00390.png,True
202207191643_00-Moving,392,output/vein/frames/202207191643_00-Moving_00392.png,output/vein/masks/202207191643_00-Moving_00392.png,True
202207191643_00-Moving,394,output/vein/frames/202207191643_00-Moving_00394.png,output/vein/masks/202207191643_00-Moving_00394.png,True
202207191643_00-Moving,396,output/vein/frames/202207191643_00-Moving_00396.png,output/vein/masks/202207191643_00-Moving_00396.png,True
202207191643_00-Moving,398,output/vein/frames/202207191643_00-Moving_00398.png,output/vein/masks/202207191643_00-Moving_00398.png,True
202207191643_00-Moving,400,output/vein/frames/202207191643_00-Moving_00400.png,output/vein/masks/202207191643_00-Moving_00400.png,True
202207191643_00-Moving,402,output/vein/frames/202207191643_00-Moving_00402.png,output/vein/masks/202207191643_00-Moving_00402.png,True
202207191643_00-Moving,404,output/vein/frames/202207191643_00-Moving_00404.png,output/vein/masks/202207191643_00-Moving_00404.png,True
202207191643_00-Moving,406,output/vein/frames/202207191643_00-Moving_00406.png,output/vein/masks/202207191643_00-Moving_00406.png,True
202207191643_00-Moving,408,output/vein/frames/202207191643_00-Moving_00408.png,output/vein/masks/202207191643_00-Moving_00408.png,True
202207191643_00-Moving,410,output/vein/frames/202207191643_00-Moving_00410.png,output/vein/masks/202207191643_00-Moving_00410.png,True
202207191643_00-Moving,412,output/vein/frames/202207191643_00-Moving_00412.png,output/vein/masks/202207191643_00-Moving_00412.png,True
202207191643_00-Moving,414,output/vein/frames/202207191643_00-Moving_00414.png,output/vein/masks/202207191643_00-Moving_00414.png,True
202207191643_00-Moving,416,output/vein/frames/202207191643_00-Moving_00416.png,output/vein/masks/202207191643_00-Moving_00416.png,True
202207191643_00-Moving,418,output/vein/frames/202207191643_00-Moving_00418.png,output/vein/masks/202207191643_00-Moving_00418.png,True
202207191643_00-Moving,420,output/vein/frames/202207191643_00-Moving_00420.png,output/vein/masks/202207191643_00-Moving_00420.png,True
202207191643_00-Moving,422,output/vein/frames/202207191643_00-Moving_00422.png,output/vein/masks/202207191643_00-Moving_00422.png,True
202207191643_00-Moving,424,output/vein/frames/202207191643_00-Moving_00424.png,output/vein/masks/202207191643_00-Moving_00424.png,True
202207191643_00-Moving,426,output/vein/frames/202207191643_00-Moving_00426.png,output/vein/masks/202207191643_00-Moving_00426.png,True
202207191643_00-Moving,428,output/vein/frames/202207191643_00-Moving_00428.png,output/vein/masks/202207191643_00-Moving_00428.png,True
202207191643_00-Moving,430,output/vein/frames/202207191643_00-Moving_00430.png,output/vein/masks/202207191643_00-Moving_00430.png,True
202207191643_00-Moving,432,output/vein/frames/202207191643_00-Moving_00432.png,output/vein/masks/202207191643_00-Moving_00432.png,True
202207191643_00-Moving,434,output/vein/frames/202207191643_00-Moving_00434.png,output/vein/masks/202207191643_00-Moving_00434.png,True
202207191643_00-Moving,436,output/vein/frames/202207191643_00-Moving_00436.png,output/vein/masks/202207191643_00-Moving_00436.png,True
202207191643_00-Moving,438,output/vein/frames/202207191643_00-Moving_00438.png,output/vein/masks/202207191643_00-Moving_00438.png,True
202207191643_00-Moving,440,output/vein/frames/202207191643_00-Moving_00440.png,output/vein/masks/202207191643_00-Moving_00440.png,True
202207191643_00-Moving,442,output/vein/frames/202207191643_00-Moving_00442.png,output/vein/masks/202207191643_00-Moving_00442.png,True
202207191643_00-Moving,444,output/vein/frames/202207191643_00-Moving_00444.png,output/vein/masks/202207191643_00-Moving_00444.png,True
202207191643_00-Moving,446,output/vein/frames/202207191643_00-Moving_00446.png,output/vein/masks/202207191643_00-Moving_00446.png,True
202207191643_00-Moving,448,output/vein/frames/202207191643_00-Moving_00448.png,output/vein/masks/202207191643_00-Moving_00448.png,True
202207191643_00-Moving,450,output/vein/frames/202207191643_00-Moving_00450.png,output/vein/masks/202207191643_00-Moving_00450.png,True
202207191643_00-Moving,452,output/vein/frames/202207191643_00-Moving_00452.png,output/vein/masks/202207191643_00-Moving_00452.png,True
202207191643_00-Moving,454,output/vein/frames/202207191643_00-Moving_00454.png,output/vein/masks/202207191643_00-Moving_00454.png,True
202207191643_00-Moving,456,output/vein/frames/202207191643_00-Moving_00456.png,output/vein/masks/202207191643_00-Moving_00456.png,True
202207191643_00-Moving,458,output/vein/frames/202207191643_00-Moving_00458.png,output/vein/masks/202207191643_00-Moving_00458.png,True
202207191643_00-Moving,460,output/vein/frames/202207191643_00-Moving_00460.png,output/vein/masks/202207191643_00-Moving_00460.png,True
202207191643_00-Moving,462,output/vein/frames/202207191643_00-Moving_00462.png,output/vein/masks/202207191643_00-Moving_00462.png,True
202207191643_00-Moving,464,output/vein/frames/202207191643_00-Moving_00464.png,output/vein/masks/202207191643_00-Moving_00464.png,True
202207191643_00-Moving,466,output/vein/frames/202207191643_00-Moving_00466.png,output/vein/masks/202207191643_00-Moving_00466.png,True
202207191643_00-Moving,468,output/vein/frames/202207191643_00-Moving_00468.png,output/vein/masks/202207191643_00-Moving_00468.png,True
202207191643_00-Moving,470,output/vein/frames/202207191643_00-Moving_00470.png,output/vein/masks/202207191643_00-Moving_00470.png,True
202207191643_00-Moving,472,output/vein/frames/202207191643_00-Moving_00472.png,output/vein/masks/202207191643_00-Moving_00472.png,True
202207191643_00-Moving,474,output/vein/frames/202207191643_00-Moving_00474.png,output/vein/masks/202207191643_00-Moving_00474.png,True
202207191643_00-Moving,476,output/vein/frames/202207191643_00-Moving_00476.png,output/vein/masks/202207191643_00-Moving_00476.png,True
202207191643_00-Moving,478,output/vein/frames/202207191643_00-Moving_00478.png,output/vein/masks/202207191643_00-Moving_00478.png,True
202207191643_00-Moving,480,output/vein/frames/202207191643_00-Moving_00480.png,output/vein/masks/202207191643_00-Moving_00480.png,True
202207191643_00-Moving,482,output/vein/frames/202207191643_00-Moving_00482.png,output/vein/masks/202207191643_00-Moving_00482.png,True
202207191643_00-Moving,484,output/vein/frames/202207191643_00-Moving_00484.png,output/vein/masks/202207191643_00-Moving_00484.png,True
202207191643_00-Moving,486,output/vein/frames/202207191643_00-Moving_00486.png,output/vein/masks/202207191643_00-Moving_00486.png,True
202207191643_00-Moving,488,output/vein/frames/202207191643_00-Moving_00488.png,output/vein/masks/202207191643_00-Moving_00488.png,True
202207191643_00-Moving,490,output/vein/frames/202207191643_00-Moving_00490.png,output/vein/masks/202207191643_00-Moving_00490.png,True
202207191643_00-Moving,492,output/vein/frames/202207191643_00-Moving_00492.png,output/vein/masks/202207191643_00-Moving_00492.png,True
202207191643_00-Moving,494,output/vein/frames/202207191643_00-Moving_00494.png,output/vein/masks/202207191643_00-Moving_00494.png,True
202207191643_00-Moving,496,output/vein/frames/202207191643_00-Moving_00496.png,output/vein/masks/202207191643_00-Moving_00496.png,True
202207191643_00-Moving,498,output/vein/frames/202207191643_00-Moving_00498.png,output/vein/masks/202207191643_00-Moving_00498.png,True
202207191643_00-Moving,500,output/vein/frames/202207191643_00-Moving_00500.png,output/vein/masks/202207191643_00-Moving_00500.png,True
202207191643_00-Moving,502,output/vein/frames/202207191643_00-Moving_00502.png,output/vein/masks/202207191643_00-Moving_00502.png,True
202207191643_00-Moving,504,output/vein/frames/202207191643_00-Moving_00504.png,output/vein/masks/202207191643_00-Moving_00504.png,True
202207191643_00-Moving,506,output/vein/frames/202207191643_00-Moving_00506.png,output/vein/masks/202207191643_00-Moving_00506.png,True
202207191643_00-Moving,508,output/vein/frames/202207191643_00-Moving_00508.png,output/vein/masks/202207191643_00-Moving_00508.png,True
202207191643_00-Moving,510,output/vein/frames/202207191643_00-Moving_00510.png,output/vein/masks/202207191643_00-Moving_00510.png,True
202207191643_00-Moving,512,output/vein/frames/202207191643_00-Moving_00512.png,output/vein/masks/202207191643_00-Moving_00512.png,True
202207191643_00-Moving,514,output/vein/frames/202207191643_00-Moving_00514.png,output/vein/masks/202207191643_00-Moving_00514.png,True
202207191643_00-Moving,516,output/vein/frames/202207191643_00-Moving_00516.png,output/vein/masks/202207191643_00-Moving_00516.png,True
202207191643_00-Moving,518,output/vein/frames/202207191643_00-Moving_00518.png,output/vein/masks/202207191643_00-Moving_00518.png,True
202207191643_00-Moving,520,output/vein/frames/202207191643_00-Moving_00520.png,output/vein/masks/202207191643_00-Moving_00520.png,True
202207191643_00-Moving,522,output/vein/frames/202207191643_00-Moving_00522.png,output/vein/masks/202207191643_00-Moving_00522.png,True
202207191643_00-Moving,524,output/vein/frames/202207191643_00-Moving_00524.png,output/vein/masks/202207191643_00-Moving_00524.png,True
202207191643_00-Moving,526,output/vein/frames/202207191643_00-Moving_00526.png,output/vein/masks/202207191643_00-Moving_00526.png,True
202207191643_00-Moving,528,output/vein/frames/202207191643_00-Moving_00528.png,output/vein/masks/202207191643_00-Moving_00528.png,True
202207191643_00-Moving,530,output/vein/frames/202207191643_00-Moving_00530.png,output/vein/masks/202207191643_00-Moving_00530.png,True
202207191643_00-Moving,532,output/vein/frames/202207191643_00-Moving_00532.png,output/vein/masks/202207191643_00-Moving_00532.png,True
202207191643_00-Moving,534,output/vein/frames/202207191643_00-Moving_00534.png,output/vein/masks/202207191643_00-Moving_00534.png,True
202207191643_00-Moving,536,output/vein/frames/202207191643_00-Moving_00536.png,output/vein/masks/202207191643_00-Moving_00536.png,True
202207191643_00-Moving,538,output/vein/frames/202207191643_00-Moving_00538.png,output/vein/masks/202207191643_00-Moving_00538.png,True
202207191643_00-Moving,540,output/vein/frames/202207191643_00-Moving_00540.png,output/vein/masks/202207191643_00-Moving_00540.png,True
202207191643_00-Moving,542,output/vein/frames/202207191643_00-Moving_00542.png,output/vein/masks/202207191643_00-Moving_00542.png,True
202207191643_00-Moving,544,output/vein/frames/202207191643_00-Moving_00544.png,output/vein/masks/202207191643_00-Moving_00544.png,True
202207191643_00-Moving,546,output/vein/frames/202207191643_00-Moving_00546.png,output/vein/masks/202207191643_00-Moving_00546.png,True
202207191643_00-Moving,548,output/vein/frames/202207191643_00-Moving_00548.png,output/vein/masks/202207191643_00-Moving_00548.png,True
202207191643_00-Moving,550,output/vein/frames/202207191643_00-Moving_00550.png,output/vein/masks/202207191643_00-Moving_00550.png,True
202207191643_00-Moving,552,output/vein/frames/202207191643_00-Moving_00552.png,output/vein/masks/202207191643_00-Moving_00552.png,True
202207191643_00-Moving,554,output/vein/frames/202207191643_00-Moving_00554.png,output/vein/masks/202207191643_00-Moving_00554.png,True
202207191643_00-Moving,556,output/vein/frames/202207191643_00-Moving_00556.png,output/vein/masks/202207191643_00-Moving_00556.png,True
202207191643_00-Moving,558,output/vein/frames/202207191643_00-Moving_00558.png,output/vein/masks/202207191643_00-Moving_00558.png,True
202207191643_00-Moving,560,output/vein/frames/202207191643_00-Moving_00560.png,output/vein/masks/202207191643_00-Moving_00560.png,True
202207191643_00-Moving,562,output/vein/frames/202207191643_00-Moving_00562.png,output/vein/masks/202207191643_00-Moving_00562.png,True
202207191643_00-Moving,564,output/vein/frames/202207191643_00-Moving_00564.png,output/vein/masks/202207191643_00-Moving_00564.png,True
202207191643_00-Moving,566,output/vein/frames/202207191643_00-Moving_00566.png,output/vein/masks/202207191643_00-Moving_00566.png,True
202207191643_00-Moving,568,output/vein/frames/202207191643_00-Moving_00568.png,output/vein/masks/202207191643_00-Moving_00568.png,True
202207191643_00-Moving,570,output/vein/frames/202207191643_00-Moving_00570.png,output/vein/masks/202207191643_00-Moving_00570.png,True
202207191643_00-Moving,572,output/vein/frames/202207191643_00-Moving_00572.png,output/vein/masks/202207191643_00-Moving_00572.png,True
202207191643_00-Moving,574,output/vein/frames/202207191643_00-Moving_00574.png,output/vein/masks/202207191643_00-Moving_00574.png,True
202207191643_00-Moving,576,output/vein/frames/202207191643_00-Moving_00576.png,output/vein/masks/202207191643_00-Moving_00576.png,True
202207191643_00-Moving,578,output/vein/frames/202207191643_00-Moving_00578.png,output/vein/masks/202207191643_00-Moving_00578.png,True
202207191643_00-Moving,580,output/vein/frames/202207191643_00-Moving_00580.png,output/vein/masks/202207191643_00-Moving_00580.png,True
202207191643_00-Moving,582,output/vein/frames/202207191643_00-Moving_00582.png,output/vein/masks/202207191643_00-Moving_00582.png,True
202207191643_00-Moving,584,output/vein/frames/202207191643_00-Moving_00584.png,output/vein/masks/202207191643_00-Moving_00584.png,True
202207191643_00-Moving,586,output/vein/frames/202207191643_00-Moving_00586.png,output/vein/masks/202207191643_00-Moving_00586.png,True
202207191643_00-Moving,588,output/vein/frames/202207191643_00-Moving_00588.png,output/vein/masks/202207191643_00-Moving_00588.png,True
202207191643_00-Moving,590,output/vein/frames/202207191643_00-Moving_00590.png,output/vein/masks/202207191643_00-Moving_00590.png,True
202207191643_00-Moving,592,output/vein/frames/202207191643_00-Moving_00592.png,output/vein/masks/202207191643_00-Moving_00592.png,True
202207191643_00-Moving,594,output/vein/frames/202207191643_00-Moving_00594.png,output/vein/masks/202207191643_00-Moving_00594.png,True
202207191643_00-Moving,596,output/vein/frames/202207191643_00-Moving_00596.png,output/vein/masks/202207191643_00-Moving_00596.png,True
202207191643_00-Moving,598,output/vein/frames/202207191643_00-Moving_00598.png,output/vein/masks/202207191643_00-Moving_00598.png,True
202207191643_00-Moving,600,output/vein/frames/202207191643_00-Moving_00600.png,output/vein/masks/202207191643_00-Moving_00600.png,True
202207191643_00-Moving,602,output/vein/frames/202207191643_00-Moving_00602.png,output/vein/masks/202207191643_00-Moving_00602.png,True
202207191643_00-Moving,604,output/vein/frames/202207191643_00-Moving_00604.png,output/vein/masks/202207191643_00-Moving_00604.png,True
202207191643_00-Moving,606,output/vein/frames/202207191643_00-Moving_00606.png,output/vein/masks/202207191643_00-Moving_00606.png,True
202207191643_00-Moving,608,output/vein/frames/202207191643_00-Moving_00608.png,output/vein/masks/202207191643_00-Moving_00608.png,True
202207191643_00-Moving,610,output/vein/frames/202207191643_00-Moving_00610.png,output/vein/masks/202207191643_00-Moving_00610.png,False
202207191643_00-Moving,612,output/vein/frames/202207191643_00-Moving_00612.png,output/vein/masks/202207191643_00-Moving_00612.png,False
202207191643_00-Moving,614,output/vein/frames/202207191643_00-Moving_00614.png,output/vein/masks/202207191643_00-Moving_00614.png,True
202207191643_00-Moving,616,output/vein/frames/202207191643_00-Moving_00616.png,output/vein/masks/202207191643_00-Moving_00616.png,True
202207191643_00-Moving,618,output/vein/frames/202207191643_00-Moving_00618.png,output/vein/masks/202207191643_00-Moving_00618.png,True
202207191643_00-Moving,620,output/vein/frames/202207191643_00-Moving_00620.png,output/vein/masks/202207191643_00-Moving_00620.png,True
202207191643_00-Moving,622,output/vein/frames/202207191643_00-Moving_00622.png,output/vein/masks/202207191643_00-Moving_00622.png,True
202207191643_00-Moving,624,output/vein/frames/202207191643_00-Moving_00624.png,output/vein/masks/202207191643_00-Moving_00624.png,True
202207191643_00-Moving,626,output/vein/frames/202207191643_00-Moving_00626.png,output/vein/masks/202207191643_00-Moving_00626.png,True
202207191643_00-Moving,628,output/vein/frames/202207191643_00-Moving_00628.png,output/vein/masks/202207191643_00-Moving_00628.png,True
202207191643_00-Moving,630,output/vein/frames/202207191643_00-Moving_00630.png,output/vein/masks/202207191643_00-Moving_00630.png,True
202207191643_00-Moving,632,output/vein/frames/202207191643_00-Moving_00632.png,output/vein/masks/202207191643_00-Moving_00632.png,True
202207191643_00-Moving,634,output/vein/frames/202207191643_00-Moving_00634.png,output/vein/masks/202207191643_00-Moving_00634.png,True
202207191643_00-Moving,636,output/vein/frames/202207191643_00-Moving_00636.png,output/vein/masks/202207191643_00-Moving_00636.png,True
202207191643_00-Moving,638,output/vein/frames/202207191643_00-Moving_00638.png,output/vein/masks/202207191643_00-Moving_00638.png,True
202207191643_00-Moving,640,output/vein/frames/202207191643_00-Moving_00640.png,output/vein/masks/202207191643_00-Moving_00640.png,True
202207191643_00-Moving,642,output/vein/frames/202207191643_00-Moving_00642.png,output/vein/masks/202207191643_00-Moving_00642.png,True
202207191643_00-Moving,644,output/vein/frames/202207191643_00-Moving_00644.png,output/vein/masks/202207191643_00-Moving_00644.png,True
202207191643_00-Moving,646,output/vein/frames/202207191643_00-Moving_00646.png,output/vein/masks/202207191643_00-Moving_00646.png,True
202207191643_00-Moving,648,output/vein/frames/202207191643_00-Moving_00648.png,output/vein/masks/202207191643_00-Moving_00648.png,True
202207191643_00-Moving,650,output/vein/frames/202207191643_00-Moving_00650.png,output/vein/masks/202207191643_00-Moving_00650.png,True
202207191643_00-Moving,652,output/vein/frames/202207191643_00-Moving_00652.png,output/vein/masks/202207191643_00-Moving_00652.png,True
202207191643_00-Moving,654,output/vein/frames/202207191643_00-Moving_00654.png,output/vein/masks/202207191643_00-Moving_00654.png,True
202207191643_00-Moving,656,output/vein/frames/202207191643_00-Moving_00656.png,output/vein/masks/202207191643_00-Moving_00656.png,True
202207191643_00-Moving,658,output/vein/frames/202207191643_00-Moving_00658.png,output/vein/masks/202207191643_00-Moving_00658.png,True
202207191643_00-Moving,660,output/vein/frames/202207191643_00-Moving_00660.png,output/vein/masks/202207191643_00-Moving_00660.png,True
202207191643_00-Moving,662,output/vein/frames/202207191643_00-Moving_00662.png,output/vein/masks/202207191643_00-Moving_00662.png,True
202207191643_00-Moving,664,output/vein/frames/202207191643_00-Moving_00664.png,output/vein/masks/202207191643_00-Moving_00664.png,True
202207191643_00-Moving,666,output/vein/frames/202207191643_00-Moving_00666.png,output/vein/masks/202207191643_00-Moving_00666.png,True
202207191643_00-Moving,668,output/vein/frames/202207191643_00-Moving_00668.png,output/vein/masks/202207191643_00-Moving_00668.png,True
202207191643_00-Moving,670,output/vein/frames/202207191643_00-Moving_00670.png,output/vein/masks/202207191643_00-Moving_00670.png,True
202207191643_00-Moving,672,output/vein/frames/202207191643_00-Moving_00672.png,output/vein/masks/202207191643_00-Moving_00672.png,True
202207191643_00-Moving,674,output/vein/frames/202207191643_00-Moving_00674.png,output/vein/masks/202207191643_00-Moving_00674.png,True
202207191643_00-Moving,676,output/vein/frames/202207191643_00-Moving_00676.png,output/vein/masks/202207191643_00-Moving_00676.png,True
202207191643_00-Moving,678,output/vein/frames/202207191643_00-Moving_00678.png,output/vein/masks/202207191643_00-Moving_00678.png,True
202207191643_00-Moving,680,output/vein/frames/202207191643_00-Moving_00680.png,output/vein/masks/202207191643_00-Moving_00680.png,True
202207191643_00-Moving,682,output/vein/frames/202207191643_00-Moving_00682.png,output/vein/masks/202207191643_00-Moving_00682.png,True
202207191643_00-Moving,684,output/vein/frames/202207191643_00-Moving_00684.png,output/vein/masks/202207191643_00-Moving_00684.png,True
202207191643_00-Moving,686,output/vein/frames/202207191643_00-Moving_00686.png,output/vein/masks/202207191643_00-Moving_00686.png,True
202207191643_00-Moving,688,output/vein/frames/202207191643_00-Moving_00688.png,output/vein/masks/202207191643_00-Moving_00688.png,True
202207191643_00-Moving,690,output/vein/frames/202207191643_00-Moving_00690.png,output/vein/masks/202207191643_00-Moving_00690.png,True
202207191643_00-Moving,692,output/vein/frames/202207191643_00-Moving_00692.png,output/vein/masks/202207191643_00-Moving_00692.png,True
202207191643_00-Moving,694,output/vein/frames/202207191643_00-Moving_00694.png,output/vein/masks/202207191643_00-Moving_00694.png,True
202207191643_00-Moving,696,output/vein/frames/202207191643_00-Moving_00696.png,output/vein/masks/202207191643_00-Moving_00696.png,True
202207191643_00-Moving,698,output/vein/frames/202207191643_00-Moving_00698.png,output/vein/masks/202207191643_00-Moving_00698.png,True
202207191643_00-Moving,700,output/vein/frames/202207191643_00-Moving_00700.png,output/vein/masks/202207191643_00-Moving_00700.png,True
202207191643_00-Moving,702,output/vein/frames/202207191643_00-Moving_00702.png,output/vein/masks/202207191643_00-Moving_00702.png,True
202207191643_00-Moving,704,output/vein/frames/202207191643_00-Moving_00704.png,output/vein/masks/202207191643_00-Moving_00704.png,True
202207191643_00-Moving,706,output/vein/frames/202207191643_00-Moving_00706.png,output/vein/masks/202207191643_00-Moving_00706.png,True
202207191643_00-Moving,708,output/vein/frames/202207191643_00-Moving_00708.png,output/vein/masks/202207191643_00-Moving_00708.png,True
202207191643_00-Moving,710,output/vein/frames/202207191643_00-Moving_00710.png,output/vein/masks/202207191643_00-Moving_00710.png,True
202207191643_00-Moving,712,output/vein/frames/202207191643_00-Moving_00712.png,output/vein/masks/202207191643_00-Moving_00712.png,True
202207191643_00-Moving,714,output/vein/frames/202207191643_00-Moving_00714.png,output/vein/masks/202207191643_00-Moving_00714.png,True
202207191643_00-Moving,716,output/vein/frames/202207191643_00-Moving_00716.png,output/vein/masks/202207191643_00-Moving_00716.png,True
202207191643_00-Moving,718,output/vein/frames/202207191643_00-Moving_00718.png,output/vein/masks/202207191643_00-Moving_00718.png,True
202207191643_00-Moving,720,output/vein/frames/202207191643_00-Moving_00720.png,output/vein/masks/202207191643_00-Moving_00720.png,True
202207191643_00-Moving,722,output/vein/frames/202207191643_00-Moving_00722.png,output/vein/masks/202207191643_00-Moving_00722.png,True
202207191643_00-Moving,724,output/vein/frames/202207191643_00-Moving_00724.png,output/vein/masks/202207191643_00-Moving_00724.png,True
202207191643_00-Moving,726,output/vein/frames/202207191643_00-Moving_00726.png,output/vein/masks/202207191643_00-Moving_00726.png,True
202207191643_00-Moving,728,output/vein/frames/202207191643_00-Moving_00728.png,output/vein/masks/202207191643_00-Moving_00728.png,True
202207191643_00-Moving,730,output/vein/frames/202207191643_00-Moving_00730.png,output/vein/masks/202207191643_00-Moving_00730.png,True
202207191643_00-Moving,732,output/vein/frames/202207191643_00-Moving_00732.png,output/vein/masks/202207191643_00-Moving_00732.png,True
202207191643_00-Moving,734,output/vein/frames/202207191643_00-Moving_00734.png,output/vein/masks/202207191643_00-Moving_00734.png,True
202207191643_00-Moving,736,output/vein/frames/202207191643_00-Moving_00736.png,output/vein/masks/202207191643_00-Moving_00736.png,True
202207191643_00-Moving,738,output/vein/frames/202207191643_00-Moving_00738.png,output/vein/masks/202207191643_00-Moving_00738.png,True
202207191643_00-Moving,740,output/vein/frames/202207191643_00-Moving_00740.png,output/vein/masks/202207191643_00-Moving_00740.png,True
202207191643_00-Moving,742,output/vein/frames/202207191643_00-Moving_00742.png,output/vein/masks/202207191643_00-Moving_00742.png,True
202207191643_00-Moving,744,output/vein/frames/202207191643_00-Moving_00744.png,output/vein/masks/202207191643_00-Moving_00744.png,True
202207191643_00-Moving,746,output/vein/frames/202207191643_00-Moving_00746.png,output/vein/masks/202207191643_00-Moving_00746.png,True
202207191643_00-Moving,748,output/vein/frames/202207191643_00-Moving_00748.png,output/vein/masks/202207191643_00-Moving_00748.png,True
202207191643_00-Moving,750,output/vein/frames/202207191643_00-Moving_00750.png,output/vein/masks/202207191643_00-Moving_00750.png,True
202207191643_00-Moving,752,output/vein/frames/202207191643_00-Moving_00752.png,output/vein/masks/202207191643_00-Moving_00752.png,True
202207191643_00-Moving,754,output/vein/frames/202207191643_00-Moving_00754.png,output/vein/masks/202207191643_00-Moving_00754.png,True
202207191643_00-Moving,756,output/vein/frames/202207191643_00-Moving_00756.png,output/vein/masks/202207191643_00-Moving_00756.png,True
202207191643_00-Moving,758,output/vein/frames/202207191643_00-Moving_00758.png,output/vein/masks/202207191643_00-Moving_00758.png,True
202207191643_00-Moving,760,output/vein/frames/202207191643_00-Moving_00760.png,output/vein/masks/202207191643_00-Moving_00760.png,True
202207191643_00-Moving,762,output/vein/frames/202207191643_00-Moving_00762.png,output/vein/masks/202207191643_00-Moving_00762.png,True
202207191643_00-Moving,764,output/vein/frames/202207191643_00-Moving_00764.png,output/vein/masks/202207191643_00-Moving_00764.png,True
202207191643_00-Moving,766,output/vein/frames/202207191643_00-Moving_00766.png,output/vein/masks/202207191643_00-Moving_00766.png,True
202207191643_00-Moving,768,output/vein/frames/202207191643_00-Moving_00768.png,output/vein/masks/202207191643_00-Moving_00768.png,True
202207191643_00-Moving,770,output/vein/frames/202207191643_00-Moving_00770.png,output/vein/masks/202207191643_00-Moving_00770.png,True
202207191643_00-Moving,772,output/vein/frames/202207191643_00-Moving_00772.png,output/vein/masks/202207191643_00-Moving_00772.png,True
202207191643_00-Moving,774,output/vein/frames/202207191643_00-Moving_00774.png,output/vein/masks/202207191643_00-Moving_00774.png,True
202207191643_00-Moving,776,output/vein/frames/202207191643_00-Moving_00776.png,output/vein/masks/202207191643_00-Moving_00776.png,True
202207191643_00-Moving,778,output/vein/frames/202207191643_00-Moving_00778.png,output/vein/masks/202207191643_00-Moving_00778.png,True
202207191643_00-Moving,780,output/vein/frames/202207191643_00-Moving_00780.png,output/vein/masks/202207191643_00-Moving_00780.png,True
202207191643_00-Moving,782,output/vein/frames/202207191643_00-Moving_00782.png,output/vein/masks/202207191643_00-Moving_00782.png,True
202207191643_00-Moving,784,output/vein/frames/202207191643_00-Moving_00784.png,output/vein/masks/202207191643_00-Moving_00784.png,True
202207191643_00-Moving,786,output/vein/frames/202207191643_00-Moving_00786.png,output/vein/masks/202207191643_00-Moving_00786.png,True
202207191643_00-Moving,788,output/vein/frames/202207191643_00-Moving_00788.png,output/vein/masks/202207191643_00-Moving_00788.png,True
202207191643_00-Moving,790,output/vein/frames/202207191643_00-Moving_00790.png,output/vein/masks/202207191643_00-Moving_00790.png,True
202207191643_00-Moving,792,output/vein/frames/202207191643_00-Moving_00792.png,output/vein/masks/202207191643_00-Moving_00792.png,True
202207191643_00-Moving,794,output/vein/frames/202207191643_00-Moving_00794.png,output/vein/masks/202207191643_00-Moving_00794.png,True
202207191643_00-Moving,796,output/vein/frames/202207191643_00-Moving_00796.png,output/vein/masks/202207191643_00-Moving_00796.png,True
202207191643_00-Moving,798,output/vein/frames/202207191643_00-Moving_00798.png,output/vein/masks/202207191643_00-Moving_00798.png,True
202207191643_00-Moving,800,output/vein/frames/202207191643_00-Moving_00800.png,output/vein/masks/202207191643_00-Moving_00800.png,True
202207191643_00-Moving,802,output/vein/frames/202207191643_00-Moving_00802.png,output/vein/masks/202207191643_00-Moving_00802.png,True
202207191643_00-Moving,804,output/vein/frames/202207191643_00-Moving_00804.png,output/vein/masks/202207191643_00-Moving_00804.png,True
202207191643_00-Moving,806,output/vein/frames/202207191643_00-Moving_00806.png,output/vein/masks/202207191643_00-Moving_00806.png,True
202207191643_00-Moving,808,output/vein/frames/202207191643_00-Moving_00808.png,output/vein/masks/202207191643_00-Moving_00808.png,True
202207191643_00-Moving,810,output/vein/frames/202207191643_00-Moving_00810.png,output/vein/masks/202207191643_00-Moving_00810.png,True
202207191643_00-Moving,812,output/vein/frames/202207191643_00-Moving_00812.png,output/vein/masks/202207191643_00-Moving_00812.png,True
202207191643_00-Moving,814,output/vein/frames/202207191643_00-Moving_00814.png,output/vein/masks/202207191643_00-Moving_00814.png,True
202207191643_00-Moving,816,output/vein/frames/202207191643_00-Moving_00816.png,output/vein/masks/202207191643_00-Moving_00816.png,True
202207191643_00-Moving,818,output/vein/frames/202207191643_00-Moving_00818.png,output/vein/masks/202207191643_00-Moving_00818.png,True
202207191643_00-Moving,820,output/vein/frames/202207191643_00-Moving_00820.png,output/vein/masks/202207191643_00-Moving_00820.png,True
202207191643_00-Moving,822,output/vein/frames/202207191643_00-Moving_00822.png,output/vein/masks/202207191643_00-Moving_00822.png,True
202207191643_00-Moving,824,output/vein/frames/202207191643_00-Moving_00824.png,output/vein/masks/202207191643_00-Moving_00824.png,True
202207191643_00-Moving,826,output/vein/frames/202207191643_00-Moving_00826.png,output/vein/masks/202207191643_00-Moving_00826.png,True
202207191643_00-Moving,828,output/vein/frames/202207191643_00-Moving_00828.png,output/vein/masks/202207191643_00-Moving_00828.png,True
202207191643_00-Moving,830,output/vein/frames/202207191643_00-Moving_00830.png,output/vein/masks/202207191643_00-Moving_00830.png,True
202207191643_00-Moving,832,output/vein/frames/202207191643_00-Moving_00832.png,output/vein/masks/202207191643_00-Moving_00832.png,True
202207191643_00-Moving,834,output/vein/frames/202207191643_00-Moving_00834.png,output/vein/masks/202207191643_00-Moving_00834.png,True
202207191643_00-Moving,836,output/vein/frames/202207191643_00-Moving_00836.png,output/vein/masks/202207191643_00-Moving_00836.png,True
202207191643_00-Moving,838,output/vein/frames/202207191643_00-Moving_00838.png,output/vein/masks/202207191643_00-Moving_00838.png,True
202207191643_00-Moving,840,output/vein/frames/202207191643_00-Moving_00840.png,output/vein/masks/202207191643_00-Moving_00840.png,True
202207191643_00-Moving,842,output/vein/frames/202207191643_00-Moving_00842.png,output/vein/masks/202207191643_00-Moving_00842.png,True
202207191643_00-Moving,844,output/vein/frames/202207191643_00-Moving_00844.png,output/vein/masks/202207191643_00-Moving_00844.png,True
202207191643_00-Moving,846,output/vein/frames/202207191643_00-Moving_00846.png,output/vein/masks/202207191643_00-Moving_00846.png,True
202207191643_00-Moving,848,output/vein/frames/202207191643_00-Moving_00848.png,output/vein/masks/202207191643_00-Moving_00848.png,True
202207191643_00-Moving,850,output/vein/frames/202207191643_00-Moving_00850.png,output/vein/masks/202207191643_00-Moving_00850.png,True
202207191643_00-Moving,852,output/vein/frames/202207191643_00-Moving_00852.png,output/vein/masks/202207191643_00-Moving_00852.png,True
202207191643_00-Moving,854,output/vein/frames/202207191643_00-Moving_00854.png,output/vein/masks/202207191643_00-Moving_00854.png,True
202207191643_00-Moving,856,output/vein/frames/202207191643_00-Moving_00856.png,output/vein/masks/202207191643_00-Moving_00856.png,True
202207191643_00-Moving,858,output/vein/frames/202207191643_00-Moving_00858.png,output/vein/masks/202207191643_00-Moving_00858.png,True
202207191643_00-Moving,860,output/vein/frames/202207191643_00-Moving_00860.png,output/vein/masks/202207191643_00-Moving_00860.png,True
202207191643_00-Moving,862,output/vein/frames/202207191643_00-Moving_00862.png,output/vein/masks/202207191643_00-Moving_00862.png,True
202207191643_00-Moving,864,output/vein/frames/202207191643_00-Moving_00864.png,output/vein/masks/202207191643_00-Moving_00864.png,True
202207191643_00-Moving,866,output/vein/frames/202207191643_00-Moving_00866.png,output/vein/masks/202207191643_00-Moving_00866.png,True
202207191643_00-Moving,868,output/vein/frames/202207191643_00-Moving_00868.png,output/vein/masks/202207191643_00-Moving_00868.png,True
202207191643_00-Moving,870,output/vein/frames/202207191643_00-Moving_00870.png,output/vein/masks/202207191643_00-Moving_00870.png,True
202207191643_00-Moving,872,output/vein/frames/202207191643_00-Moving_00872.png,output/vein/masks/202207191643_00-Moving_00872.png,True
202207191643_00-Moving,874,output/vein/frames/202207191643_00-Moving_00874.png,output/vein/masks/202207191643_00-Moving_00874.png,True
202207191643_00-Moving,876,output/vein/frames/202207191643_00-Moving_00876.png,output/vein/masks/202207191643_00-Moving_00876.png,True
202207191643_00-Moving,878,output/vein/frames/202207191643_00-Moving_00878.png,output/vein/masks/202207191643_00-Moving_00878.png,True
202207191643_00-Moving,880,output/vein/frames/202207191643_00-Moving_00880.png,output/vein/masks/202207191643_00-Moving_00880.png,True
202207191643_00-Moving,882,output/vein/frames/202207191643_00-Moving_00882.png,output/vein/masks/202207191643_00-Moving_00882.png,True
202207191643_00-Moving,884,output/vein/frames/202207191643_00-Moving_00884.png,output/vein/masks/202207191643_00-Moving_00884.png,True
202207191643_00-Moving,886,output/vein/frames/202207191643_00-Moving_00886.png,output/vein/masks/202207191643_00-Moving_00886.png,True
202207191643_00-Moving,888,output/vein/frames/202207191643_00-Moving_00888.png,output/vein/masks/202207191643_00-Moving_00888.png,True
202207191643_00-Moving,890,output/vein/frames/202207191643_00-Moving_00890.png,output/vein/masks/202207191643_00-Moving_00890.png,True
202207191643_00-Moving,892,output/vein/frames/202207191643_00-Moving_00892.png,output/vein/masks/202207191643_00-Moving_00892.png,True
202207191643_00-Moving,894,output/vein/frames/202207191643_00-Moving_00894.png,output/vein/masks/202207191643_00-Moving_00894.png,True
202207191643_00-Moving,896,output/vein/frames/202207191643_00-Moving_00896.png,output/vein/masks/202207191643_00-Moving_00896.png,True
202207191643_00-Moving,898,output/vein/frames/202207191643_00-Moving_00898.png,output/vein/masks/202207191643_00-Moving_00898.png,True
202207191643_00-Moving,900,output/vein/frames/202207191643_00-Moving_00900.png,output/vein/masks/202207191643_00-Moving_00900.png,True
202207191643_00-Moving,902,output/vein/frames/202207191643_00-Moving_00902.png,output/vein/masks/202207191643_00-Moving_00902.png,True
202207191643_00-Moving,904,output/vein/frames/202207191643_00-Moving_00904.png,output/vein/masks/202207191643_00-Moving_00904.png,True
202207191643_00-Moving,906,output/vein/frames/202207191643_00-Moving_00906.png,output/vein/masks/202207191643_00-Moving_00906.png,True
202207191643_00-Moving,908,output/vein/frames/202207191643_00-Moving_00908.png,output/vein/masks/202207191643_00-Moving_00908.png,True
202207191643_00-Moving,910,output/vein/frames/202207191643_00-Moving_00910.png,output/vein/masks/202207191643_00-Moving_00910.png,True
202207191643_00-Moving,912,output/vein/frames/202207191643_00-Moving_00912.png,output/vein/masks/202207191643_00-Moving_00912.png,True
202207191643_00-Moving,914,output/vein/frames/202207191643_00-Moving_00914.png,output/vein/masks/202207191643_00-Moving_00914.png,True
202207191643_00-Moving,916,output/vein/frames/202207191643_00-Moving_00916.png,output/vein/masks/202207191643_00-Moving_00916.png,True
202207191643_00-Moving,918,output/vein/frames/202207191643_00-Moving_00918.png,output/vein/masks/202207191643_00-Moving_00918.png,True
202207191643_00-Moving,920,output/vein/frames/202207191643_00-Moving_00920.png,output/vein/masks/202207191643_00-Moving_00920.png,True
202207191643_00-Moving,922,output/vein/frames/202207191643_00-Moving_00922.png,output/vein/masks/202207191643_00-Moving_00922.png,True
202207191643_00-Moving,924,output/vein/frames/202207191643_00-Moving_00924.png,output/vein/masks/202207191643_00-Moving_00924.png,True
202207191643_00-Moving,926,output/vein/frames/202207191643_00-Moving_00926.png,output/vein/masks/202207191643_00-Moving_00926.png,True
202207191643_00-Moving,928,output/vein/frames/202207191643_00-Moving_00928.png,output/vein/masks/202207191643_00-Moving_00928.png,True
202207191643_00-Moving,930,output/vein/frames/202207191643_00-Moving_00930.png,output/vein/masks/202207191643_00-Moving_00930.png,True
202207191643_00-Moving,932,output/vein/frames/202207191643_00-Moving_00932.png,output/vein/masks/202207191643_00-Moving_00932.png,True
202207191643_00-Moving,934,output/vein/frames/202207191643_00-Moving_00934.png,output/vein/masks/202207191643_00-Moving_00934.png,True
202207191643_00-Moving,936,output/vein/frames/202207191643_00-Moving_00936.png,output/vein/masks/202207191643_00-Moving_00936.png,True
202207191643_00-Moving,938,output/vein/frames/202207191643_00-Moving_00938.png,output/vein/masks/202207191643_00-Moving_00938.png,True
202207191643_00-Moving,940,output/vein/frames/202207191643_00-Moving_00940.png,output/vein/masks/202207191643_00-Moving_00940.png,True
202207191643_00-Moving,942,output/vein/frames/202207191643_00-Moving_00942.png,output/vein/masks/202207191643_00-Moving_00942.png,True
202207191643_00-Moving,944,output/vein/frames/202207191643_00-Moving_00944.png,output/vein/masks/202207191643_00-Moving_00944.png,True
202207191643_00-Moving,946,output/vein/frames/202207191643_00-Moving_00946.png,output/vein/masks/202207191643_00-Moving_00946.png,True
202207191643_00-Moving,948,output/vein/frames/202207191643_00-Moving_00948.png,output/vein/masks/202207191643_00-Moving_00948.png,True
202207191643_00-Moving,950,output/vein/frames/202207191643_00-Moving_00950.png,output/vein/masks/202207191643_00-Moving_00950.png,True
202207191643_00-Moving,952,output/vein/frames/202207191643_00-Moving_00952.png,output/vein/masks/202207191643_00-Moving_00952.png,True
202207191643_00-Moving,954,output/vein/frames/202207191643_00-Moving_00954.png,output/vein/masks/202207191643_00-Moving_00954.png,True
202207191643_00-Moving,956,output/vein/frames/202207191643_00-Moving_00956.png,output/vein/masks/202207191643_00-Moving_00956.png,True
202207191643_00-Moving,958,output/vein/frames/202207191643_00-Moving_00958.png,output/vein/masks/202207191643_00-Moving_00958.png,True
202207191643_00-Moving,960,output/vein/frames/202207191643_00-Moving_00960.png,output/vein/masks/202207191643_00-Moving_00960.png,True
202207191643_00-Moving,962,output/vein/frames/202207191643_00-Moving_00962.png,output/vein/masks/202207191643_00-Moving_00962.png,True
202207191643_00-Moving,964,output/vein/frames/202207191643_00-Moving_00964.png,output/vein/masks/202207191643_00-Moving_00964.png,True
202207191643_00-Moving,966,output/vein/frames/202207191643_00-Moving_00966.png,output/vein/masks/202207191643_00-Moving_00966.png,True
202207191643_00-Moving,968,output/vein/frames/202207191643_00-Moving_00968.png,output/vein/masks/202207191643_00-Moving_00968.png,True
202207191643_00-Moving,970,output/vein/frames/202207191643_00-Moving_00970.png,output/vein/masks/202207191643_00-Moving_00970.png,True
202207191643_00-Moving,972,output/vein/frames/202207191643_00-Moving_00972.png,output/vein/masks/202207191643_00-Moving_00972.png,True
202207191643_00-Moving,974,output/vein/frames/202207191643_00-Moving_00974.png,output/vein/masks/202207191643_00-Moving_00974.png,True
202207191643_00-Moving,976,output/vein/frames/202207191643_00-Moving_00976.png,output/vein/masks/202207191643_00-Moving_00976.png,True
202207191643_00-Moving,978,output/vein/frames/202207191643_00-Moving_00978.png,output/vein/masks/202207191643_00-Moving_00978.png,True
202207191643_00-Moving,980,output/vein/frames/202207191643_00-Moving_00980.png,output/vein/masks/202207191643_00-Moving_00980.png,True
202207191643_00-Moving,982,output/vein/frames/202207191643_00-Moving_00982.png,output/vein/masks/202207191643_00-Moving_00982.png,True
202207191643_00-Moving,984,output/vein/frames/202207191643_00-Moving_00984.png,output/vein/masks/202207191643_00-Moving_00984.png,True
202207191643_00-Moving,986,output/vein/frames/202207191643_00-Moving_00986.png,output/vein/masks/202207191643_00-Moving_00986.png,True
202207191643_00-Moving,988,output/vein/frames/202207191643_00-Moving_00988.png,output/vein/masks/202207191643_00-Moving_00988.png,True
202207191643_00-Moving,990,output/vein/frames/202207191643_00-Moving_00990.png,output/vein/masks/202207191643_00-Moving_00990.png,True
202207191643_00-Moving,992,output/vein/frames/202207191643_00-Moving_00992.png,output/vein/masks/202207191643_00-Moving_00992.png,True
202207191643_00-Moving,994,output/vein/frames/202207191643_00-Moving_00994.png,output/vein/masks/202207191643_00-Moving_00994.png,True
202207191643_00-Moving,996,output/vein/frames/202207191643_00-Moving_00996.png,output/vein/masks/202207191643_00-Moving_00996.png,True
202207191643_00-Moving,998,output/vein/frames/202207191643_00-Moving_00998.png,output/vein/masks/202207191643_00-Moving_00998.png,True
202207191643_00-Moving,1000,output/vein/frames/202207191643_00-Moving_01000.png,output/vein/masks/202207191643_00-Moving_01000.png,True
202207191643_00-Moving,1002,output/vein/frames/202207191643_00-Moving_01002.png,output/vein/masks/202207191643_00-Moving_01002.png,True
202207191643_00-Moving,1004,output/vein/frames/202207191643_00-Moving_01004.png,output/vein/masks/202207191643_00-Moving_01004.png,True
202207191643_00-Moving,1006,output/vein/frames/202207191643_00-Moving_01006.png,output/vein/masks/202207191643_00-Moving_01006.png,True
202207191643_00-Moving,1008,output/vein/frames/202207191643_00-Moving_01008.png,output/vein/masks/202207191643_00-Moving_01008.png,True
202207191643_00-Moving,1010,output/vein/frames/202207191643_00-Moving_01010.png,output/vein/masks/202207191643_00-Moving_01010.png,True
202207191643_00-Moving,1012,output/vein/frames/202207191643_00-Moving_01012.png,output/vein/masks/202207191643_00-Moving_01012.png,True
202207191643_00-Moving,1014,output/vein/frames/202207191643_00-Moving_01014.png,output/vein/masks/202207191643_00-Moving_01014.png,True
202207191643_00-Moving,1016,output/vein/frames/202207191643_00-Moving_01016.png,output/vein/masks/202207191643_00-Moving_01016.png,True
202207191643_00-Moving,1018,output/vein/frames/202207191643_00-Moving_01018.png,output/vein/masks/202207191643_00-Moving_01018.png,True
202207191643_00-Moving,1020,output/vein/frames/202207191643_00-Moving_01020.png,output/vein/masks/202207191643_00-Moving_01020.png,True
202207191643_00-Moving,1022,output/vein/frames/202207191643_00-Moving_01022.png,output/vein/masks/202207191643_00-Moving_01022.png,True
202207191643_00-Moving,1024,output/vein/frames/202207191643_00-Moving_01024.png,output/vein/masks/202207191643_00-Moving_01024.png,True
202207191643_00-Moving,1026,output/vein/frames/202207191643_00-Moving_01026.png,output/vein/masks/202207191643_00-Moving_01026.png,True
202207191643_00-Moving,1028,output/vein/frames/202207191643_00-Moving_01028.png,output/vein/masks/202207191643_00-Moving_01028.png,True
202207191643_00-Moving,1030,output/vein/frames/202207191643_00-Moving_01030.png,output/vein/masks/202207191643_00-Moving_01030.png,True
202207191643_00-Moving,1032,output/vein/frames/202207191643_00-Moving_01032.png,output/vein/masks/202207191643_00-Moving_01032.png,True
202207191643_00-Moving,1034,output/vein/frames/202207191643_00-Moving_01034.png,output/vein/masks/202207191643_00-Moving_01034.png,True
202207191643_00-Moving,1036,output/vein/frames/202207191643_00-Moving_01036.png,output/vein/masks/202207191643_00-Moving_01036.png,True
202207191643_00-Moving,1038,output/vein/frames/202207191643_00-Moving_01038.png,output/vein/masks/202207191643_00-Moving_01038.png,True
202207191643_00-Moving,1040,output/vein/frames/202207191643_00-Moving_01040.png,output/vein/masks/202207191643_00-Moving_01040.png,True
202207191643_00-Moving,1042,output/vein/frames/202207191643_00-Moving_01042.png,output/vein/masks/202207191643_00-Moving_01042.png,True
202207191643_00-Moving,1044,output/vein/frames/202207191643_00-Moving_01044.png,output/vein/masks/202207191643_00-Moving_01044.png,True
202207191643_00-Moving,1046,output/vein/frames/202207191643_00-Moving_01046.png,output/vein/masks/202207191643_00-Moving_01046.png,True
202207191643_00-Moving,1048,output/vein/frames/202207191643_00-Moving_01048.png,output/vein/masks/202207191643_00-Moving_01048.png,True
202207191643_00-Moving,1050,output/vein/frames/202207191643_00-Moving_01050.png,output/vein/masks/202207191643_00-Moving_01050.png,True
202207191643_00-Moving,1052,output/vein/frames/202207191643_00-Moving_01052.png,output/vein/masks/202207191643_00-Moving_01052.png,True
202207191643_00-Moving,1054,output/vein/frames/202207191643_00-Moving_01054.png,output/vein/masks/202207191643_00-Moving_01054.png,True
202207191643_00-Moving,1056,output/vein/frames/202207191643_00-Moving_01056.png,output/vein/masks/202207191643_00-Moving_01056.png,True
202207191643_00-Moving,1058,output/vein/frames/202207191643_00-Moving_01058.png,output/vein/masks/202207191643_00-Moving_01058.png,True
202207191643_00-Moving,1060,output/vein/frames/202207191643_00-Moving_01060.png,output/vein/masks/202207191643_00-Moving_01060.png,True
202207191643_00-Moving,1062,output/vein/frames/202207191643_00-Moving_01062.png,output/vein/masks/202207191643_00-Moving_01062.png,True
202207191643_00-Moving,1064,output/vein/frames/202207191643_00-Moving_01064.png,output/vein/masks/202207191643_00-Moving_01064.png,True
202207191643_00-Moving,1066,output/vein/frames/202207191643_00-Moving_01066.png,output/vein/masks/202207191643_00-Moving_01066.png,True
202207191643_00-Moving,1068,output/vein/frames/202207191643_00-Moving_01068.png,output/vein/masks/202207191643_00-Moving_01068.png,True
202207191643_00-Moving,1070,output/vein/frames/202207191643_00-Moving_01070.png,output/vein/masks/202207191643_00-Moving_01070.png,True
202207191643_00-Moving,1072,output/vein/frames/202207191643_00-Moving_01072.png,output/vein/masks/202207191643_00-Moving_01072.png,True
202207191643_00-Moving,1074,output/vein/frames/202207191643_00-Moving_01074.png,output/vein/masks/202207191643_00-Moving_01074.png,True
202207191643_00-Moving,1076,output/vein/frames/202207191643_00-Moving_01076.png,output/vein/masks/202207191643_00-Moving_01076.png,True
202207191643_00-Moving,1078,output/vein/frames/202207191643_00-Moving_01078.png,output/vein/masks/202207191643_00-Moving_01078.png,True
202207191643_00-Moving,1080,output/vein/frames/202207191643_00-Moving_01080.png,output/vein/masks/202207191643_00-Moving_01080.png,True
202207191643_00-Moving,1082,output/vein/frames/202207191643_00-Moving_01082.png,output/vein/masks/202207191643_00-Moving_01082.png,True
202207191643_00-Moving,1084,output/vein/frames/202207191643_00-Moving_01084.png,output/vein/masks/202207191643_00-Moving_01084.png,True
202207191643_00-Moving,1086,output/vein/frames/202207191643_00-Moving_01086.png,output/vein/masks/202207191643_00-Moving_01086.png,True
202207191643_00-Moving,1088,output/vein/frames/202207191643_00-Moving_01088.png,output/vein/masks/202207191643_00-Moving_01088.png,True
202207191643_00-Moving,1090,output/vein/frames/202207191643_00-Moving_01090.png,output/vein/masks/202207191643_00-Moving_01090.png,True
202207191643_00-Moving,1092,output/vein/frames/202207191643_00-Moving_01092.png,output/vein/masks/202207191643_00-Moving_01092.png,True
202207191643_00-Moving,1094,output/vein/frames/202207191643_00-Moving_01094.png,output/vein/masks/202207191643_00-Moving_01094.png,True
202207191643_00-Moving,1096,output/vein/frames/202207191643_00-Moving_01096.png,output/vein/masks/202207191643_00-Moving_01096.png,True
202207191643_00-Moving,1098,output/vein/frames/202207191643_00-Moving_01098.png,output/vein/masks/202207191643_00-Moving_01098.png,True
202207191643_00-Moving,1100,output/vein/frames/202207191643_00-Moving_01100.png,output/vein/masks/202207191643_00-Moving_01100.png,True
202207191643_00-Moving,1102,output/vein/frames/202207191643_00-Moving_01102.png,output/vein/masks/202207191643_00-Moving_01102.png,True
202207191643_00-Moving,1104,output/vein/frames/202207191643_00-Moving_01104.png,output/vein/masks/202207191643_00-Moving_01104.png,True
202207191643_00-Moving,1106,output/vein/frames/202207191643_00-Moving_01106.png,output/vein/masks/202207191643_00-Moving_01106.png,True
202207191643_00-Moving,1108,output/vein/frames/202207191643_00-Moving_01108.png,output/vein/masks/202207191643_00-Moving_01108.png,True
202207191643_00-Moving,1110,output/vein/frames/202207191643_00-Moving_01110.png,output/vein/masks/202207191643_00-Moving_01110.png,True
202207191643_00-Moving,1112,output/vein/frames/202207191643_00-Moving_01112.png,output/vein/masks/202207191643_00-Moving_01112.png,True
202207191643_00-Moving,1114,output/vein/frames/202207191643_00-Moving_01114.png,output/vein/masks/202207191643_00-Moving_01114.png,True
202207191643_00-Moving,1116,output/vein/frames/202207191643_00-Moving_01116.png,output/vein/masks/202207191643_00-Moving_01116.png,True
202207191643_00-Moving,1118,output/vein/frames/202207191643_00-Moving_01118.png,output/vein/masks/202207191643_00-Moving_01118.png,True
202207191643_00-Moving,1120,output/vein/frames/202207191643_00-Moving_01120.png,output/vein/masks/202207191643_00-Moving_01120.png,True
202207191643_00-Moving,1122,output/vein/frames/202207191643_00-Moving_01122.png,output/vein/masks/202207191643_00-Moving_01122.png,True
202207191643_00-Moving,1124,output/vein/frames/202207191643_00-Moving_01124.png,output/vein/masks/202207191643_00-Moving_01124.png,True
202207191643_00-Moving,1126,output/vein/frames/202207191643_00-Moving_01126.png,output/vein/masks/202207191643_00-Moving_01126.png,True
202207191643_00-Moving,1128,output/vein/frames/202207191643_00-Moving_01128.png,output/vein/masks/202207191643_00-Moving_01128.png,True
202207191643_00-Moving,1130,output/vein/frames/202207191643_00-Moving_01130.png,output/vein/masks/202207191643_00-Moving_01130.png,True
202207191643_00-Moving,1132,output/vein/frames/202207191643_00-Moving_01132.png,output/vein/masks/202207191643_00-Moving_01132.png,True
202207191643_00-Moving,1134,output/vein/frames/202207191643_00-Moving_01134.png,output/vein/masks/202207191643_00-Moving_01134.png,True
202207191643_00-Moving,1136,output/vein/frames/202207191643_00-Moving_01136.png,output/vein/masks/202207191643_00-Moving_01136.png,True
202207191643_00-Moving,1138,output/vein/frames/202207191643_00-Moving_01138.png,output/vein/masks/202207191643_00-Moving_01138.png,True
202207191643_00-Moving,1140,output/vein/frames/202207191643_00-Moving_01140.png,output/vein/masks/202207191643_00-Moving_01140.png,True
202207191643_00-Moving,1142,output/vein/frames/202207191643_00-Moving_01142.png,output/vein/masks/202207191643_00-Moving_01142.png,True
202207191643_00-Moving,1144,output/vein/frames/202207191643_00-Moving_01144.png,output/vein/masks/202207191643_00-Moving_01144.png,True
202207191643_00-Moving,1146,output/vein/frames/202207191643_00-Moving_01146.png,output/vein/masks/202207191643_00-Moving_01146.png,True
202207191643_00-Moving,1148,output/vein/frames/202207191643_00-Moving_01148.png,output/vein/masks/202207191643_00-Moving_01148.png,True
202207191643_00-Moving,1150,output/vein/frames/202207191643_00-Moving_01150.png,output/vein/masks/202207191643_00-Moving_01150.png,True
202207191643_00-Moving,1152,output/vein/frames/202207191643_00-Moving_01152.png,output/vein/masks/202207191643_00-Moving_01152.png,True
202207191643_00-Moving,1154,output/vein/frames/202207191643_00-Moving_01154.png,output/vein/masks/202207191643_00-Moving_01154.png,True
202207191643_00-Moving,1156,output/vein/frames/202207191643_00-Moving_01156.png,output/vein/masks/202207191643_00-Moving_01156.png,True
202207191643_00-Moving,1158,output/vein/frames/202207191643_00-Moving_01158.png,output/vein/masks/202207191643_00-Moving_01158.png,True
202207191643_00-Moving,1160,output/vein/frames/202207191643_00-Moving_01160.png,output/vein/masks/202207191643_00-Moving_01160.png,True
202207191643_00-Moving,1162,output/vein/frames/202207191643_00-Moving_01162.png,output/vein/masks/202207191643_00-Moving_01162.png,True
202207191643_00-Moving,1164,output/vein/frames/202207191643_00-Moving_01164.png,output/vein/masks/202207191643_00-Moving_01164.png,True
202207191643_00-Moving,1166,output/vein/frames/202207191643_00-Moving_01166.png,output/vein/masks/202207191643_00-Moving_01166.png,True
202207191643_00-Moving,1168,output/vein/frames/202207191643_00-Moving_01168.png,output/vein/masks/202207191643_00-Moving_01168.png,True
202207191643_00-Moving,1170,output/vein/frames/202207191643_00-Moving_01170.png,output/vein/masks/202207191643_00-Moving_01170.png,True
202207191643_00-Moving,1172,output/vein/frames/202207191643_00-Moving_01172.png,output/vein/masks/202207191643_00-Moving_01172.png,True
202207191643_00-Moving,1174,output/vein/frames/202207191643_00-Moving_01174.png,output/vein/masks/202207191643_00-Moving_01174.png,True
202207191643_00-Moving,1176,output/vein/frames/202207191643_00-Moving_01176.png,output/vein/masks/202207191643_00-Moving_01176.png,True
202207191643_00-Moving,1178,output/vein/frames/202207191643_00-Moving_01178.png,output/vein/masks/202207191643_00-Moving_01178.png,True
202207191643_00-Moving,1180,output/vein/frames/202207191643_00-Moving_01180.png,output/vein/masks/202207191643_00-Moving_01180.png,True
202207191643_00-Moving,1182,output/vein/frames/202207191643_00-Moving_01182.png,output/vein/masks/202207191643_00-Moving_01182.png,True
202207191643_00-Moving,1184,output/vein/frames/202207191643_00-Moving_01184.png,output/vein/masks/202207191643_00-Moving_01184.png,True
202207191643_00-Moving,1186,output/vein/frames/202207191643_00-Moving_01186.png,output/vein/masks/202207191643_00-Moving_01186.png,True
202207191643_00-Moving,1188,output/vein/frames/202207191643_00-Moving_01188.png,output/vein/masks/202207191643_00-Moving_01188.png,True
202207191643_00-Moving,1190,output/vein/frames/202207191643_00-Moving_01190.png,output/vein/masks/202207191643_00-Moving_01190.png,True
202207191643_00-Moving,1192,output/vein/frames/202207191643_00-Moving_01192.png,output/vein/masks/202207191643_00-Moving_01192.png,True
202207191643_00-Moving,1194,output/vein/frames/202207191643_00-Moving_01194.png,output/vein/masks/202207191643_00-Moving_01194.png,True
202207191643_00-Moving,1196,output/vein/frames/202207191643_00-Moving_01196.png,output/vein/masks/202207191643_00-Moving_01196.png,True
202207191643_00-Moving,1198,output/vein/frames/202207191643_00-Moving_01198.png,output/vein/masks/202207191643_00-Moving_01198.png,True
202207191643_00-Moving,1200,output/vein/frames/202207191643_00-Moving_01200.png,output/vein/masks/202207191643_00-Moving_01200.png,True
202207191643_00-Moving,1202,output/vein/frames/202207191643_00-Moving_01202.png,output/vein/masks/202207191643_00-Moving_01202.png,True
202207191643_00-Moving,1204,output/vein/frames/202207191643_00-Moving_01204.png,output/vein/masks/202207191643_00-Moving_01204.png,True
202207191643_00-Moving,1206,output/vein/frames/202207191643_00-Moving_01206.png,output/vein/masks/202207191643_00-Moving_01206.png,True
202207191643_00-Moving,1208,output/vein/frames/202207191643_00-Moving_01208.png,output/vein/masks/202207191643_00-Moving_01208.png,True
202207191643_00-Moving,1210,output/vein/frames/202207191643_00-Moving_01210.png,output/vein/masks/202207191643_00-Moving_01210.png,True
202207191643_00-Moving,1212,output/vein/frames/202207191643_00-Moving_01212.png,output/vein/masks/202207191643_00-Moving_01212.png,True
202207191643_00-Moving,1214,output/vein/frames/202207191643_00-Moving_01214.png,output/vein/masks/202207191643_00-Moving_01214.png,True
202207191643_00-Moving,1216,output/vein/frames/202207191643_00-Moving_01216.png,output/vein/masks/202207191643_00-Moving_01216.png,True
202207191643_00-Moving,1218,output/vein/frames/202207191643_00-Moving_01218.png,output/vein/masks/202207191643_00-Moving_01218.png,True
202207191643_00-Moving,1220,output/vein/frames/202207191643_00-Moving_01220.png,output/vein/masks/202207191643_00-Moving_01220.png,True
202207191643_00-Moving,1222,output/vein/frames/202207191643_00-Moving_01222.png,output/vein/masks/202207191643_00-Moving_01222.png,True
202207191643_00-Moving,1224,output/vein/frames/202207191643_00-Moving_01224.png,output/vein/masks/202207191643_00-Moving_01224.png,True
202207191643_00-Moving,1226,output/vein/frames/202207191643_00-Moving_01226.png,output/vein/masks/202207191643_00-Moving_01226.png,True
202207191643_00-Moving,1228,output/vein/frames/202207191643_00-Moving_01228.png,output/vein/masks/202207191643_00-Moving_01228.png,True
202207191643_00-Moving,1230,output/vein/frames/202207191643_00-Moving_01230.png,output/vein/masks/202207191643_00-Moving_01230.png,True
202207191643_00-Moving,1232,output/vein/frames/202207191643_00-Moving_01232.png,output/vein/masks/202207191643_00-Moving_01232.png,True
202207191643_00-Moving,1234,output/vein/frames/202207191643_00-Moving_01234.png,output/vein/masks/202207191643_00-Moving_01234.png,True
202207191643_00-Moving,1236,output/vein/frames/202207191643_00-Moving_01236.png,output/vein/masks/202207191643_00-Moving_01236.png,True
202207191643_00-Moving,1238,output/vein/frames/202207191643_00-Moving_01238.png,output/vein/masks/202207191643_00-Moving_01238.png,True
202207191643_00-Moving,1240,output/vein/frames/202207191643_00-Moving_01240.png,output/vein/masks/202207191643_00-Moving_01240.png,True
202207191643_00-Moving,1242,output/vein/frames/202207191643_00-Moving_01242.png,output/vein/masks/202207191643_00-Moving_01242.png,True
202207191643_00-Moving,1244,output/vein/frames/202207191643_00-Moving_01244.png,output/vein/masks/202207191643_00-Moving_01244.png,True
202207191643_00-Moving,1246,output/vein/frames/202207191643_00-Moving_01246.png,output/vein/masks/202207191643_00-Moving_01246.png,True
202207191643_00-Moving,1248,output/vein/frames/202207191643_00-Moving_01248.png,output/vein/masks/202207191643_00-Moving_01248.png,True
202207191643_00-Moving,1250,output/vein/frames/202207191643_00-Moving_01250.png,output/vein/masks/202207191643_00-Moving_01250.png,True
202207191643_00-Moving,1252,output/vein/frames/202207191643_00-Moving_01252.png,output/vein/masks/202207191643_00-Moving_01252.png,True
202207191643_00-Moving,1254,output/vein/frames/202207191643_00-Moving_01254.png,output/vein/masks/202207191643_00-Moving_01254.png,True
202207191643_00-Moving,1256,output/vein/frames/202207191643_00-Moving_01256.png,output/vein/masks/202207191643_00-Moving_01256.png,True
202207191643_00-Moving,1258,output/vein/frames/202207191643_00-Moving_01258.png,output/vein/masks/202207191643_00-Moving_01258.png,True
202207191643_00-Moving,1260,output/vein/frames/202207191643_00-Moving_01260.png,output/vein/masks/202207191643_00-Moving_01260.png,True
202207191643_00-Moving,1262,output/vein/frames/202207191643_00-Moving_01262.png,output/vein/masks/202207191643_00-Moving_01262.png,True
202207191643_00-Moving,1264,output/vein/frames/202207191643_00-Moving_01264.png,output/vein/masks/202207191643_00-Moving_01264.png,True
202207191643_00-Moving,1266,output/vein/frames/202207191643_00-Moving_01266.png,output/vein/masks/202207191643_00-Moving_01266.png,True
202207191643_00-Moving,1268,output/vein/frames/202207191643_00-Moving_01268.png,output/vein/masks/202207191643_00-Moving_01268.png,True
202207191643_00-Moving,1270,output/vein/frames/202207191643_00-Moving_01270.png,output/vein/masks/202207191643_00-Moving_01270.png,True
202207191643_00-Moving,1272,output/vein/frames/202207191643_00-Moving_01272.png,output/vein/masks/202207191643_00-Moving_01272.png,True
202207191643_00-Moving,1274,output/vein/frames/202207191643_00-Moving_01274.png,output/vein/masks/202207191643_00-Moving_01274.png,True
202207191643_00-Moving,1276,output/vein/frames/202207191643_00-Moving_01276.png,output/vein/masks/202207191643_00-Moving_01276.png,True
202207191643_00-Moving,1278,output/vein/frames/202207191643_00-Moving_01278.png,output/vein/masks/202207191643_00-Moving_01278.png,True
202207191643_00-Moving,1280,output/vein/frames/202207191643_00-Moving_01280.png,output/vein/masks/202207191643_00-Moving_01280.png,True
202207191643_00-Moving,1282,output/vein/frames/202207191643_00-Moving_01282.png,output/vein/masks/202207191643_00-Moving_01282.png,True
202207191643_00-Moving,1284,output/vein/frames/202207191643_00-Moving_01284.png,output/vein/masks/202207191643_00-Moving_01284.png,True
202207191643_00-Moving,1286,output/vein/frames/202207191643_00-Moving_01286.png,output/vein/masks/202207191643_00-Moving_01286.png,True
202207191643_00-Moving,1288,output/vein/frames/202207191643_00-Moving_01288.png,output/vein/masks/202207191643_00-Moving_01288.png,True
202207191643_00-Moving,1290,output/vein/frames/202207191643_00-Moving_01290.png,output/vein/masks/202207191643_00-Moving_01290.png,True
202207191643_00-Moving,1292,output/vein/frames/202207191643_00-Moving_01292.png,output/vein/masks/202207191643_00-Moving_01292.png,True
202207191643_00-Moving,1294,output/vein/frames/202207191643_00-Moving_01294.png,output/vein/masks/202207191643_00-Moving_01294.png,True
202207191643_00-Moving,1296,output/vein/frames/202207191643_00-Moving_01296.png,output/vein/masks/202207191643_00-Moving_01296.png,True
202207191643_00-Moving,1298,output/vein/frames/202207191643_00-Moving_01298.png,output/vein/masks/202207191643_00-Moving_01298.png,True
202207191643_00-Moving,1300,output/vein/frames/202207191643_00-Moving_01300.png,output/vein/masks/202207191643_00-Moving_01300.png,True
202207191643_00-Moving,1302,output/vein/frames/202207191643_00-Moving_01302.png,output/vein/masks/202207191643_00-Moving_01302.png,True
202207191643_00-Moving,1304,output/vein/frames/202207191643_00-Moving_01304.png,output/vein/masks/202207191643_00-Moving_01304.png,True
202207191643_00-Moving,1306,output/vein/frames/202207191643_00-Moving_01306.png,output/vein/masks/202207191643_00-Moving_01306.png,True
202207191643_00-Moving,1308,output/vein/frames/202207191643_00-Moving_01308.png,output/vein/masks/202207191643_00-Moving_01308.png,True
202207191643_00-Moving,1310,output/vein/frames/202207191643_00-Moving_01310.png,output/vein/masks/202207191643_00-Moving_01310.png,True
202207191643_00-Moving,1312,output/vein/frames/202207191643_00-Moving_01312.png,output/vein/masks/202207191643_00-Moving_01312.png,True
202207191643_00-Moving,1314,output/vein/frames/202207191643_00-Moving_01314.png,output/vein/masks/202207191643_00-Moving_01314.png,True
202207191643_00-Moving,1316,output/vein/frames/202207191643_00-Moving_01316.png,output/vein/masks/202207191643_00-Moving_01316.png,True
202207191643_00-Moving,1318,output/vein/frames/202207191643_00-Moving_01318.png,output/vein/masks/202207191643_00-Moving_01318.png,True
202207191643_00-Moving,1320,output/vein/frames/202207191643_00-Moving_01320.png,output/vein/masks/202207191643_00-Moving_01320.png,True
202207191643_00-Moving,1322,output/vein/frames/202207191643_00-Moving_01322.png,output/vein/masks/202207191643_00-Moving_01322.png,True
202207191643_00-Moving,1324,output/vein/frames/202207191643_00-Moving_01324.png,output/vein/masks/202207191643_00-Moving_01324.png,True
202207191643_00-Moving,1326,output/vein/frames/202207191643_00-Moving_01326.png,output/vein/masks/202207191643_00-Moving_01326.png,True
202207191643_00-Moving,1328,output/vein/frames/202207191643_00-Moving_01328.png,output/vein/masks/202207191643_00-Moving_01328.png,True
202207191643_00-Moving,1330,output/vein/frames/202207191643_00-Moving_01330.png,output/vein/masks/202207191643_00-Moving_01330.png,True
202207191643_00-Moving,1332,output/vein/frames/202207191643_00-Moving_01332.png,output/vein/masks/202207191643_00-Moving_01332.png,True
202207191643_00-Moving,1334,output/vein/frames/202207191643_00-Moving_01334.png,output/vein/masks/202207191643_00-Moving_01334.png,True
202207191643_00-Moving,1336,output/vein/frames/202207191643_00-Moving_01336.png,output/vein/masks/202207191643_00-Moving_01336.png,True
202207191643_00-Moving,1338,output/vein/frames/202207191643_00-Moving_01338.png,output/vein/masks/202207191643_00-Moving_01338.png,True
202207191643_00-Moving,1340,output/vein/frames/202207191643_00-Moving_01340.png,output/vein/masks/202207191643_00-Moving_01340.png,True
202207191643_00-Moving,1342,output/vein/frames/202207191643_00-Moving_01342.png,output/vein/masks/202207191643_00-Moving_01342.png,True
202207191643_00-Moving,1344,output/vein/frames/202207191643_00-Moving_01344.png,output/vein/masks/202207191643_00-Moving_01344.png,True
202207191643_00-Moving,1346,output/vein/frames/202207191643_00-Moving_01346.png,output/vein/masks/202207191643_00-Moving_01346.png,True
202207191643_00-Moving,1348,output/vein/frames/202207191643_00-Moving_01348.png,output/vein/masks/202207191643_00-Moving_01348.png,True
202207191643_00-Moving,1350,output/vein/frames/202207191643_00-Moving_01350.png,output/vein/masks/202207191643_00-Moving_01350.png,True
202207191643_00-Moving,1352,output/vein/frames/202207191643_00-Moving_01352.png,output/vein/masks/202207191643_00-Moving_01352.png,True
202207191643_00-Moving,1354,output/vein/frames/202207191643_00-Moving_01354.png,output/vein/masks/202207191643_00-Moving_01354.png,True
202207191643_00-Moving,1356,output/vein/frames/202207191643_00-Moving_01356.png,output/vein/masks/202207191643_00-Moving_01356.png,True
202207191643_00-Moving,1358,output/vein/frames/202207191643_00-Moving_01358.png,output/vein/masks/202207191643_00-Moving_01358.png,True
202207191643_00-Moving,1360,output/vein/frames/202207191643_00-Moving_01360.png,output/vein/masks/202207191643_00-Moving_01360.png,True
202207191643_00-Moving,1362,output/vein/frames/202207191643_00-Moving_01362.png,output/vein/masks/202207191643_00-Moving_01362.png,True
202207191643_00-Moving,1364,output/vein/frames/202207191643_00-Moving_01364.png,output/vein/masks/202207191643_00-Moving_01364.png,True
202207191643_00-Moving,1366,output/vein/frames/202207191643_00-Moving_01366.png,output/vein/masks/202207191643_00-Moving_01366.png,True
202207191643_00-Moving,1368,output/vein/frames/202207191643_00-Moving_01368.png,output/vein/masks/202207191643_00-Moving_01368.png,True
202207191643_00-Moving,1370,output/vein/frames/202207191643_00-Moving_01370.png,output/vein/masks/202207191643_00-Moving_01370.png,True
202207191643_00-Moving,1372,output/vein/frames/202207191643_00-Moving_01372.png,output/vein/masks/202207191643_00-Moving_01372.png,True
202207191643_00-Moving,1374,output/vein/frames/202207191643_00-Moving_01374.png,output/vein/masks/202207191643_00-Moving_01374.png,True
202207191643_00-Moving,1376,output/vein/frames/202207191643_00-Moving_01376.png,output/vein/masks/202207191643_00-Moving_01376.png,True
202207191643_00-Moving,1378,output/vein/frames/202207191643_00-Moving_01378.png,output/vein/masks/202207191643_00-Moving_01378.png,True
202207191643_00-Moving,1380,output/vein/frames/202207191643_00-Moving_01380.png,output/vein/masks/202207191643_00-Moving_01380.png,True
202207191643_00-Moving,1382,output/vein/frames/202207191643_00-Moving_01382.png,output/vein/masks/202207191643_00-Moving_01382.png,True
202207191643_00-Moving,1384,output/vein/frames/202207191643_00-Moving_01384.png,output/vein/masks/202207191643_00-Moving_01384.png,True
202207191643_00-Moving,1386,output/vein/frames/202207191643_00-Moving_01386.png,output/vein/masks/202207191643_00-Moving_01386.png,True
202207191643_00-Moving,1388,output/vein/frames/202207191643_00-Moving_01388.png,output/vein/masks/202207191643_00-Moving_01388.png,True
202207191643_00-Moving,1390,output/vein/frames/202207191643_00-Moving_01390.png,output/vein/masks/202207191643_00-Moving_01390.png,True
202207191643_00-Moving,1392,output/vein/frames/202207191643_00-Moving_01392.png,output/vein/masks/202207191643_00-Moving_01392.png,True
202207191643_00-Moving,1394,output/vein/frames/202207191643_00-Moving_01394.png,output/vein/masks/202207191643_00-Moving_01394.png,True
202207191643_00-Moving,1396,output/vein/frames/202207191643_00-Moving_01396.png,output/vein/masks/202207191643_00-Moving_01396.png,True
202207191643_00-Moving,1398,output/vein/frames/202207191643_00-Moving_01398.png,output/vein/masks/202207191643_00-Moving_01398.png,True
202207191643_00-Moving,1400,output/vein/frames/202207191643_00-Moving_01400.png,output/vein/masks/202207191643_00-Moving_01400.png,True
202207191643_00-Moving,1402,output/vein/frames/202207191643_00-Moving_01402.png,output/vein/masks/202207191643_00-Moving_01402.png,True
202207191643_00-Moving,1404,output/vein/frames/202207191643_00-Moving_01404.png,output/vein/masks/202207191643_00-Moving_01404.png,True
202207191643_00-Moving,1406,output/vein/frames/202207191643_00-Moving_01406.png,output/vein/masks/202207191643_00-Moving_01406.png,True
202207191643_00-Moving,1408,output/vein/frames/202207191643_00-Moving_01408.png,output/vein/masks/202207191643_00-Moving_01408.png,True
202207191643_00-Moving,1410,output/vein/frames/202207191643_00-Moving_01410.png,output/vein/masks/202207191643_00-Moving_01410.png,True
202207191643_00-Moving,1412,output/vein/frames/202207191643_00-Moving_01412.png,output/vein/masks/202207191643_00-Moving_01412.png,True
202207191643_00-Moving,1414,output/vein/frames/202207191643_00-Moving_01414.png,output/vein/masks/202207191643_00-Moving_01414.png,True
202207191643_00-Moving,1416,output/vein/frames/202207191643_00-Moving_01416.png,output/vein/masks/202207191643_00-Moving_01416.png,True
202207191643_00-Moving,1418,output/vein/frames/202207191643_00-Moving_01418.png,output/vein/masks/202207191643_00-Moving_01418.png,True
202207191643_00-Moving,1420,output/vein/frames/202207191643_00-Moving_01420.png,output/vein/masks/202207191643_00-Moving_01420.png,True
202207191643_00-Moving,1422,output/vein/frames/202207191643_00-Moving_01422.png,output/vein/masks/202207191643_00-Moving_01422.png,True
202207191643_00-Moving,1424,output/vein/frames/202207191643_00-Moving_01424.png,output/vein/masks/202207191643_00-Moving_01424.png,True
202207191643_00-Moving,1426,output/vein/frames/202207191643_00-Moving_01426.png,output/vein/masks/202207191643_00-Moving_01426.png,True
202207191643_00-Moving,1428,output/vein/frames/202207191643_00-Moving_01428.png,output/vein/masks/202207191643_00-Moving_01428.png,True
202207191643_00-Moving,1430,output/vein/frames/202207191643_00-Moving_01430.png,output/vein/masks/202207191643_00-Moving_01430.png,True
202207191643_00-Moving,1432,output/vein/frames/202207191643_00-Moving_01432.png,output/vein/masks/202207191643_00-Moving_01432.png,True
202207191643_00-Moving,1434,output/vein/frames/202207191643_00-Moving_01434.png,output/vein/masks/202207191643_00-Moving_01434.png,True
202207191643_00-Moving,1436,output/vein/frames/202207191643_00-Moving_01436.png,output/vein/masks/202207191643_00-Moving_01436.png,True
202207191643_00-Moving,1438,output/vein/frames/202207191643_00-Moving_01438.png,output/vein/masks/202207191643_00-Moving_01438.png,True
202207191643_00-Moving,1440,output/vein/frames/202207191643_00-Moving_01440.png,output/vein/masks/202207191643_00-Moving_01440.png,True
202207191643_00-Moving,1442,output/vein/frames/202207191643_00-Moving_01442.png,output/vein/masks/202207191643_00-Moving_01442.png,True
202207191643_00-Moving,1444,output/vein/frames/202207191643_00-Moving_01444.png,output/vein/masks/202207191643_00-Moving_01444.png,True
202207191643_00-Moving,1446,output/vein/frames/202207191643_00-Moving_01446.png,output/vein/masks/202207191643_00-Moving_01446.png,True
202207191643_00-Moving,1448,output/vein/frames/202207191643_00-Moving_01448.png,output/vein/masks/202207191643_00-Moving_01448.png,True
202207191643_00-Moving,1450,output/vein/frames/202207191643_00-Moving_01450.png,output/vein/masks/202207191643_00-Moving_01450.png,True
202207191643_00-Moving,1452,output/vein/frames/202207191643_00-Moving_01452.png,output/vein/masks/202207191643_00-Moving_01452.png,True
202207191643_00-Moving,1454,output/vein/frames/202207191643_00-Moving_01454.png,output/vein/masks/202207191643_00-Moving_01454.png,False
202207191643_00-Moving,1456,output/vein/frames/202207191643_00-Moving_01456.png,output/vein/masks/202207191643_00-Moving_01456.png,False
202207191643_00-Moving,1458,output/vein/frames/202207191643_00-Moving_01458.png,output/vein/masks/202207191643_00-Moving_01458.png,False
202207191643_00-Moving,1460,output/vein/frames/202207191643_00-Moving_01460.png,output/vein/masks/202207191643_00-Moving_01460.png,False
202207191643_00-Moving,1462,output/vein/frames/202207191643_00-Moving_01462.png,output/vein/masks/202207191643_00-Moving_01462.png,False
202207191643_00-Moving,1464,output/vein/frames/202207191643_00-Moving_01464.png,output/vein/masks/202207191643_00-Moving_01464.png,False
202207221607_52-Long2,0,output/vein/frames/202207221607_52-Long2_00000.png,output/vein/masks/202207221607_52-Long2_00000.png,False
202207221607_52-Long2,1,output/vein/frames/202207221607_52-Long2_00001.png,output/vein/masks/202207221607_52-Long2_00001.png,False
202207221607_52-Long2,2,output/vein/frames/202207221607_52-Long2_00002.png,output/vein/masks/202207221607_52-Long2_00002.png,False
202207221607_52-Long2,3,output/vein/frames/202207221607_52-Long2_00003.png,output/vein/masks/202207221607_52-Long2_00003.png,False
202207221607_52-Long2,4,output/vein/frames/202207221607_52-Long2_00004.png,output/vein/masks/202207221607_52-Long2_00004.png,False
202207221607_52-Long2,5,output/vein/frames/202207221607_52-Long2_00005.png,output/vein/masks/202207221607_52-Long2_00005.png,False
202207221607_52-Long2,6,output/vein/frames/202207221607_52-Long2_00006.png,output/vein/masks/202207221607_52-Long2_00006.png,False
202207221607_52-Long2,7,output/vein/frames/202207221607_52-Long2_00007.png,output/vein/masks/202207221607_52-Long2_00007.png,False
202207221607_52-Long2,8,output/vein/frames/202207221607_52-Long2_00008.png,output/vein/masks/202207221607_52-Long2_00008.png,False
202207221607_52-Long2,9,output/vein/frames/202207221607_52-Long2_00009.png,output/vein/masks/202207221607_52-Long2_00009.png,False
202207221607_52-Long2,10,output/vein/frames/202207221607_52-Long2_00010.png,output/vein/masks/202207221607_52-Long2_00010.png,False
202207221607_52-Long2,11,output/vein/frames/202207221607_52-Long2_00011.png,output/vein/masks/202207221607_52-Long2_00011.png,False
202207221607_52-Long2,12,output/vein/frames/202207221607_52-Long2_00012.png,output/vein/masks/202207221607_52-Long2_00012.png,False
202207221607_52-Long2,13,output/vein/frames/202207221607_52-Long2_00013.png,output/vein/masks/202207221607_52-Long2_00013.png,False
202207221607_52-Long2,14,output/vein/frames/202207221607_52-Long2_00014.png,output/vein/masks/202207221607_52-Long2_00014.png,False
202207221607_52-Long2,15,output/vein/frames/202207221607_52-Long2_00015.png,output/vein/masks/202207221607_52-Long2_00015.png,False
202207221607_52-Long2,16,output/vein/frames/202207221607_52-Long2_00016.png,output/vein/masks/202207221607_52-Long2_00016.png,False
202207221607_52-Long2,17,output/vein/frames/202207221607_52-Long2_00017.png,output/vein/masks/202207221607_52-Long2_00017.png,False
202207221607_52-Long2,18,output/vein/frames/202207221607_52-Long2_00018.png,output/vein/masks/202207221607_52-Long2_00018.png,False
202207221607_52-Long2,19,output/vein/frames/202207221607_52-Long2_00019.png,output/vein/masks/202207221607_52-Long2_00019.png,False
202207221607_52-Long2,20,output/vein/frames/202207221607_52-Long2_00020.png,output/vein/masks/202207221607_52-Long2_00020.png,False
202207221607_52-Long2,21,output/vein/frames/202207221607_52-Long2_00021.png,output/vein/masks/202207221607_52-Long2_00021.png,False
202207221607_52-Long2,22,output/vein/frames/202207221607_52-Long2_00022.png,output/vein/masks/202207221607_52-Long2_00022.png,False
202207221607_52-Long2,23,output/vein/frames/202207221607_52-Long2_00023.png,output/vein/masks/202207221607_52-Long2_00023.png,False
202207221607_52-Long2,24,output/vein/frames/202207221607_52-Long2_00024.png,output/vein/masks/202207221607_52-Long2_00024.png,False
202207221607_52-Long2,25,output/vein/frames/202207221607_52-Long2_00025.png,output/vein/masks/202207221607_52-Long2_00025.png,False
202207221607_52-Long2,26,output/vein/frames/202207221607_52-Long2_00026.png,output/vein/masks/202207221607_52-Long2_00026.png,False
202207221607_52-Long2,27,output/vein/frames/202207221607_52-Long2_00027.png,output/vein/masks/202207221607_52-Long2_00027.png,False
202207221607_52-Long2,28,output/vein/frames/202207221607_52-Long2_00028.png,output/vein/masks/202207221607_52-Long2_00028.png,False
202207221607_52-Long2,29,output/vein/frames/202207221607_52-Long2_00029.png,output/vein/masks/202207221607_52-Long2_00029.png,False
202207221607_52-Long2,30,output/vein/frames/202207221607_52-Long2_00030.png,output/vein/masks/202207221607_52-Long2_00030.png,False
202207221607_52-Long2,31,output/vein/frames/202207221607_52-Long2_00031.png,output/vein/masks/202207221607_52-Long2_00031.png,False
202207221607_52-Long2,32,output/vein/frames/202207221607_52-Long2_00032.png,output/vein/masks/202207221607_52-Long2_00032.png,False
202207221607_52-Long2,33,output/vein/frames/202207221607_52-Long2_00033.png,output/vein/masks/202207221607_52-Long2_00033.png,False
202207221607_52-Long2,34,output/vein/frames/202207221607_52-Long2_00034.png,output/vein/masks/202207221607_52-Long2_00034.png,False
202207221607_52-Long2,35,output/vein/frames/202207221607_52-Long2_00035.png,output/vein/masks/202207221607_52-Long2_00035.png,False
202207221607_52-Long2,36,output/vein/frames/202207221607_52-Long2_00036.png,output/vein/masks/202207221607_52-Long2_00036.png,False
202207221607_52-Long2,37,output/vein/frames/202207221607_52-Long2_00037.png,output/vein/masks/202207221607_52-Long2_00037.png,False
202207221607_52-Long2,38,output/vein/frames/202207221607_52-Long2_00038.png,output/vein/masks/202207221607_52-Long2_00038.png,False
202207221607_52-Long2,39,output/vein/frames/202207221607_52-Long2_00039.png,output/vein/masks/202207221607_52-Long2_00039.png,False
202207221607_52-Long2,40,output/vein/frames/202207221607_52-Long2_00040.png,output/vein/masks/202207221607_52-Long2_00040.png,False
202207221607_52-Long2,41,output/vein/frames/202207221607_52-Long2_00041.png,output/vein/masks/202207221607_52-Long2_00041.png,False
202207221607_52-Long2,42,output/vein/frames/202207221607_52-Long2_00042.png,output/vein/masks/202207221607_52-Long2_00042.png,False
202207221607_52-Long2,43,output/vein/frames/202207221607_52-Long2_00043.png,output/vein/masks/202207221607_52-Long2_00043.png,False
202207221607_52-Long2,44,output/vein/frames/202207221607_52-Long2_00044.png,output/vein/masks/202207221607_52-Long2_00044.png,False
202207221607_52-Long2,45,output/vein/frames/202207221607_52-Long2_00045.png,output/vein/masks/202207221607_52-Long2_00045.png,False
202207221607_52-Long2,46,output/vein/frames/202207221607_52-Long2_00046.png,output/vein/masks/202207221607_52-Long2_00046.png,False
202207221607_52-Long2,47,output/vein/frames/202207221607_52-Long2_00047.png,output/vein/masks/202207221607_52-Long2_00047.png,False
202207221607_52-Long2,48,output/vein/frames/202207221607_52-Long2_00048.png,output/vein/masks/202207221607_52-Long2_00048.png,False
202207221607_52-Long2,49,output/vein/frames/202207221607_52-Long2_00049.png,output/vein/masks/202207221607_52-Long2_00049.png,False
202207221607_52-Long2,50,output/vein/frames/202207221607_52-Long2_00050.png,output/vein/masks/202207221607_52-Long2_00050.png,False
202207221607_52-Long2,51,output/vein/frames/202207221607_52-Long2_00051.png,output/vein/masks/202207221607_52-Long2_00051.png,False
202207221607_52-Long2,52,output/vein/frames/202207221607_52-Long2_00052.png,output/vein/masks/202207221607_52-Long2_00052.png,False
202207221607_52-Long2,53,output/vein/frames/202207221607_52-Long2_00053.png,output/vein/masks/202207221607_52-Long2_00053.png,False
202207221607_52-Long2,54,output/vein/frames/202207221607_52-Long2_00054.png,output/vein/masks/202207221607_52-Long2_00054.png,False
202207221607_52-Long2,55,output/vein/frames/202207221607_52-Long2_00055.png,output/vein/masks/202207221607_52-Long2_00055.png,False
202207221607_52-Long2,56,output/vein/frames/202207221607_52-Long2_00056.png,output/vein/masks/202207221607_52-Long2_00056.png,False
202207221607_52-Long2,57,output/vein/frames/202207221607_52-Long2_00057.png,output/vein/masks/202207221607_52-Long2_00057.png,False
202207221607_52-Long2,58,output/vein/frames/202207221607_52-Long2_00058.png,output/vein/masks/202207221607_52-Long2_00058.png,False
202207221607_52-Long2,59,output/vein/frames/202207221607_52-Long2_00059.png,output/vein/masks/202207221607_52-Long2_00059.png,False
202207221607_52-Long2,60,output/vein/frames/202207221607_52-Long2_00060.png,output/vein/masks/202207221607_52-Long2_00060.png,False
202207221607_52-Long2,61,output/vein/frames/202207221607_52-Long2_00061.png,output/vein/masks/202207221607_52-Long2_00061.png,False
202207221607_52-Long2,62,output/vein/frames/202207221607_52-Long2_00062.png,output/vein/masks/202207221607_52-Long2_00062.png,False
202207221607_52-Long2,63,output/vein/frames/202207221607_52-Long2_00063.png,output/vein/masks/202207221607_52-Long2_00063.png,False
202207221607_52-Long2,64,output/vein/frames/202207221607_52-Long2_00064.png,output/vein/masks/202207221607_52-Long2_00064.png,False
202207221607_52-Long2,65,output/vein/frames/202207221607_52-Long2_00065.png,output/vein/masks/202207221607_52-Long2_00065.png,False
202207221607_52-Long2,66,output/vein/frames/202207221607_52-Long2_00066.png,output/vein/masks/202207221607_52-Long2_00066.png,False
202207221607_52-Long2,67,output/vein/frames/202207221607_52-Long2_00067.png,output/vein/masks/202207221607_52-Long2_00067.png,False
202207221607_52-Long2,68,output/vein/frames/202207221607_52-Long2_00068.png,output/vein/masks/202207221607_52-Long2_00068.png,False
202207221607_52-Long2,69,output/vein/frames/202207221607_52-Long2_00069.png,output/vein/masks/202207221607_52-Long2_00069.png,False
202207221607_52-Long2,70,output/vein/frames/202207221607_52-Long2_00070.png,output/vein/masks/202207221607_52-Long2_00070.png,False
202207221607_52-Long2,71,output/vein/frames/202207221607_52-Long2_00071.png,output/vein/masks/202207221607_52-Long2_00071.png,False
202207221607_52-Long2,72,output/vein/frames/202207221607_52-Long2_00072.png,output/vein/masks/202207221607_52-Long2_00072.png,False
202207221607_52-Long2,73,output/vein/frames/202207221607_52-Long2_00073.png,output/vein/masks/202207221607_52-Long2_00073.png,False
202207221607_52-Long2,74,output/vein/frames/202207221607_52-Long2_00074.png,output/vein/masks/202207221607_52-Long2_00074.png,False
202207221607_52-Long2,75,output/vein/frames/202207221607_52-Long2_00075.png,output/vein/masks/202207221607_52-Long2_00075.png,False
202207221607_52-Long2,76,output/vein/frames/202207221607_52-Long2_00076.png,output/vein/masks/202207221607_52-Long2_00076.png,False
202207221607_52-Long2,77,output/vein/frames/202207221607_52-Long2_00077.png,output/vein/masks/202207221607_52-Long2_00077.png,False
202207221607_52-Long2,78,output/vein/frames/202207221607_52-Long2_00078.png,output/vein/masks/202207221607_52-Long2_00078.png,False
202207221607_52-Long2,79,output/vein/frames/202207221607_52-Long2_00079.png,output/vein/masks/202207221607_52-Long2_00079.png,False
202207221607_52-Long2,80,output/vein/frames/202207221607_52-Long2_00080.png,output/vein/masks/202207221607_52-Long2_00080.png,False
202207221607_52-Long2,81,output/vein/frames/202207221607_52-Long2_00081.png,output/vein/masks/202207221607_52-Long2_00081.png,False
202207221607_52-Long2,82,output/vein/frames/202207221607_52-Long2_00082.png,output/vein/masks/202207221607_52-Long2_00082.png,False
202207221607_52-Long2,83,output/vein/frames/202207221607_52-Long2_00083.png,output/vein/masks/202207221607_52-Long2_00083.png,False
202207221607_52-Long2,84,output/vein/frames/202207221607_52-Long2_00084.png,output/vein/masks/202207221607_52-Long2_00084.png,False
202207221607_52-Long2,85,output/vein/frames/202207221607_52-Long2_00085.png,output/vein/masks/202207221607_52-Long2_00085.png,False
202207221607_52-Long2,86,output/vein/frames/202207221607_52-Long2_00086.png,output/vein/masks/202207221607_52-Long2_00086.png,False
202207221607_52-Long2,87,output/vein/frames/202207221607_52-Long2_00087.png,output/vein/masks/202207221607_52-Long2_00087.png,False
202207221607_52-Long2,88,output/vein/frames/202207221607_52-Long2_00088.png,output/vein/masks/202207221607_52-Long2_00088.png,False
202207221607_52-Long2,89,output/vein/frames/202207221607_52-Long2_00089.png,output/vein/masks/202207221607_52-Long2_00089.png,False
202207221607_52-Long2,90,output/vein/frames/202207221607_52-Long2_00090.png,output/vein/masks/202207221607_52-Long2_00090.png,False
202207221607_52-Long2,91,output/vein/frames/202207221607_52-Long2_00091.png,output/vein/masks/202207221607_52-Long2_00091.png,False
202207221607_52-Long2,92,output/vein/frames/202207221607_52-Long2_00092.png,output/vein/masks/202207221607_52-Long2_00092.png,False
202207221607_52-Long2,93,output/vein/frames/202207221607_52-Long2_00093.png,output/vein/masks/202207221607_52-Long2_00093.png,False
202207221607_52-Long2,94,output/vein/frames/202207221607_52-Long2_00094.png,output/vein/masks/202207221607_52-Long2_00094.png,False
202207221607_52-Long2,95,output/vein/frames/202207221607_52-Long2_00095.png,output/vein/masks/202207221607_52-Long2_00095.png,False
202207221607_52-Long2,96,output/vein/frames/202207221607_52-Long2_00096.png,output/vein/masks/202207221607_52-Long2_00096.png,False
202207221607_52-Long2,97,output/vein/frames/202207221607_52-Long2_00097.png,output/vein/masks/202207221607_52-Long2_00097.png,False
202207221607_52-Long2,98,output/vein/frames/202207221607_52-Long2_00098.png,output/vein/masks/202207221607_52-Long2_00098.png,False
202207221607_52-Long2,99,output/vein/frames/202207221607_52-Long2_00099.png,output/vein/masks/202207221607_52-Long2_00099.png,False
202207221607_52-Long2,100,output/vein/frames/202207221607_52-Long2_00100.png,output/vein/masks/202207221607_52-Long2_00100.png,False
202207221607_52-Long2,101,output/vein/frames/202207221607_52-Long2_00101.png,output/vein/masks/202207221607_52-Long2_00101.png,False
202207221607_52-Long2,102,output/vein/frames/202207221607_52-Long2_00102.png,output/vein/masks/202207221607_52-Long2_00102.png,False
202207221607_52-Long2,103,output/vein/frames/202207221607_52-Long2_00103.png,output/vein/masks/202207221607_52-Long2_00103.png,False
202207221607_52-Long2,104,output/vein/frames/202207221607_52-Long2_00104.png,output/vein/masks/202207221607_52-Long2_00104.png,False
202207221607_52-Long2,105,output/vein/frames/202207221607_52-Long2_00105.png,output/vein/masks/202207221607_52-Long2_00105.png,False
202207221607_52-Long2,106,output/vein/frames/202207221607_52-Long2_00106.png,output/vein/masks/202207221607_52-Long2_00106.png,False
202207221607_52-Long2,107,output/vein/frames/202207221607_52-Long2_00107.png,output/vein/masks/202207221607_52-Long2_00107.png,False
202207221607_52-Long2,108,output/vein/frames/202207221607_52-Long2_00108.png,output/vein/masks/202207221607_52-Long2_00108.png,False
202207221607_52-Long2,109,output/vein/frames/202207221607_52-Long2_00109.png,output/vein/masks/202207221607_52-Long2_00109.png,False
202207221607_52-Long2,110,output/vein/frames/202207221607_52-Long2_00110.png,output/vein/masks/202207221607_52-Long2_00110.png,False
202207221607_52-Long2,111,output/vein/frames/202207221607_52-Long2_00111.png,output/vein/masks/202207221607_52-Long2_00111.png,False
202207221607_52-Long2,112,output/vein/frames/202207221607_52-Long2_00112.png,output/vein/masks/202207221607_52-Long2_00112.png,False
202207221607_52-Long2,113,output/vein/frames/202207221607_52-Long2_00113.png,output/vein/masks/202207221607_52-Long2_00113.png,False
202207221607_52-Long2,114,output/vein/frames/202207221607_52-Long2_00114.png,output/vein/masks/202207221607_52-Long2_00114.png,False
202207221607_52-Long2,115,output/vein/frames/202207221607_52-Long2_00115.png,output/vein/masks/202207221607_52-Long2_00115.png,False
202207221607_52-Long2,116,output/vein/frames/202207221607_52-Long2_00116.png,output/vein/masks/202207221607_52-Long2_00116.png,False
202207221607_52-Long2,117,output/vein/frames/202207221607_52-Long2_00117.png,output/vein/masks/202207221607_52-Long2_00117.png,False
202207221607_52-Long2,118,output/vein/frames/202207221607_52-Long2_00118.png,output/vein/masks/202207221607_52-Long2_00118.png,False
202207221607_52-Long2,119,output/vein/frames/202207221607_52-Long2_00119.png,output/vein/masks/202207221607_52-Long2_00119.png,False
sample_data,0,output/vein/frames/sample_data_00000.png,output/vein/masks/sample_data_00000.png,False
sample_data,1,output/vein/frames/sample_data_00001.png,output/vein/masks/sample_data_00001.png,False
sample_data,2,output/vein/frames/sample_data_00002.png,output/vein/masks/sample_data_00002.png,False
sample_data,3,output/vein/frames/sample_data_00003.png,output/vein/masks/sample_data_00003.png,False
sample_data,4,output/vein/frames/sample_data_00004.png,output/vein/masks/sample_data_00004.png,True
sample_data,5,output/vein/frames/sample_data_00005.png,output/vein/masks/sample_data_00005.png,True
sample_data,6,output/vein/frames/sample_data_00006.png,output/vein/masks/sample_data_00006.png,True
sample_data,7,output/vein/frames/sample_data_00007.png,output/vein/masks/sample_data_00007.png,True
sample_data,8,output/vein/frames/sample_data_00008.png,output/vein/masks/sample_data_00008.png,True
sample_data,9,output/vein/frames/sample_data_00009.png,output/vein/masks/sample_data_00009.png,True
sample_data,10,output/vein/frames/sample_data_00010.png,output/vein/masks/sample_data_00010.png,True
sample_data,11,output/vein/frames/sample_data_00011.png,output/vein/masks/sample_data_00011.png,True
sample_data,12,output/vein/frames/sample_data_00012.png,output/vein/masks/sample_data_00012.png,True
sample_data,13,output/vein/frames/sample_data_00013.png,output/vein/masks/sample_data_00013.png,True
sample_data,14,output/vein/frames/sample_data_00014.png,output/vein/masks/sample_data_00014.png,True
sample_data,15,output/vein/frames/sample_data_00015.png,output/vein/masks/sample_data_00015.png,True
sample_data,16,output/vein/frames/sample_data_00016.png,output/vein/masks/sample_data_00016.png,True
sample_data,17,output/vein/frames/sample_data_00017.png,output/vein/masks/sample_data_00017.png,True
sample_data,18,output/vein/frames/sample_data_00018.png,output/vein/masks/sample_data_00018.png,True
sample_data,19,output/vein/frames/sample_data_00019.png,output/vein/masks/sample_data_00019.png,True
sample_data,20,output/vein/frames/sample_data_00020.png,output/vein/masks/sample_data_00020.png,True
sample_data,21,output/vein/frames/sample_data_00021.png,output/vein/masks/sample_data_00021.png,True
sample_data,22,output/vein/frames/sample_data_00022.png,output/vein/masks/sample_data_00022.png,True
sample_data,23,output/vein/frames/sample_data_00023.png,output/vein/masks/sample_data_00023.png,True
sample_data,24,output/vein/frames/sample_data_00024.png,output/vein/masks/sample_data_00024.png,True
sample_data,25,output/vein/frames/sample_data_00025.png,output/vein/masks/sample_data_00025.png,True
sample_data,26,output/vein/frames/sample_data_00026.png,output/vein/masks/sample_data_00026.png,True
sample_data,27,output/vein/frames/sample_data_00027.png,output/vein/masks/sample_data_00027.png,True
sample_data,28,output/vein/frames/sample_data_00028.png,output/vein/masks/sample_data_00028.png,True
sample_data,29,output/vein/frames/sample_data_00029.png,output/vein/masks/sample_data_00029.png,True
sample_data,30,output/vein/frames/sample_data_00030.png,output/vein/masks/sample_data_00030.png,True
sample_data,31,output/vein/frames/sample_data_00031.png,output/vein/masks/sample_data_00031.png,True
sample_data,32,output/vein/frames/sample_data_00032.png,output/vein/masks/sample_data_00032.png,True
sample_data,33,output/vein/frames/sample_data_00033.png,output/vein/masks/sample_data_00033.png,True
sample_data,34,output/vein/frames/sample_data_00034.png,output/vein/masks/sample_data_00034.png,True
sample_data,35,output/vein/frames/sample_data_00035.png,output/vein/masks/sample_data_00035.png,True
sample_data,36,output/vein/frames/sample_data_00036.png,output/vein/masks/sample_data_00036.png,True
sample_data,37,output/vein/frames/sample_data_00037.png,output/vein/masks/sample_data_00037.png,True
sample_data,38,output/vein/frames/sample_data_00038.png,output/vein/masks/sample_data_00038.png,True
sample_data,39,output/vein/frames/sample_data_00039.png,output/vein/masks/sample_data_00039.png,True
sample_data,40,output/vein/frames/sample_data_00040.png,output/vein/masks/sample_data_00040.png,True
sample_data,41,output/vein/frames/sample_data_00041.png,output/vein/masks/sample_data_00041.png,True
sample_data,42,output/vein/frames/sample_data_00042.png,output/vein/masks/sample_data_00042.png,True
sample_data,43,output/vein/frames/sample_data_00043.png,output/vein/masks/sample_data_00043.png,True
sample_data,44,output/vein/frames/sample_data_00044.png,output/vein/masks/sample_data_00044.png,True
sample_data,45,output/vein/frames/sample_data_00045.png,output/vein/masks/sample_data_00045.png,True
sample_data,46,output/vein/frames/sample_data_00046.png,output/vein/masks/sample_data_00046.png,True
sample_data,47,output/vein/frames/sample_data_00047.png,output/vein/masks/sample_data_00047.png,True
sample_data,48,output/vein/frames/sample_data_00048.png,output/vein/masks/sample_data_00048.png,True
sample_data,49,output/vein/frames/sample_data_00049.png,output/vein/masks/sample_data_00049.png,True
sample_data,50,output/vein/frames/sample_data_00050.png,output/vein/masks/sample_data_00050.png,True
sample_data,51,output/vein/frames/sample_data_00051.png,output/vein/masks/sample_data_00051.png,True
sample_data,52,output/vein/frames/sample_data_00052.png,output/vein/masks/sample_data_00052.png,True
sample_data,53,output/vein/frames/sample_data_00053.png,output/vein/masks/sample_data_00053.png,True
sample_data,54,output/vein/frames/sample_data_00054.png,output/vein/masks/sample_data_00054.png,True
sample_data,55,output/vein/frames/sample_data_00055.png,output/vein/masks/sample_data_00055.png,True
sample_data,56,output/vein/frames/sample_data_00056.png,output/vein/masks/sample_data_00056.png,True
sample_data,57,output/vein/frames/sample_data_00057.png,output/vein/masks/sample_data_00057.png,True
sample_data,58,output/vein/frames/sample_data_00058.png,output/vein/masks/sample_data_00058.png,True
sample_data,59,output/vein/frames/sample_data_00059.png,output/vein/masks/sample_data_00059.png,True
sample_data,60,output/vein/frames/sample_data_00060.png,output/vein/masks/sample_data_00060.png,True
sample_data,61,output/vein/frames/sample_data_00061.png,output/vein/masks/sample_data_00061.png,True
sample_data,62,output/vein/frames/sample_data_00062.png,output/vein/masks/sample_data_00062.png,True
sample_data,63,output/vein/frames/sample_data_00063.png,output/vein/masks/sample_data_00063.png,True
sample_data,64,output/vein/frames/sample_data_00064.png,output/vein/masks/sample_data_00064.png,True
sample_data,65,output/vein/frames/sample_data_00065.png,output/vein/masks/sample_data_00065.png,True
sample_data,66,output/vein/frames/sample_data_00066.png,output/vein/masks/sample_data_00066.png,True
sample_data,67,output/vein/frames/sample_data_00067.png,output/vein/masks/sample_data_00067.png,True
sample_data,68,output/vein/frames/sample_data_00068.png,output/vein/masks/sample_data_00068.png,True
sample_data,69,output/vein/frames/sample_data_00069.png,output/vein/masks/sample_data_00069.png,True
sample_data,70,output/vein/frames/sample_data_00070.png,output/vein/masks/sample_data_00070.png,True
sample_data,71,output/vein/frames/sample_data_00071.png,output/vein/masks/sample_data_00071.png,True
sample_data,72,output/vein/frames/sample_data_00072.png,output/vein/masks/sample_data_00072.png,True
sample_data,73,output/vein/frames/sample_data_00073.png,output/vein/masks/sample_data_00073.png,True
sample_data,74,output/vein/frames/sample_data_00074.png,output/vein/masks/sample_data_00074.png,True
sample_data,75,output/vein/frames/sample_data_00075.png,output/vein/masks/sample_data_00075.png,True
sample_data,76,output/vein/frames/sample_data_00076.png,output/vein/masks/sample_data_00076.png,True
sample_data,77,output/vein/frames/sample_data_00077.png,output/vein/masks/sample_data_00077.png,True
sample_data,78,output/vein/frames/sample_data_00078.png,output/vein/masks/sample_data_00078.png,True
sample_data,79,output/vein/frames/sample_data_00079.png,output/vein/masks/sample_data_00079.png,True
sample_data,80,output/vein/frames/sample_data_00080.png,output/vein/masks/sample_data_00080.png,True
sample_data,81,output/vein/frames/sample_data_00081.png,output/vein/masks/sample_data_00081.png,True
sample_data,82,output/vein/frames/sample_data_00082.png,output/vein/masks/sample_data_00082.png,True
sample_data,83,output/vein/frames/sample_data_00083.png,output/vein/masks/sample_data_00083.png,True
sample_data,84,output/vein/frames/sample_data_00084.png,output/vein/masks/sample_data_00084.png,True
sample_data,85,output/vein/frames/sample_data_00085.png,output/vein/masks/sample_data_00085.png,True
sample_data,86,output/vein/frames/sample_data_00086.png,output/vein/masks/sample_data_00086.png,True
sample_data,87,output/vein/frames/sample_data_00087.png,output/vein/masks/sample_data_00087.png,True
sample_data,88,output/vein/frames/sample_data_00088.png,output/vein/masks/sample_data_00088.png,True
sample_data,89,output/vein/frames/sample_data_00089.png,output/vein/masks/sample_data_00089.png,True
sample_data,90,output/vein/frames/sample_data_00090.png,output/vein/masks/sample_data_00090.png,True
sample_data,91,output/vein/frames/sample_data_00091.png,output/vein/masks/sample_data_00091.png,True
sample_data,92,output/vein/frames/sample_data_00092.png,output/vein/masks/sample_data_00092.png,True
sample_data,93,output/vein/frames/sample_data_00093.png,output/vein/masks/sample_data_00093.png,True
sample_data,94,output/vein/frames/sample_data_00094.png,output/vein/masks/sample_data_00094.png,True
sample_data,95,output/vein/frames/sample_data_00095.png,output/vein/masks/sample_data_00095.png,True
sample_data,96,output/vein/frames/sample_data_00096.png,output/vein/masks/sample_data_00096.png,True
sample_data,97,output/vein/frames/sample_data_00097.png,output/vein/masks/sample_data_00097.png,True
sample_data,98,output/vein/frames/sample_data_00098.png,output/vein/masks/sample_data_00098.png,True
sample_data,99,output/vein/frames/sample_data_00099.png,output/vein/masks/sample_data_00099.png,True
sample_data,100,output/vein/frames/sample_data_00100.png,output/vein/masks/sample_data_00100.png,True
sample_data,101,output/vein/frames/sample_data_00101.png,output/vein/masks/sample_data_00101.png,True
sample_data,102,output/vein/frames/sample_data_00102.png,output/vein/masks/sample_data_00102.png,True
sample_data,103,output/vein/frames/sample_data_00103.png,output/vein/masks/sample_data_00103.png,True
sample_data,104,output/vein/frames/sample_data_00104.png,output/vein/masks/sample_data_00104.png,True
sample_data,105,output/vein/frames/sample_data_00105.png,output/vein/masks/sample_data_00105.png,True
sample_data,106,output/vein/frames/sample_data_00106.png,output/vein/masks/sample_data_00106.png,True
sample_data,107,output/vein/frames/sample_data_00107.png,output/vein/masks/sample_data_00107.png,True
sample_data,108,output/vein/frames/sample_data_00108.png,output/vein/masks/sample_data_00108.png,True
sample_data,109,output/vein/frames/sample_data_00109.png,output/vein/masks/sample_data_00109.png,True
sample_data,110,output/vein/frames/sample_data_00110.png,output/vein/masks/sample_data_00110.png,True
sample_data,111,output/vein/frames/sample_data_00111.png,output/vein/masks/sample_data_00111.png,True
sample_data,112,output/vein/frames/sample_data_00112.png,output/vein/masks/sample_data_00112.png,True
sample_data,113,output/vein/frames/sample_data_00113.png,output/vein/masks/sample_data_00113.png,True
sample_data,114,output/vein/frames/sample_data_00114.png,output/vein/masks/sample_data_00114.png,True
sample_data,115,output/vein/frames/sample_data_00115.png,output/vein/masks/sample_data_00115.png,True
sample_data,116,output/vein/frames/sample_data_00116.png,output/vein/masks/sample_data_00116.png,True
sample_data,117,output/vein/frames/sample_data_00117.png,output/vein/masks/sample_data_00117.png,True
sample_data,118,output/vein/frames/sample_data_00118.png,output/vein/masks/sample_data_00118.png,True
sample_data,119,output/vein/frames/sample_data_00119.png,output/vein/masks/sample_data_00119.png,True
sample_data,120,output/vein/frames/sample_data_00120.png,output/vein/masks/sample_data_00120.png,True
sample_data,121,output/vein/frames/sample_data_00121.png,output/vein/masks/sample_data_00121.png,True
sample_data,122,output/vein/frames/sample_data_00122.png,output/vein/masks/sample_data_00122.png,True
sample_data,123,output/vein/frames/sample_data_00123.png,output/vein/masks/sample_data_00123.png,True
sample_data,124,output/vein/frames/sample_data_00124.png,output/vein/masks/sample_data_00124.png,True
sample_data,125,output/vein/frames/sample_data_00125.png,output/vein/masks/sample_data_00125.png,True
sample_data,126,output/vein/frames/sample_data_00126.png,output/vein/masks/sample_data_00126.png,True
sample_data,127,output/vein/frames/sample_data_00127.png,output/vein/masks/sample_data_00127.png,True
sample_data,128,output/vein/frames/sample_data_00128.png,output/vein/masks/sample_data_00128.png,True
sample_data,129,output/vein/frames/sample_data_00129.png,output/vein/masks/sample_data_00129.png,True
sample_data,130,output/vein/frames/sample_data_00130.png,output/vein/masks/sample_data_00130.png,True
sample_data,131,output/vein/frames/sample_data_00131.png,output/vein/masks/sample_data_00131.png,True
sample_data,132,output/vein/frames/sample_data_00132.png,output/vein/masks/sample_data_00132.png,True
sample_data,133,output/vein/frames/sample_data_00133.png,output/vein/masks/sample_data_00133.png,True
sample_data,134,output/vein/frames/sample_data_00134.png,output/vein/masks/sample_data_00134.png,True
sample_data,135,output/vein/frames/sample_data_00135.png,output/vein/masks/sample_data_00135.png,True
sample_data,136,output/vein/frames/sample_data_00136.png,output/vein/masks/sample_data_00136.png,True
sample_data,137,output/vein/frames/sample_data_00137.png,output/vein/masks/sample_data_00137.png,True
sample_data,138,output/vein/frames/sample_data_00138.png,output/vein/masks/sample_data_00138.png,True
sample_data,139,output/vein/frames/sample_data_00139.png,output/vein/masks/sample_data_00139.png,True
sample_data,140,output/vein/frames/sample_data_00140.png,output/vein/masks/sample_data_00140.png,True
sample_data,141,output/vein/frames/sample_data_00141.png,output/vein/masks/sample_data_00141.png,True
sample_data,142,output/vein/frames/sample_data_00142.png,output/vein/masks/sample_data_00142.png,True
sample_data,143,output/vein/frames/sample_data_00143.png,output/vein/masks/sample_data_00143.png,True
sample_data,144,output/vein/frames/sample_data_00144.png,output/vein/masks/sample_data_00144.png,True
sample_data,145,output/vein/frames/sample_data_00145.png,output/vein/masks/sample_data_00145.png,True
sample_data,146,output/vein/frames/sample_data_00146.png,output/vein/masks/sample_data_00146.png,True
sample_data,147,output/vein/frames/sample_data_00147.png,output/vein/masks/sample_data_00147.png,True
sample_data,148,output/vein/frames/sample_data_00148.png,output/vein/masks/sample_data_00148.png,True
sample_data,149,output/vein/frames/sample_data_00149.png,output/vein/masks/sample_data_00149.png,True
sample_data,150,output/vein/frames/sample_data_00150.png,output/vein/masks/sample_data_00150.png,True
sample_data,151,output/vein/frames/sample_data_00151.png,output/vein/masks/sample_data_00151.png,True
sample_data,152,output/vein/frames/sample_data_00152.png,output/vein/masks/sample_data_00152.png,True
sample_data,153,output/vein/frames/sample_data_00153.png,output/vein/masks/sample_data_00153.png,True
sample_data,154,output/vein/frames/sample_data_00154.png,output/vein/masks/sample_data_00154.png,True
sample_data,155,output/vein/frames/sample_data_00155.png,output/vein/masks/sample_data_00155.png,True
sample_data,156,output/vein/frames/sample_data_00156.png,output/vein/masks/sample_data_00156.png,True
sample_data,157,output/vein/frames/sample_data_00157.png,output/vein/masks/sample_data_00157.png,True
sample_data,158,output/vein/frames/sample_data_00158.png,output/vein/masks/sample_data_00158.png,True
sample_data,159,output/vein/frames/sample_data_00159.png,output/vein/masks/sample_data_00159.png,True
sample_data,160,output/vein/frames/sample_data_00160.png,output/vein/masks/sample_data_00160.png,True
sample_data,161,output/vein/frames/sample_data_00161.png,output/vein/masks/sample_data_00161.png,True
sample_data,162,output/vein/frames/sample_data_00162.png,output/vein/masks/sample_data_00162.png,True
sample_data,163,output/vein/frames/sample_data_00163.png,output/vein/masks/sample_data_00163.png,True
sample_data,164,output/vein/frames/sample_data_00164.png,output/vein/masks/sample_data_00164.png,True
sample_data,165,output/vein/frames/sample_data_00165.png,output/vein/masks/sample_data_00165.png,True
sample_data,166,output/vein/frames/sample_data_00166.png,output/vein/masks/sample_data_00166.png,True
sample_data,167,output/vein/frames/sample_data_00167.png,output/vein/masks/sample_data_00167.png,True
sample_data,168,output/vein/frames/sample_data_00168.png,output/vein/masks/sample_data_00168.png,True
sample_data,169,output/vein/frames/sample_data_00169.png,output/vein/masks/sample_data_00169.png,True
sample_data,170,output/vein/frames/sample_data_00170.png,output/vein/masks/sample_data_00170.png,True
sample_data,171,output/vein/frames/sample_data_00171.png,output/vein/masks/sample_data_00171.png,True
sample_data,172,output/vein/frames/sample_data_00172.png,output/vein/masks/sample_data_00172.png,True
sample_data,173,output/vein/frames/sample_data_00173.png,output/vein/masks/sample_data_00173.png,True
sample_data,174,output/vein/frames/sample_data_00174.png,output/vein/masks/sample_data_00174.png,True
sample_data,175,output/vein/frames/sample_data_00175.png,output/vein/masks/sample_data_00175.png,True
sample_data,176,output/vein/frames/sample_data_00176.png,output/vein/masks/sample_data_00176.png,True
sample_data,177,output/vein/frames/sample_data_00177.png,output/vein/masks/sample_data_00177.png,True
sample_data,178,output/vein/frames/sample_data_00178.png,output/vein/masks/sample_data_00178.png,True
sample_data,179,output/vein/frames/sample_data_00179.png,output/vein/masks/sample_data_00179.png,True
sample_data,180,output/vein/frames/sample_data_00180.png,output/vein/masks/sample_data_00180.png,True
sample_data,181,output/vein/frames/sample_data_00181.png,output/vein/masks/sample_data_00181.png,True
sample_data,182,output/vein/frames/sample_data_00182.png,output/vein/masks/sample_data_00182.png,True
sample_data,183,output/vein/frames/sample_data_00183.png,output/vein/masks/sample_data_00183.png,True
sample_data,184,output/vein/frames/sample_data_00184.png,output/vein/masks/sample_data_00184.png,True
sample_data,185,output/vein/frames/sample_data_00185.png,output/vein/masks/sample_data_00185.png,True
sample_data,186,output/vein/frames/sample_data_00186.png,output/vein/masks/sample_data_00186.png,True
sample_data,187,output/vein/frames/sample_data_00187.png,output/vein/masks/sample_data_00187.png,True
sample_data,188,output/vein/frames/sample_data_00188.png,output/vein/masks/sample_data_00188.png,True
sample_data,189,output/vein/frames/sample_data_00189.png,output/vein/masks/sample_data_00189.png,True
sample_data,190,output/vein/frames/sample_data_00190.png,output/vein/masks/sample_data_00190.png,True
sample_data,191,output/vein/frames/sample_data_00191.png,output/vein/masks/sample_data_00191.png,True
sample_data,192,output/vein/frames/sample_data_00192.png,output/vein/masks/sample_data_00192.png,True
sample_data,193,output/vein/frames/sample_data_00193.png,output/vein/masks/sample_data_00193.png,True
sample_data,194,output/vein/frames/sample_data_00194.png,output/vein/masks/sample_data_00194.png,True
sample_data,195,output/vein/frames/sample_data_00195.png,output/vein/masks/sample_data_00195.png,True
sample_data,196,output/vein/frames/sample_data_00196.png,output/vein/masks/sample_data_00196.png,True
sample_data,197,output/vein/frames/sample_data_00197.png,output/vein/masks/sample_data_00197.png,True
sample_data,198,output/vein/frames/sample_data_00198.png,output/vein/masks/sample_data_00198.png,True
sample_data,199,output/vein/frames/sample_data_00199.png,output/vein/masks/sample_data_00199.png,True
sample_data,200,output/vein/frames/sample_data_00200.png,output/vein/masks/sample_data_00200.png,True
sample_data,201,output/vein/frames/sample_data_00201.png,output/vein/masks/sample_data_00201.png,True
sample_data,202,output/vein/frames/sample_data_00202.png,output/vein/masks/sample_data_00202.png,True
sample_data,203,output/vein/frames/sample_data_00203.png,output/vein/masks/sample_data_00203.png,True
sample_data,204,output/vein/frames/sample_data_00204.png,output/vein/masks/sample_data_00204.png,True
sample_data,205,output/vein/frames/sample_data_00205.png,output/vein/masks/sample_data_00205.png,True
sample_data,206,output/vein/frames/sample_data_00206.png,output/vein/masks/sample_data_00206.png,True
sample_data,207,output/vein/frames/sample_data_00207.png,output/vein/masks/sample_data_00207.png,True
sample_data,208,output/vein/frames/sample_data_00208.png,output/vein/masks/sample_data_00208.png,True
sample_data,209,output/vein/frames/sample_data_00209.png,output/vein/masks/sample_data_00209.png,True
sample_data,210,output/vein/frames/sample_data_00210.png,output/vein/masks/sample_data_00210.png,True
sample_data,211,output/vein/frames/sample_data_00211.png,output/vein/masks/sample_data_00211.png,True
sample_data,212,output/vein/frames/sample_data_00212.png,output/vein/masks/sample_data_00212.png,True
sample_data,213,output/vein/frames/sample_data_00213.png,output/vein/masks/sample_data_00213.png,True
sample_data,214,output/vein/frames/sample_data_00214.png,output/vein/masks/sample_data_00214.png,True
sample_data,215,output/vein/frames/sample_data_00215.png,output/vein/masks/sample_data_00215.png,True
sample_data,216,output/vein/frames/sample_data_00216.png,output/vein/masks/sample_data_00216.png,True
sample_data,217,output/vein/frames/sample_data_00217.png,output/vein/masks/sample_data_00217.png,True
sample_data,218,output/vein/frames/sample_data_00218.png,output/vein/masks/sample_data_00218.png,True
sample_data,219,output/vein/frames/sample_data_00219.png,output/vein/masks/sample_data_00219.png,True
sample_data,220,output/vein/frames/sample_data_00220.png,output/vein/masks/sample_data_00220.png,True
sample_data,221,output/vein/frames/sample_data_00221.png,output/vein/masks/sample_data_00221.png,True
sample_data,222,output/vein/frames/sample_data_00222.png,output/vein/masks/sample_data_00222.png,True
sample_data,223,output/vein/frames/sample_data_00223.png,output/vein/masks/sample_data_00223.png,True
sample_data,224,output/vein/frames/sample_data_00224.png,output/vein/masks/sample_data_00224.png,True
sample_data,225,output/vein/frames/sample_data_00225.png,output/vein/masks/sample_data_00225.png,True
sample_data,226,output/vein/frames/sample_data_00226.png,output/vein/masks/sample_data_00226.png,True
sample_data,227,output/vein/frames/sample_data_00227.png,output/vein/masks/sample_data_00227.png,True
sample_data,228,output/vein/frames/sample_data_00228.png,output/vein/masks/sample_data_00228.png,True
sample_data,229,output/vein/frames/sample_data_00229.png,output/vein/masks/sample_data_00229.png,True
sample_data,230,output/vein/frames/sample_data_00230.png,output/vein/masks/sample_data_00230.png,True
sample_data,231,output/vein/frames/sample_data_00231.png,output/vein/masks/sample_data_00231.png,True
sample_data,232,output/vein/frames/sample_data_00232.png,output/vein/masks/sample_data_00232.png,True
sample_data,233,output/vein/frames/sample_data_00233.png,output/vein/masks/sample_data_00233.png,True
sample_data,234,output/vein/frames/sample_data_00234.png,output/vein/masks/sample_data_00234.png,True
sample_data,235,output/vein/frames/sample_data_00235.png,output/vein/masks/sample_data_00235.png,True
sample_data,236,output/vein/frames/sample_data_00236.png,output/vein/masks/sample_data_00236.png,True
sample_data,237,output/vein/frames/sample_data_00237.png,output/vein/masks/sample_data_00237.png,True
sample_data,238,output/vein/frames/sample_data_00238.png,output/vein/masks/sample_data_00238.png,True
sample_data,239,output/vein/frames/sample_data_00239.png,output/vein/masks/sample_data_00239.png,True
sample_data,240,output/vein/frames/sample_data_00240.png,output/vein/masks/sample_data_00240.png,True
sample_data,241,output/vein/frames/sample_data_00241.png,output/vein/masks/sample_data_00241.png,True
sample_data,242,output/vein/frames/sample_data_00242.png,output/vein/masks/sample_data_00242.png,True
sample_data,243,output/vein/frames/sample_data_00243.png,output/vein/masks/sample_data_00243.png,True
sample_data,244,output/vein/frames/sample_data_00244.png,output/vein/masks/sample_data_00244.png,True
sample_data,245,output/vein/frames/sample_data_00245.png,output/vein/masks/sample_data_00245.png,True
sample_data,246,output/vein/frames/sample_data_00246.png,output/vein/masks/sample_data_00246.png,True
sample_data,247,output/vein/frames/sample_data_00247.png,output/vein/masks/sample_data_00247.png,True
sample_data,248,output/vein/frames/sample_data_00248.png,output/vein/masks/sample_data_00248.png,True
sample_data,249,output/vein/frames/sample_data_00249.png,output/vein/masks/sample_data_00249.png,True
sample_data,250,output/vein/frames/sample_data_00250.png,output/vein/masks/sample_data_00250.png,True
sample_data,251,output/vein/frames/sample_data_00251.png,output/vein/masks/sample_data_00251.png,True
sample_data,252,output/vein/frames/sample_data_00252.png,output/vein/masks/sample_data_00252.png,True
sample_data,253,output/vein/frames/sample_data_00253.png,output/vein/masks/sample_data_00253.png,True
sample_data,254,output/vein/frames/sample_data_00254.png,output/vein/masks/sample_data_00254.png,True
sample_data,255,output/vein/frames/sample_data_00255.png,output/vein/masks/sample_data_00255.png,True
sample_data,256,output/vein/frames/sample_data_00256.png,output/vein/masks/sample_data_00256.png,True
sample_data,257,output/vein/frames/sample_data_00257.png,output/vein/masks/sample_data_00257.png,True
sample_data,258,output/vein/frames/sample_data_00258.png,output/vein/masks/sample_data_00258.png,True
sample_data,259,output/vein/frames/sample_data_00259.png,output/vein/masks/sample_data_00259.png,True
sample_data,260,output/vein/frames/sample_data_00260.png,output/vein/masks/sample_data_00260.png,True
sample_data,261,output/vein/frames/sample_data_00261.png,output/vein/masks/sample_data_00261.png,True
sample_data,262,output/vein/frames/sample_data_00262.png,output/vein/masks/sample_data_00262.png,True
sample_data,263,output/vein/frames/sample_data_00263.png,output/vein/masks/sample_data_00263.png,True
sample_data,264,output/vein/frames/sample_data_00264.png,output/vein/masks/sample_data_00264.png,True
sample_data,265,output/vein/frames/sample_data_00265.png,output/vein/masks/sample_data_00265.png,True
sample_data,266,output/vein/frames/sample_data_00266.png,output/vein/masks/sample_data_00266.png,True
sample_data,267,output/vein/frames/sample_data_00267.png,output/vein/masks/sample_data_00267.png,True
sample_data,268,output/vein/frames/sample_data_00268.png,output/vein/masks/sample_data_00268.png,True
sample_data,269,output/vein/frames/sample_data_00269.png,output/vein/masks/sample_data_00269.png,True
sample_data,270,output/vein/frames/sample_data_00270.png,output/vein/masks/sample_data_00270.png,True
sample_data,271,output/vein/frames/sample_data_00271.png,output/vein/masks/sample_data_00271.png,True
sample_data,272,output/vein/frames/sample_data_00272.png,output/vein/masks/sample_data_00272.png,True
sample_data,273,output/vein/frames/sample_data_00273.png,output/vein/masks/sample_data_00273.png,True
sample_data,274,output/vein/frames/sample_data_00274.png,output/vein/masks/sample_data_00274.png,True
sample_data,275,output/vein/frames/sample_data_00275.png,output/vein/masks/sample_data_00275.png,True
sample_data,276,output/vein/frames/sample_data_00276.png,output/vein/masks/sample_data_00276.png,True
sample_data,277,output/vein/frames/sample_data_00277.png,output/vein/masks/sample_data_00277.png,True
sample_data,278,output/vein/frames/sample_data_00278.png,output/vein/masks/sample_data_00278.png,True
sample_data,279,output/vein/frames/sample_data_00279.png,output/vein/masks/sample_data_00279.png,True
sample_data,280,output/vein/frames/sample_data_00280.png,output/vein/masks/sample_data_00280.png,True
sample_data,281,output/vein/frames/sample_data_00281.png,output/vein/masks/sample_data_00281.png,True
sample_data,282,output/vein/frames/sample_data_00282.png,output/vein/masks/sample_data_00282.png,True
sample_data,283,output/vein/frames/sample_data_00283.png,output/vein/masks/sample_data_00283.png,True
sample_data,284,output/vein/frames/sample_data_00284.png,output/vein/masks/sample_data_00284.png,True
sample_data,285,output/vein/frames/sample_data_00285.png,output/vein/masks/sample_data_00285.png,True
sample_data,286,output/vein/frames/sample_data_00286.png,output/vein/masks/sample_data_00286.png,True
sample_data,287,output/vein/frames/sample_data_00287.png,output/vein/masks/sample_data_00287.png,True
sample_data,288,output/vein/frames/sample_data_00288.png,output/vein/masks/sample_data_00288.png,True
sample_data,289,output/vein/frames/sample_data_00289.png,output/vein/masks/sample_data_00289.png,True
sample_data,290,output/vein/frames/sample_data_00290.png,output/vein/masks/sample_data_00290.png,True
sample_data,291,output/vein/frames/sample_data_00291.png,output/vein/masks/sample_data_00291.png,True
sample_data,292,output/vein/frames/sample_data_00292.png,output/vein/masks/sample_data_00292.png,True
sample_data,293,output/vein/frames/sample_data_00293.png,output/vein/masks/sample_data_00293.png,True
sample_data,294,output/vein/frames/sample_data_00294.png,output/vein/masks/sample_data_00294.png,True
sample_data,295,output/vein/frames/sample_data_00295.png,output/vein/masks/sample_data_00295.png,True
sample_data,296,output/vein/frames/sample_data_00296.png,output/vein/masks/sample_data_00296.png,True
sample_data,297,output/vein/frames/sample_data_00297.png,output/vein/masks/sample_data_00297.png,True
sample_data,298,output/vein/frames/sample_data_00298.png,output/vein/masks/sample_data_00298.png,True
sample_data,299,output/vein/frames/sample_data_00299.png,output/vein/masks/sample_data_00299.png,True
sample_data,300,output/vein/frames/sample_data_00300.png,output/vein/masks/sample_data_00300.png,True
sample_data,301,output/vein/frames/sample_data_00301.png,output/vein/masks/sample_data_00301.png,True
sample_data,302,output/vein/frames/sample_data_00302.png,output/vein/masks/sample_data_00302.png,True
sample_data,303,output/vein/frames/sample_data_00303.png,output/vein/masks/sample_data_00303.png,True
sample_data,304,output/vein/frames/sample_data_00304.png,output/vein/masks/sample_data_00304.png,True
sample_data,305,output/vein/frames/sample_data_00305.png,output/vein/masks/sample_data_00305.png,True
sample_data,306,output/vein/frames/sample_data_00306.png,output/vein/masks/sample_data_00306.png,True
sample_data,307,output/vein/frames/sample_data_00307.png,output/vein/masks/sample_data_00307.png,True
sample_data,308,output/vein/frames/sample_data_00308.png,output/vein/masks/sample_data_00308.png,True
sample_data,309,output/vein/frames/sample_data_00309.png,output/vein/masks/sample_data_00309.png,True
sample_data,310,output/vein/frames/sample_data_00310.png,output/vein/masks/sample_data_00310.png,True
sample_data,311,output/vein/frames/sample_data_00311.png,output/vein/masks/sample_data_00311.png,True
sample_data,312,output/vein/frames/sample_data_00312.png,output/vein/masks/sample_data_00312.png,True
sample_data,313,output/vein/frames/sample_data_00313.png,output/vein/masks/sample_data_00313.png,True
sample_data,314,output/vein/frames/sample_data_00314.png,output/vein/masks/sample_data_00314.png,True
sample_data,315,output/vein/frames/sample_data_00315.png,output/vein/masks/sample_data_00315.png,True
sample_data,316,output/vein/frames/sample_data_00316.png,output/vein/masks/sample_data_00316.png,True
sample_data,317,output/vein/frames/sample_data_00317.png,output/vein/masks/sample_data_00317.png,True
sample_data,318,output/vein/frames/sample_data_00318.png,output/vein/masks/sample_data_00318.png,True
sample_data,319,output/vein/frames/sample_data_00319.png,output/vein/masks/sample_data_00319.png,True
sample_data,320,output/vein/frames/sample_data_00320.png,output/vein/masks/sample_data_00320.png,True
sample_data,321,output/vein/frames/sample_data_00321.png,output/vein/masks/sample_data_00321.png,True
sample_data,322,output/vein/frames/sample_data_00322.png,output/vein/masks/sample_data_00322.png,True
sample_data,323,output/vein/frames/sample_data_00323.png,output/vein/masks/sample_data_00323.png,True
sample_data,324,output/vein/frames/sample_data_00324.png,output/vein/masks/sample_data_00324.png,True
sample_data,325,output/vein/frames/sample_data_00325.png,output/vein/masks/sample_data_00325.png,True
sample_data,326,output/vein/frames/sample_data_00326.png,output/vein/masks/sample_data_00326.png,True
sample_data,327,output/vein/frames/sample_data_00327.png,output/vein/masks/sample_data_00327.png,True
sample_data,328,output/vein/frames/sample_data_00328.png,output/vein/masks/sample_data_00328.png,True
sample_data,329,output/vein/frames/sample_data_00329.png,output/vein/masks/sample_data_00329.png,True
sample_data,330,output/vein/frames/sample_data_00330.png,output/vein/masks/sample_data_00330.png,True
sample_data,331,output/vein/frames/sample_data_00331.png,output/vein/masks/sample_data_00331.png,True
sample_data,332,output/vein/frames/sample_data_00332.png,output/vein/masks/sample_data_00332.png,True
sample_data,333,output/vein/frames/sample_data_00333.png,output/vein/masks/sample_data_00333.png,True
sample_data,334,output/vein/frames/sample_data_00334.png,output/vein/masks/sample_data_00334.png,True
sample_data,335,output/vein/frames/sample_data_00335.png,output/vein/masks/sample_data_00335.png,True
sample_data,336,output/vein/frames/sample_data_00336.png,output/vein/masks/sample_data_00336.png,True
sample_data,337,output/vein/frames/sample_data_00337.png,output/vein/masks/sample_data_00337.png,True
sample_data,338,output/vein/frames/sample_data_00338.png,output/vein/masks/sample_data_00338.png,True
sample_data,339,output/vein/frames/sample_data_00339.png,output/vein/masks/sample_data_00339.png,True
sample_data,340,output/vein/frames/sample_data_00340.png,output/vein/masks/sample_data_00340.png,True
sample_data,341,output/vein/frames/sample_data_00341.png,output/vein/masks/sample_data_00341.png,True
sample_data,342,output/vein/frames/sample_data_00342.png,output/vein/masks/sample_data_00342.png,True
sample_data,343,output/vein/frames/sample_data_00343.png,output/vein/masks/sample_data_00343.png,True
sample_data,344,output/vein/frames/sample_data_00344.png,output/vein/masks/sample_data_00344.png,True
sample_data,345,output/vein/frames/sample_data_00345.png,output/vein/masks/sample_data_00345.png,True
sample_data,346,output/vein/frames/sample_data_00346.png,output/vein/masks/sample_data_00346.png,True
sample_data,347,output/vein/frames/sample_data_00347.png,output/vein/masks/sample_data_00347.png,True
sample_data,348,output/vein/frames/sample_data_00348.png,output/vein/masks/sample_data_00348.png,True
sample_data,349,output/vein/frames/sample_data_00349.png,output/vein/masks/sample_data_00349.png,True
sample_data,350,output/vein/frames/sample_data_00350.png,output/vein/masks/sample_data_00350.png,True
sample_data,351,output/vein/frames/sample_data_00351.png,output/vein/masks/sample_data_00351.png,True
sample_data,352,output/vein/frames/sample_data_00352.png,output/vein/masks/sample_data_00352.png,True
sample_data,353,output/vein/frames/sample_data_00353.png,output/vein/masks/sample_data_00353.png,True
sample_data,354,output/vein/frames/sample_data_00354.png,output/vein/masks/sample_data_00354.png,True
sample_data,355,output/vein/frames/sample_data_00355.png,output/vein/masks/sample_data_00355.png,True
sample_data,356,output/vein/frames/sample_data_00356.png,output/vein/masks/sample_data_00356.png,True
sample_data,357,output/vein/frames/sample_data_00357.png,output/vein/masks/sample_data_00357.png,True
sample_data,358,output/vein/frames/sample_data_00358.png,output/vein/masks/sample_data_00358.png,True
sample_data,359,output/vein/frames/sample_data_00359.png,output/vein/masks/sample_data_00359.png,True
sample_data,360,output/vein/frames/sample_data_00360.png,output/vein/masks/sample_data_00360.png,True
sample_data,361,output/vein/frames/sample_data_00361.png,output/vein/masks/sample_data_00361.png,True
sample_data,362,output/vein/frames/sample_data_00362.png,output/vein/masks/sample_data_00362.png,True
sample_data,363,output/vein/frames/sample_data_00363.png,output/vein/masks/sample_data_00363.png,True
sample_data,364,output/vein/frames/sample_data_00364.png,output/vein/masks/sample_data_00364.png,True
sample_data,365,output/vein/frames/sample_data_00365.png,output/vein/masks/sample_data_00365.png,True
sample_data,366,output/vein/frames/sample_data_00366.png,output/vein/masks/sample_data_00366.png,True
sample_data,367,output/vein/frames/sample_data_00367.png,output/vein/masks/sample_data_00367.png,True
sample_data,368,output/vein/frames/sample_data_00368.png,output/vein/masks/sample_data_00368.png,True
sample_data,369,output/vein/frames/sample_data_00369.png,output/vein/masks/sample_data_00369.png,True
sample_data,370,output/vein/frames/sample_data_00370.png,output/vein/masks/sample_data_00370.png,True
sample_data,371,output/vein/frames/sample_data_00371.png,output/vein/masks/sample_data_00371.png,True
sample_data,372,output/vein/frames/sample_data_00372.png,output/vein/masks/sample_data_00372.png,True
sample_data,373,output/vein/frames/sample_data_00373.png,output/vein/masks/sample_data_00373.png,True
sample_data,374,output/vein/frames/sample_data_00374.png,output/vein/masks/sample_data_00374.png,True
sample_data,375,output/vein/frames/sample_data_00375.png,output/vein/masks/sample_data_00375.png,True
sample_data,376,output/vein/frames/sample_data_00376.png,output/vein/masks/sample_data_00376.png,True
sample_data,377,output/vein/frames/sample_data_00377.png,output/vein/masks/sample_data_00377.png,True
sample_data,378,output/vein/frames/sample_data_00378.png,output/vein/masks/sample_data_00378.png,True
sample_data,379,output/vein/frames/sample_data_00379.png,output/vein/masks/sample_data_00379.png,True
sample_data,380,output/vein/frames/sample_data_00380.png,output/vein/masks/sample_data_00380.png,True
sample_data,381,output/vein/frames/sample_data_00381.png,output/vein/masks/sample_data_00381.png,True
sample_data,382,output/vein/frames/sample_data_00382.png,output/vein/masks/sample_data_00382.png,True
sample_data,383,output/vein/frames/sample_data_00383.png,output/vein/masks/sample_data_00383.png,True
sample_data,384,output/vein/frames/sample_data_00384.png,output/vein/masks/sample_data_00384.png,True
sample_data,385,output/vein/frames/sample_data_00385.png,output/vein/masks/sample_data_00385.png,True
sample_data,386,output/vein/frames/sample_data_00386.png,output/vein/masks/sample_data_00386.png,True
sample_data,387,output/vein/frames/sample_data_00387.png,output/vein/masks/sample_data_00387.png,True
sample_data,388,output/vein/frames/sample_data_00388.png,output/vein/masks/sample_data_00388.png,True
sample_data,389,output/vein/frames/sample_data_00389.png,output/vein/masks/sample_data_00389.png,True
sample_data,390,output/vein/frames/sample_data_00390.png,output/vein/masks/sample_data_00390.png,True
sample_data,391,output/vein/frames/sample_data_00391.png,output/vein/masks/sample_data_00391.png,True
sample_data,392,output/vein/frames/sample_data_00392.png,output/vein/masks/sample_data_00392.png,True
sample_data,393,output/vein/frames/sample_data_00393.png,output/vein/masks/sample_data_00393.png,True
sample_data,394,output/vein/frames/sample_data_00394.png,output/vein/masks/sample_data_00394.png,True
sample_data,395,output/vein/frames/sample_data_00395.png,output/vein/masks/sample_data_00395.png,True
sample_data,396,output/vein/frames/sample_data_00396.png,output/vein/masks/sample_data_00396.png,True
sample_data,397,output/vein/frames/sample_data_00397.png,output/vein/masks/sample_data_00397.png,True
sample_data,398,output/vein/frames/sample_data_00398.png,output/vein/masks/sample_data_00398.png,True
sample_data,399,output/vein/frames/sample_data_00399.png,output/vein/masks/sample_data_00399.png,True
sample_data,400,output/vein/frames/sample_data_00400.png,output/vein/masks/sample_data_00400.png,True
sample_data,401,output/vein/frames/sample_data_00401.png,output/vein/masks/sample_data_00401.png,True
sample_data,402,output/vein/frames/sample_data_00402.png,output/vein/masks/sample_data_00402.png,True
sample_data,403,output/vein/frames/sample_data_00403.png,output/vein/masks/sample_data_00403.png,True
sample_data,404,output/vein/frames/sample_data_00404.png,output/vein/masks/sample_data_00404.png,True
sample_data,405,output/vein/frames/sample_data_00405.png,output/vein/masks/sample_data_00405.png,True
sample_data,406,output/vein/frames/sample_data_00406.png,output/vein/masks/sample_data_00406.png,True
sample_data,407,output/vein/frames/sample_data_00407.png,output/vein/masks/sample_data_00407.png,True
sample_data,408,output/vein/frames/sample_data_00408.png,output/vein/masks/sample_data_00408.png,True
sample_data,409,output/vein/frames/sample_data_00409.png,output/vein/masks/sample_data_00409.png,True
sample_data,410,output/vein/frames/sample_data_00410.png,output/vein/masks/sample_data_00410.png,True
sample_data,411,output/vein/frames/sample_data_00411.png,output/vein/masks/sample_data_00411.png,True
sample_data,412,output/vein/frames/sample_data_00412.png,output/vein/masks/sample_data_00412.png,True
sample_data,413,output/vein/frames/sample_data_00413.png,output/vein/masks/sample_data_00413.png,True
sample_data,414,output/vein/frames/sample_data_00414.png,output/vein/masks/sample_data_00414.png,True
sample_data,415,output/vein/frames/sample_data_00415.png,output/vein/masks/sample_data_00415.png,True
sample_data,416,output/vein/frames/sample_data_00416.png,output/vein/masks/sample_data_00416.png,True
sample_data,417,output/vein/frames/sample_data_00417.png,output/vein/masks/sample_data_00417.png,True
sample_data,418,output/vein/frames/sample_data_00418.png,output/vein/masks/sample_data_00418.png,True
sample_data,419,output/vein/frames/sample_data_00419.png,output/vein/masks/sample_data_00419.png,True
sample_data,420,output/vein/frames/sample_data_00420.png,output/vein/masks/sample_data_00420.png,True
sample_data,421,output/vein/frames/sample_data_00421.png,output/vein/masks/sample_data_00421.png,True
sample_data,422,output/vein/frames/sample_data_00422.png,output/vein/masks/sample_data_00422.png,True
sample_data,423,output/vein/frames/sample_data_00423.png,output/vein/masks/sample_data_00423.png,True
sample_data,424,output/vein/frames/sample_data_00424.png,output/vein/masks/sample_data_00424.png,True
sample_data,425,output/vein/frames/sample_data_00425.png,output/vein/masks/sample_data_00425.png,True
sample_data,426,output/vein/frames/sample_data_00426.png,output/vein/masks/sample_data_00426.png,True
sample_data,427,output/vein/frames/sample_data_00427.png,output/vein/masks/sample_data_00427.png,True
sample_data,428,output/vein/frames/sample_data_00428.png,output/vein/masks/sample_data_00428.png,True
sample_data,429,output/vein/frames/sample_data_00429.png,output/vein/masks/sample_data_00429.png,True
sample_data,430,output/vein/frames/sample_data_00430.png,output/vein/masks/sample_data_00430.png,True
sample_data,431,output/vein/frames/sample_data_00431.png,output/vein/masks/sample_data_00431.png,True
sample_data,432,output/vein/frames/sample_data_00432.png,output/vein/masks/sample_data_00432.png,True
sample_data,433,output/vein/frames/sample_data_00433.png,output/vein/masks/sample_data_00433.png,True
sample_data,434,output/vein/frames/sample_data_00434.png,output/vein/masks/sample_data_00434.png,True
sample_data,435,output/vein/frames/sample_data_00435.png,output/vein/masks/sample_data_00435.png,True
sample_data,436,output/vein/frames/sample_data_00436.png,output/vein/masks/sample_data_00436.png,True
sample_data,437,output/vein/frames/sample_data_00437.png,output/vein/masks/sample_data_00437.png,True
sample_data,438,output/vein/frames/sample_data_00438.png,output/vein/masks/sample_data_00438.png,True
sample_data,439,output/vein/frames/sample_data_00439.png,output/vein/masks/sample_data_00439.png,True
sample_data,440,output/vein/frames/sample_data_00440.png,output/vein/masks/sample_data_00440.png,True
sample_data,441,output/vein/frames/sample_data_00441.png,output/vein/masks/sample_data_00441.png,True
sample_data,442,output/vein/frames/sample_data_00442.png,output/vein/masks/sample_data_00442.png,True
sample_data,443,output/vein/frames/sample_data_00443.png,output/vein/masks/sample_data_00443.png,True
sample_data,444,output/vein/frames/sample_data_00444.png,output/vein/masks/sample_data_00444.png,True
sample_data,445,output/vein/frames/sample_data_00445.png,output/vein/masks/sample_data_00445.png,True
sample_data,446,output/vein/frames/sample_data_00446.png,output/vein/masks/sample_data_00446.png,True
sample_data,447,output/vein/frames/sample_data_00447.png,output/vein/masks/sample_data_00447.png,True
sample_data,448,output/vein/frames/sample_data_00448.png,output/vein/masks/sample_data_00448.png,True
sample_data,449,output/vein/frames/sample_data_00449.png,output/vein/masks/sample_data_00449.png,True
sample_data,450,output/vein/frames/sample_data_00450.png,output/vein/masks/sample_data_00450.png,True
sample_data,451,output/vein/frames/sample_data_00451.png,output/vein/masks/sample_data_00451.png,True
sample_data,452,output/vein/frames/sample_data_00452.png,output/vein/masks/sample_data_00452.png,True
sample_data,453,output/vein/frames/sample_data_00453.png,output/vein/masks/sample_data_00453.png,True
sample_data,454,output/vein/frames/sample_data_00454.png,output/vein/masks/sample_data_00454.png,True
sample_data,455,output/vein/frames/sample_data_00455.png,output/vein/masks/sample_data_00455.png,True
sample_data,456,output/vein/frames/sample_data_00456.png,output/vein/masks/sample_data_00456.png,True
sample_data,457,output/vein/frames/sample_data_00457.png,output/vein/masks/sample_data_00457.png,True
sample_data,458,output/vein/frames/sample_data_00458.png,output/vein/masks/sample_data_00458.png,True
sample_data,459,output/vein/frames/sample_data_00459.png,output/vein/masks/sample_data_00459.png,True
sample_data,460,output/vein/frames/sample_data_00460.png,output/vein/masks/sample_data_00460.png,True
sample_data,461,output/vein/frames/sample_data_00461.png,output/vein/masks/sample_data_00461.png,True
sample_data,462,output/vein/frames/sample_data_00462.png,output/vein/masks/sample_data_00462.png,True
sample_data,463,output/vein/frames/sample_data_00463.png,output/vein/masks/sample_data_00463.png,True
sample_data,464,output/vein/frames/sample_data_00464.png,output/vein/masks/sample_data_00464.png,True
sample_data,465,output/vein/frames/sample_data_00465.png,output/vein/masks/sample_data_00465.png,True
sample_data,466,output/vein/frames/sample_data_00466.png,output/vein/masks/sample_data_00466.png,True
sample_data,467,output/vein/frames/sample_data_00467.png,output/vein/masks/sample_data_00467.png,True
sample_data,468,output/vein/frames/sample_data_00468.png,output/vein/masks/sample_data_00468.png,True
sample_data,469,output/vein/frames/sample_data_00469.png,output/vein/masks/sample_data_00469.png,True
sample_data,470,output/vein/frames/sample_data_00470.png,output/vein/masks/sample_data_00470.png,True
sample_data,471,output/vein/frames/sample_data_00471.png,output/vein/masks/sample_data_00471.png,True
sample_data,472,output/vein/frames/sample_data_00472.png,output/vein/masks/sample_data_00472.png,True
sample_data,473,output/vein/frames/sample_data_00473.png,output/vein/masks/sample_data_00473.png,True
sample_data,474,output/vein/frames/sample_data_00474.png,output/vein/masks/sample_data_00474.png,True
sample_data,475,output/vein/frames/sample_data_00475.png,output/vein/masks/sample_data_00475.png,True
sample_data,476,output/vein/frames/sample_data_00476.png,output/vein/masks/sample_data_00476.png,True
sample_data,477,output/vein/frames/sample_data_00477.png,output/vein/masks/sample_data_00477.png,True
sample_data,478,output/vein/frames/sample_data_00478.png,output/vein/masks/sample_data_00478.png,True
sample_data,479,output/vein/frames/sample_data_00479.png,output/vein/masks/sample_data_00479.png,True
sample_data,480,output/vein/frames/sample_data_00480.png,output/vein/masks/sample_data_00480.png,True
sample_data,481,output/vein/frames/sample_data_00481.png,output/vein/masks/sample_data_00481.png,True
sample_data,482,output/vein/frames/sample_data_00482.png,output/vein/masks/sample_data_00482.png,True
sample_data,483,output/vein/frames/sample_data_00483.png,output/vein/masks/sample_data_00483.png,True
sample_data,484,output/vein/frames/sample_data_00484.png,output/vein/masks/sample_data_00484.png,True
sample_data,485,output/vein/frames/sample_data_00485.png,output/vein/masks/sample_data_00485.png,True
sample_data,486,output/vein/frames/sample_data_00486.png,output/vein/masks/sample_data_00486.png,True
sample_data,487,output/vein/frames/sample_data_00487.png,output/vein/masks/sample_data_00487.png,True
sample_data,488,output/vein/frames/sample_data_00488.png,output/vein/masks/sample_data_00488.png,True
sample_data,489,output/vein/frames/sample_data_00489.png,output/vein/masks/sample_data_00489.png,True
sample_data,490,output/vein/frames/sample_data_00490.png,output/vein/masks/sample_data_00490.png,True
sample_data,491,output/vein/frames/sample_data_00491.png,output/vein/masks/sample_data_00491.png,True
sample_data,492,output/vein/frames/sample_data_00492.png,output/vein/masks/sample_data_00492.png,True
sample_data,493,output/vein/frames/sample_data_00493.png,output/vein/masks/sample_data_00493.png,True
sample_data,494,output/vein/frames/sample_data_00494.png,output/vein/masks/sample_data_00494.png,True
sample_data,495,output/vein/frames/sample_data_00495.png,output/vein/masks/sample_data_00495.png,True
sample_data,496,output/vein/frames/sample_data_00496.png,output/vein/masks/sample_data_00496.png,True
sample_data,497,output/vein/frames/sample_data_00497.png,output/vein/masks/sample_data_00497.png,True
sample_data,498,output/vein/frames/sample_data_00498.png,output/vein/masks/sample_data_00498.png,True
sample_data,499,output/vein/frames/sample_data_00499.png,output/vein/masks/sample_data_00499.png,True
sample_data,500,output/vein/frames/sample_data_00500.png,output/vein/masks/sample_data_00500.png,True
sample_data,501,output/vein/frames/sample_data_00501.png,output/vein/masks/sample_data_00501.png,True
sample_data,502,output/vein/frames/sample_data_00502.png,output/vein/masks/sample_data_00502.png,True
sample_data,503,output/vein/frames/sample_data_00503.png,output/vein/masks/sample_data_00503.png,True
sample_data,504,output/vein/frames/sample_data_00504.png,output/vein/masks/sample_data_00504.png,True
sample_data,505,output/vein/frames/sample_data_00505.png,output/vein/masks/sample_data_00505.png,True
sample_data,506,output/vein/frames/sample_data_00506.png,output/vein/masks/sample_data_00506.png,True
sample_data,507,output/vein/frames/sample_data_00507.png,output/vein/masks/sample_data_00507.png,True
sample_data,508,output/vein/frames/sample_data_00508.png,output/vein/masks/sample_data_00508.png,True
sample_data,509,output/vein/frames/sample_data_00509.png,output/vein/masks/sample_data_00509.png,True
sample_data,510,output/vein/frames/sample_data_00510.png,output/vein/masks/sample_data_00510.png,True
sample_data,511,output/vein/frames/sample_data_00511.png,output/vein/masks/sample_data_00511.png,True
sample_data,512,output/vein/frames/sample_data_00512.png,output/vein/masks/sample_data_00512.png,True
sample_data,513,output/vein/frames/sample_data_00513.png,output/vein/masks/sample_data_00513.png,True
sample_data,514,output/vein/frames/sample_data_00514.png,output/vein/masks/sample_data_00514.png,True
sample_data,515,output/vein/frames/sample_data_00515.png,output/vein/masks/sample_data_00515.png,True
sample_data,516,output/vein/frames/sample_data_00516.png,output/vein/masks/sample_data_00516.png,True
sample_data,517,output/vein/frames/sample_data_00517.png,output/vein/masks/sample_data_00517.png,True
sample_data,518,output/vein/frames/sample_data_00518.png,output/vein/masks/sample_data_00518.png,True
sample_data,519,output/vein/frames/sample_data_00519.png,output/vein/masks/sample_data_00519.png,True
sample_data,520,output/vein/frames/sample_data_00520.png,output/vein/masks/sample_data_00520.png,True
sample_data,521,output/vein/frames/sample_data_00521.png,output/vein/masks/sample_data_00521.png,True
sample_data,522,output/vein/frames/sample_data_00522.png,output/vein/masks/sample_data_00522.png,True
sample_data,523,output/vein/frames/sample_data_00523.png,output/vein/masks/sample_data_00523.png,True
sample_data,524,output/vein/frames/sample_data_00524.png,output/vein/masks/sample_data_00524.png,True
sample_data,525,output/vein/frames/sample_data_00525.png,output/vein/masks/sample_data_00525.png,True
sample_data,526,output/vein/frames/sample_data_00526.png,output/vein/masks/sample_data_00526.png,True
sample_data,527,output/vein/frames/sample_data_00527.png,output/vein/masks/sample_data_00527.png,True
sample_data,528,output/vein/frames/sample_data_00528.png,output/vein/masks/sample_data_00528.png,True
sample_data,529,output/vein/frames/sample_data_00529.png,output/vein/masks/sample_data_00529.png,True
sample_data,530,output/vein/frames/sample_data_00530.png,output/vein/masks/sample_data_00530.png,True
sample_data,531,output/vein/frames/sample_data_00531.png,output/vein/masks/sample_data_00531.png,True
sample_data,532,output/vein/frames/sample_data_00532.png,output/vein/masks/sample_data_00532.png,True
sample_data,533,output/vein/frames/sample_data_00533.png,output/vein/masks/sample_data_00533.png,True
sample_data,534,output/vein/frames/sample_data_00534.png,output/vein/masks/sample_data_00534.png,True
sample_data,535,output/vein/frames/sample_data_00535.png,output/vein/masks/sample_data_00535.png,True
sample_data,536,output/vein/frames/sample_data_00536.png,output/vein/masks/sample_data_00536.png,True
sample_data,537,output/vein/frames/sample_data_00537.png,output/vein/masks/sample_data_00537.png,True
sample_data,538,output/vein/frames/sample_data_00538.png,output/vein/masks/sample_data_00538.png,True
sample_data,539,output/vein/frames/sample_data_00539.png,output/vein/masks/sample_data_00539.png,True
sample_data,540,output/vein/frames/sample_data_00540.png,output/vein/masks/sample_data_00540.png,True
sample_data,541,output/vein/frames/sample_data_00541.png,output/vein/masks/sample_data_00541.png,True
sample_data,542,output/vein/frames/sample_data_00542.png,output/vein/masks/sample_data_00542.png,True
sample_data,543,output/vein/frames/sample_data_00543.png,output/vein/masks/sample_data_00543.png,True
sample_data,544,output/vein/frames/sample_data_00544.png,output/vein/masks/sample_data_00544.png,True
sample_data,545,output/vein/frames/sample_data_00545.png,output/vein/masks/sample_data_00545.png,True
sample_data,546,output/vein/frames/sample_data_00546.png,output/vein/masks/sample_data_00546.png,True
sample_data,547,output/vein/frames/sample_data_00547.png,output/vein/masks/sample_data_00547.png,True
sample_data,548,output/vein/frames/sample_data_00548.png,output/vein/masks/sample_data_00548.png,True
sample_data,549,output/vein/frames/sample_data_00549.png,output/vein/masks/sample_data_00549.png,True
sample_data,550,output/vein/frames/sample_data_00550.png,output/vein/masks/sample_data_00550.png,True
sample_data,551,output/vein/frames/sample_data_00551.png,output/vein/masks/sample_data_00551.png,True
sample_data,552,output/vein/frames/sample_data_00552.png,output/vein/masks/sample_data_00552.png,True
sample_data,553,output/vein/frames/sample_data_00553.png,output/vein/masks/sample_data_00553.png,True
sample_data,554,output/vein/frames/sample_data_00554.png,output/vein/masks/sample_data_00554.png,True
sample_data,555,output/vein/frames/sample_data_00555.png,output/vein/masks/sample_data_00555.png,True
sample_data,556,output/vein/frames/sample_data_00556.png,output/vein/masks/sample_data_00556.png,True
sample_data,557,output/vein/frames/sample_data_00557.png,output/vein/masks/sample_data_00557.png,True
sample_data,558,output/vein/frames/sample_data_00558.png,output/vein/masks/sample_data_00558.png,True
sample_data,559,output/vein/frames/sample_data_00559.png,output/vein/masks/sample_data_00559.png,True
sample_data,560,output/vein/frames/sample_data_00560.png,output/vein/masks/sample_data_00560.png,True
sample_data,561,output/vein/frames/sample_data_00561.png,output/vein/masks/sample_data_00561.png,True
sample_data,562,output/vein/frames/sample_data_00562.png,output/vein/masks/sample_data_00562.png,True
sample_data,563,output/vein/frames/sample_data_00563.png,output/vein/masks/sample_data_00563.png,True
sample_data,564,output/vein/frames/sample_data_00564.png,output/vein/masks/sample_data_00564.png,True
sample_data,565,output/vein/frames/sample_data_00565.png,output/vein/masks/sample_data_00565.png,True
sample_data,566,output/vein/frames/sample_data_00566.png,output/vein/masks/sample_data_00566.png,True
sample_data,567,output/vein/frames/sample_data_00567.png,output/vein/masks/sample_data_00567.png,True
sample_data,568,output/vein/frames/sample_data_00568.png,output/vein/masks/sample_data_00568.png,True
sample_data,569,output/vein/frames/sample_data_00569.png,output/vein/masks/sample_data_00569.png,True
sample_data,570,output/vein/frames/sample_data_00570.png,output/vein/masks/sample_data_00570.png,True
sample_data,571,output/vein/frames/sample_data_00571.png,output/vein/masks/sample_data_00571.png,True
sample_data,572,output/vein/frames/sample_data_00572.png,output/vein/masks/sample_data_00572.png,True
sample_data,573,output/vein/frames/sample_data_00573.png,output/vein/masks/sample_data_00573.png,True
sample_data,574,output/vein/frames/sample_data_00574.png,output/vein/masks/sample_data_00574.png,True
sample_data,575,output/vein/frames/sample_data_00575.png,output/vein/masks/sample_data_00575.png,True
sample_data,576,output/vein/frames/sample_data_00576.png,output/vein/masks/sample_data_00576.png,True
sample_data,577,output/vein/frames/sample_data_00577.png,output/vein/masks/sample_data_00577.png,True
sample_data,578,output/vein/frames/sample_data_00578.png,output/vein/masks/sample_data_00578.png,True
sample_data,579,output/vein/frames/sample_data_00579.png,output/vein/masks/sample_data_00579.png,True
sample_data,580,output/vein/frames/sample_data_00580.png,output/vein/masks/sample_data_00580.png,True
sample_data,581,output/vein/frames/sample_data_00581.png,output/vein/masks/sample_data_00581.png,True
sample_data,582,output/vein/frames/sample_data_00582.png,output/vein/masks/sample_data_00582.png,True
sample_data,583,output/vein/frames/sample_data_00583.png,output/vein/masks/sample_data_00583.png,True
sample_data,584,output/vein/frames/sample_data_00584.png,output/vein/masks/sample_data_00584.png,True
sample_data,585,output/vein/frames/sample_data_00585.png,output/vein/masks/sample_data_00585.png,True
sample_data,586,output/vein/frames/sample_data_00586.png,output/vein/masks/sample_data_00586.png,True
sample_data,587,output/vein/frames/sample_data_00587.png,output/vein/masks/sample_data_00587.png,True
sample_data,588,output/vein/frames/sample_data_00588.png,output/vein/masks/sample_data_00588.png,True
sample_data,589,output/vein/frames/sample_data_00589.png,output/vein/masks/sample_data_00589.png,True
sample_data,590,output/vein/frames/sample_data_00590.png,output/vein/masks/sample_data_00590.png,True
sample_data,591,output/vein/frames/sample_data_00591.png,output/vein/masks/sample_data_00591.png,True
sample_data,592,output/vein/frames/sample_data_00592.png,output/vein/masks/sample_data_00592.png,True
sample_data,593,output/vein/frames/sample_data_00593.png,output/vein/masks/sample_data_00593.png,True
sample_data,594,output/vein/frames/sample_data_00594.png,output/vein/masks/sample_data_00594.png,True
sample_data,595,output/vein/frames/sample_data_00595.png,output/vein/masks/sample_data_00595.png,True
sample_data,596,output/vein/frames/sample_data_00596.png,output/vein/masks/sample_data_00596.png,True
sample_data,597,output/vein/frames/sample_data_00597.png,output/vein/masks/sample_data_00597.png,True
sample_data,598,output/vein/frames/sample_data_00598.png,output/vein/masks/sample_data_00598.png,True
sample_data,599,output/vein/frames/sample_data_00599.png,output/vein/masks/sample_data_00599.png,True
sample_data,600,output/vein/frames/sample_data_00600.png,output/vein/masks/sample_data_00600.png,True
sample_data,601,output/vein/frames/sample_data_00601.png,output/vein/masks/sample_data_00601.png,True
sample_data,602,output/vein/frames/sample_data_00602.png,output/vein/masks/sample_data_00602.png,True
sample_data,603,output/vein/frames/sample_data_00603.png,output/vein/masks/sample_data_00603.png,True
sample_data,604,output/vein/frames/sample_data_00604.png,output/vein/masks/sample_data_00604.png,True
sample_data,605,output/vein/frames/sample_data_00605.png,output/vein/masks/sample_data_00605.png,True
sample_data,606,output/vein/frames/sample_data_00606.png,output/vein/masks/sample_data_00606.png,True
sample_data,607,output/vein/frames/sample_data_00607.png,output/vein/masks/sample_data_00607.png,True
sample_data,608,output/vein/frames/sample_data_00608.png,output/vein/masks/sample_data_00608.png,True
sample_data,609,output/vein/frames/sample_data_00609.png,output/vein/masks/sample_data_00609.png,True
sample_data,610,output/vein/frames/sample_data_00610.png,output/vein/masks/sample_data_00610.png,True
sample_data,611,output/vein/frames/sample_data_00611.png,output/vein/masks/sample_data_00611.png,True
sample_data,612,output/vein/frames/sample_data_00612.png,output/vein/masks/sample_data_00612.png,True
sample_data,613,output/vein/frames/sample_data_00613.png,output/vein/masks/sample_data_00613.png,True
sample_data,614,output/vein/frames/sample_data_00614.png,output/vein/masks/sample_data_00614.png,True
sample_data,615,output/vein/frames/sample_data_00615.png,output/vein/masks/sample_data_00615.png,True
sample_data,616,output/vein/frames/sample_data_00616.png,output/vein/masks/sample_data_00616.png,True
sample_data,617,output/vein/frames/sample_data_00617.png,output/vein/masks/sample_data_00617.png,True
sample_data,618,output/vein/frames/sample_data_00618.png,output/vein/masks/sample_data_00618.png,True
sample_data,619,output/vein/frames/sample_data_00619.png,output/vein/masks/sample_data_00619.png,True
sample_data,620,output/vein/frames/sample_data_00620.png,output/vein/masks/sample_data_00620.png,True
sample_data,621,output/vein/frames/sample_data_00621.png,output/vein/masks/sample_data_00621.png,True
sample_data,622,output/vein/frames/sample_data_00622.png,output/vein/masks/sample_data_00622.png,True
sample_data,623,output/vein/frames/sample_data_00623.png,output/vein/masks/sample_data_00623.png,True
sample_data,624,output/vein/frames/sample_data_00624.png,output/vein/masks/sample_data_00624.png,True
sample_data,625,output/vein/frames/sample_data_00625.png,output/vein/masks/sample_data_00625.png,True
sample_data,626,output/vein/frames/sample_data_00626.png,output/vein/masks/sample_data_00626.png,True
sample_data,627,output/vein/frames/sample_data_00627.png,output/vein/masks/sample_data_00627.png,True
sample_data,628,output/vein/frames/sample_data_00628.png,output/vein/masks/sample_data_00628.png,True
sample_data,629,output/vein/frames/sample_data_00629.png,output/vein/masks/sample_data_00629.png,True
sample_data,630,output/vein/frames/sample_data_00630.png,output/vein/masks/sample_data_00630.png,True
sample_data,631,output/vein/frames/sample_data_00631.png,output/vein/masks/sample_data_00631.png,True
sample_data,632,output/vein/frames/sample_data_00632.png,output/vein/masks/sample_data_00632.png,True
sample_data,633,output/vein/frames/sample_data_00633.png,output/vein/masks/sample_data_00633.png,True
sample_data,634,output/vein/frames/sample_data_00634.png,output/vein/masks/sample_data_00634.png,True
sample_data,635,output/vein/frames/sample_data_00635.png,output/vein/masks/sample_data_00635.png,True
sample_data,636,output/vein/frames/sample_data_00636.png,output/vein/masks/sample_data_00636.png,True
sample_data,637,output/vein/frames/sample_data_00637.png,output/vein/masks/sample_data_00637.png,True
sample_data,638,output/vein/frames/sample_data_00638.png,output/vein/masks/sample_data_00638.png,True
sample_data,639,output/vein/frames/sample_data_00639.png,output/vein/masks/sample_data_00639.png,True
sample_data,640,output/vein/frames/sample_data_00640.png,output/vein/masks/sample_data_00640.png,True
sample_data,641,output/vein/frames/sample_data_00641.png,output/vein/masks/sample_data_00641.png,True
sample_data,642,output/vein/frames/sample_data_00642.png,output/vein/masks/sample_data_00642.png,True
sample_data,643,output/vein/frames/sample_data_00643.png,output/vein/masks/sample_data_00643.png,True
sample_data,644,output/vein/frames/sample_data_00644.png,output/vein/masks/sample_data_00644.png,True
sample_data,645,output/vein/frames/sample_data_00645.png,output/vein/masks/sample_data_00645.png,True
sample_data,646,output/vein/frames/sample_data_00646.png,output/vein/masks/sample_data_00646.png,True
sample_data,647,output/vein/frames/sample_data_00647.png,output/vein/masks/sample_data_00647.png,True
sample_data,648,output/vein/frames/sample_data_00648.png,output/vein/masks/sample_data_00648.png,True
sample_data,649,output/vein/frames/sample_data_00649.png,output/vein/masks/sample_data_00649.png,True
sample_data,650,output/vein/frames/sample_data_00650.png,output/vein/masks/sample_data_00650.png,True
sample_data,651,output/vein/frames/sample_data_00651.png,output/vein/masks/sample_data_00651.png,True
sample_data,652,output/vein/frames/sample_data_00652.png,output/vein/masks/sample_data_00652.png,True
sample_data,653,output/vein/frames/sample_data_00653.png,output/vein/masks/sample_data_00653.png,True
sample_data,654,output/vein/frames/sample_data_00654.png,output/vein/masks/sample_data_00654.png,True
sample_data,655,output/vein/frames/sample_data_00655.png,output/vein/masks/sample_data_00655.png,True
sample_data,656,output/vein/frames/sample_data_00656.png,output/vein/masks/sample_data_00656.png,True
sample_data,657,output/vein/frames/sample_data_00657.png,output/vein/masks/sample_data_00657.png,True
sample_data,658,output/vein/frames/sample_data_00658.png,output/vein/masks/sample_data_00658.png,True
sample_data,659,output/vein/frames/sample_data_00659.png,output/vein/masks/sample_data_00659.png,True
sample_data,660,output/vein/frames/sample_data_00660.png,output/vein/masks/sample_data_00660.png,True
sample_data,661,output/vein/frames/sample_data_00661.png,output/vein/masks/sample_data_00661.png,True
sample_data,662,output/vein/frames/sample_data_00662.png,output/vein/masks/sample_data_00662.png,True
sample_data,663,output/vein/frames/sample_data_00663.png,output/vein/masks/sample_data_00663.png,True
sample_data,664,output/vein/frames/sample_data_00664.png,output/vein/masks/sample_data_00664.png,True
sample_data,665,output/vein/frames/sample_data_00665.png,output/vein/masks/sample_data_00665.png,True
sample_data,666,output/vein/frames/sample_data_00666.png,output/vein/masks/sample_data_00666.png,True
sample_data,667,output/vein/frames/sample_data_00667.png,output/vein/masks/sample_data_00667.png,True
sample_data,668,output/vein/frames/sample_data_00668.png,output/vein/masks/sample_data_00668.png,True
sample_data,669,output/vein/frames/sample_data_00669.png,output/vein/masks/sample_data_00669.png,True
sample_data,670,output/vein/frames/sample_data_00670.png,output/vein/masks/sample_data_00670.png,True
sample_data,671,output/vein/frames/sample_data_00671.png,output/vein/masks/sample_data_00671.png,True
sample_data,672,output/vein/frames/sample_data_00672.png,output/vein/masks/sample_data_00672.png,True
sample_data,673,output/vein/frames/sample_data_00673.png,output/vein/masks/sample_data_00673.png,True
sample_data,674,output/vein/frames/sample_data_00674.png,output/vein/masks/sample_data_00674.png,True
sample_data,675,output/vein/frames/sample_data_00675.png,output/vein/masks/sample_data_00675.png,True
sample_data,676,output/vein/frames/sample_data_00676.png,output/vein/masks/sample_data_00676.png,True
sample_data,677,output/vein/frames/sample_data_00677.png,output/vein/masks/sample_data_00677.png,True
sample_data,678,output/vein/frames/sample_data_00678.png,output/vein/masks/sample_data_00678.png,True
sample_data,679,output/vein/frames/sample_data_00679.png,output/vein/masks/sample_data_00679.png,True
sample_data,680,output/vein/frames/sample_data_00680.png,output/vein/masks/sample_data_00680.png,True
sample_data,681,output/vein/frames/sample_data_00681.png,output/vein/masks/sample_data_00681.png,True
sample_data,682,output/vein/frames/sample_data_00682.png,output/vein/masks/sample_data_00682.png,True
sample_data,683,output/vein/frames/sample_data_00683.png,output/vein/masks/sample_data_00683.png,True
sample_data,684,output/vein/frames/sample_data_00684.png,output/vein/masks/sample_data_00684.png,True
sample_data,685,output/vein/frames/sample_data_00685.png,output/vein/masks/sample_data_00685.png,True
sample_data,686,output/vein/frames/sample_data_00686.png,output/vein/masks/sample_data_00686.png,True
sample_data,687,output/vein/frames/sample_data_00687.png,output/vein/masks/sample_data_00687.png,True
sample_data,688,output/vein/frames/sample_data_00688.png,output/vein/masks/sample_data_00688.png,True
sample_data,689,output/vein/frames/sample_data_00689.png,output/vein/masks/sample_data_00689.png,True
sample_data,690,output/vein/frames/sample_data_00690.png,output/vein/masks/sample_data_00690.png,True
sample_data,691,output/vein/frames/sample_data_00691.png,output/vein/masks/sample_data_00691.png,True
sample_data,692,output/vein/frames/sample_data_00692.png,output/vein/masks/sample_data_00692.png,True
sample_data,693,output/vein/frames/sample_data_00693.png,output/vein/masks/sample_data_00693.png,True
sample_data,694,output/vein/frames/sample_data_00694.png,output/vein/masks/sample_data_00694.png,True
sample_data,695,output/vein/frames/sample_data_00695.png,output/vein/masks/sample_data_00695.png,True
sample_data,696,output/vein/frames/sample_data_00696.png,output/vein/masks/sample_data_00696.png,True
sample_data,697,output/vein/frames/sample_data_00697.png,output/vein/masks/sample_data_00697.png,True
sample_data,698,output/vein/frames/sample_data_00698.png,output/vein/masks/sample_data_00698.png,True
sample_data,699,output/vein/frames/sample_data_00699.png,output/vein/masks/sample_data_00699.png,True
sample_data,700,output/vein/frames/sample_data_00700.png,output/vein/masks/sample_data_00700.png,True
sample_data,701,output/vein/frames/sample_data_00701.png,output/vein/masks/sample_data_00701.png,True
sample_data,702,output/vein/frames/sample_data_00702.png,output/vein/masks/sample_data_00702.png,True
sample_data,703,output/vein/frames/sample_data_00703.png,output/vein/masks/sample_data_00703.png,True
sample_data,704,output/vein/frames/sample_data_00704.png,output/vein/masks/sample_data_00704.png,True
sample_data,705,output/vein/frames/sample_data_00705.png,output/vein/masks/sample_data_00705.png,True
sample_data,706,output/vein/frames/sample_data_00706.png,output/vein/masks/sample_data_00706.png,True
sample_data,707,output/vein/frames/sample_data_00707.png,output/vein/masks/sample_data_00707.png,True
sample_data,708,output/vein/frames/sample_data_00708.png,output/vein/masks/sample_data_00708.png,True
sample_data,709,output/vein/frames/sample_data_00709.png,output/vein/masks/sample_data_00709.png,True
sample_data,710,output/vein/frames/sample_data_00710.png,output/vein/masks/sample_data_00710.png,True
sample_data,711,output/vein/frames/sample_data_00711.png,output/vein/masks/sample_data_00711.png,True
sample_data,712,output/vein/frames/sample_data_00712.png,output/vein/masks/sample_data_00712.png,True
sample_data,713,output/vein/frames/sample_data_00713.png,output/vein/masks/sample_data_00713.png,True
sample_data,714,output/vein/frames/sample_data_00714.png,output/vein/masks/sample_data_00714.png,True
sample_data,715,output/vein/frames/sample_data_00715.png,output/vein/masks/sample_data_00715.png,True
sample_data,716,output/vein/frames/sample_data_00716.png,output/vein/masks/sample_data_00716.png,True
sample_data,717,output/vein/frames/sample_data_00717.png,output/vein/masks/sample_data_00717.png,True
sample_data,718,output/vein/frames/sample_data_00718.png,output/vein/masks/sample_data_00718.png,True
sample_data,719,output/vein/frames/sample_data_00719.png,output/vein/masks/sample_data_00719.png,True
sample_data,720,output/vein/frames/sample_data_00720.png,output/vein/masks/sample_data_00720.png,True
sample_data,721,output/vein/frames/sample_data_00721.png,output/vein/masks/sample_data_00721.png,True
sample_data,722,output/vein/frames/sample_data_00722.png,output/vein/masks/sample_data_00722.png,True
sample_data,723,output/vein/frames/sample_data_00723.png,output/vein/masks/sample_data_00723.png,True
sample_data,724,output/vein/frames/sample_data_00724.png,output/vein/masks/sample_data_00724.png,True
sample_data,725,output/vein/frames/sample_data_00725.png,output/vein/masks/sample_data_00725.png,True
sample_data,726,output/vein/frames/sample_data_00726.png,output/vein/masks/sample_data_00726.png,False
sample_data,727,output/vein/frames/sample_data_00727.png,output/vein/masks/sample_data_00727.png,False
sample_data,728,output/vein/frames/sample_data_00728.png,output/vein/masks/sample_data_00728.png,False
sample_data,729,output/vein/frames/sample_data_00729.png,output/vein/masks/sample_data_00729.png,False
sample_data,730,output/vein/frames/sample_data_00730.png,output/vein/masks/sample_data_00730.png,False
sample_data,731,output/vein/frames/sample_data_00731.png,output/vein/masks/sample_data_00731.png,False
sample_data,732,output/vein/frames/sample_data_00732.png,output/vein/masks/sample_data_00732.png,False
sample_data,733,output/vein/frames/sample_data_00733.png,output/vein/masks/sample_data_00733.png,False
sample_data,734,output/vein/frames/sample_data_00734.png,output/vein/masks/sample_data_00734.png,False
sample_data,735,output/vein/frames/sample_data_00735.png,output/vein/masks/sample_data_00735.png,False
sample_data,736,output/vein/frames/sample_data_00736.png,output/vein/masks/sample_data_00736.png,False
sample_data,737,output/vein/frames/sample_data_00737.png,output/vein/masks/sample_data_00737.png,False
sample_data,738,output/vein/frames/sample_data_00738.png,output/vein/masks/sample_data_00738.png,False
sample_data,739,output/vein/frames/sample_data_00739.png,output/vein/masks/sample_data_00739.png,False
sample_data,740,output/vein/frames/sample_data_00740.png,output/vein/masks/sample_data_00740.png,False
sample_data,741,output/vein/frames/sample_data_00741.png,output/vein/masks/sample_data_00741.png,False
sample_data,742,output/vein/frames/sample_data_00742.png,output/vein/masks/sample_data_00742.png,False
sample_data,743,output/vein/frames/sample_data_00743.png,output/vein/masks/sample_data_00743.png,False
sample_data,744,output/vein/frames/sample_data_00744.png,output/vein/masks/sample_data_00744.png,False
sample_data,745,output/vein/frames/sample_data_00745.png,output/vein/masks/sample_data_00745.png,False
sample_data,746,output/vein/frames/sample_data_00746.png,output/vein/masks/sample_data_00746.png,False
sample_data,747,output/vein/frames/sample_data_00747.png,output/vein/masks/sample_data_00747.png,False
sample_data,748,output/vein/frames/sample_data_00748.png,output/vein/masks/sample_data_00748.png,False
sample_data,749,output/vein/frames/sample_data_00749.png,output/vein/masks/sample_data_00749.png,False
sample_data,750,output/vein/frames/sample_data_00750.png,output/vein/masks/sample_data_00750.png,False
sample_data,751,output/vein/frames/sample_data_00751.png,output/vein/masks/sample_data_00751.png,False
sample_data,752,output/vein/frames/sample_data_00752.png,output/vein/masks/sample_data_00752.png,False
sample_data,753,output/vein/frames/sample_data_00753.png,output/vein/masks/sample_data_00753.png,False
sample_data,754,output/vein/frames/sample_data_00754.png,output/vein/masks/sample_data_00754.png,True
sample_data,755,output/vein/frames/sample_data_00755.png,output/vein/masks/sample_data_00755.png,True
sample_data,756,output/vein/frames/sample_data_00756.png,output/vein/masks/sample_data_00756.png,True
sample_data,757,output/vein/frames/sample_data_00757.png,output/vein/masks/sample_data_00757.png,True
sample_data,758,output/vein/frames/sample_data_00758.png,output/vein/masks/sample_data_00758.png,True
sample_data,759,output/vein/frames/sample_data_00759.png,output/vein/masks/sample_data_00759.png,True
sample_data,760,output/vein/frames/sample_data_00760.png,output/vein/masks/sample_data_00760.png,True
sample_data,761,output/vein/frames/sample_data_00761.png,output/vein/masks/sample_data_00761.png,True
sample_data,762,output/vein/frames/sample_data_00762.png,output/vein/masks/sample_data_00762.png,True
sample_data,763,output/vein/frames/sample_data_00763.png,output/vein/masks/sample_data_00763.png,True
sample_data,764,output/vein/frames/sample_data_00764.png,output/vein/masks/sample_data_00764.png,True
sample_data,765,output/vein/frames/sample_data_00765.png,output/vein/masks/sample_data_00765.png,True
sample_data,766,output/vein/frames/sample_data_00766.png,output/vein/masks/sample_data_00766.png,True
sample_data,767,output/vein/frames/sample_data_00767.png,output/vein/masks/sample_data_00767.png,True
sample_data,768,output/vein/frames/sample_data_00768.png,output/vein/masks/sample_data_00768.png,True
sample_data,769,output/vein/frames/sample_data_00769.png,output/vein/masks/sample_data_00769.png,True
sample_data,770,output/vein/frames/sample_data_00770.png,output/vein/masks/sample_data_00770.png,True
sample_data,771,output/vein/frames/sample_data_00771.png,output/vein/masks/sample_data_00771.png,True
sample_data,772,output/vein/frames/sample_data_00772.png,output/vein/masks/sample_data_00772.png,True
sample_data,773,output/vein/frames/sample_data_00773.png,output/vein/masks/sample_data_00773.png,True
sample_data,774,output/vein/frames/sample_data_00774.png,output/vein/masks/sample_data_00774.png,True
sample_data,775,output/vein/frames/sample_data_00775.png,output/vein/masks/sample_data_00775.png,True
sample_data,776,output/vein/frames/sample_data_00776.png,output/vein/masks/sample_data_00776.png,True
sample_data,777,output/vein/frames/sample_data_00777.png,output/vein/masks/sample_data_00777.png,True
sample_data,778,output/vein/frames/sample_data_00778.png,output/vein/masks/sample_data_00778.png,False
sample_data,779,output/vein/frames/sample_data_00779.png,output/vein/masks/sample_data_00779.png,False
sample_data,780,output/vein/frames/sample_data_00780.png,output/vein/masks/sample_data_00780.png,True
sample_data,781,output/vein/frames/sample_data_00781.png,output/vein/masks/sample_data_00781.png,True
sample_data,782,output/vein/frames/sample_data_00782.png,output/vein/masks/sample_data_00782.png,True
sample_data,783,output/vein/frames/sample_data_00783.png,output/vein/masks/sample_data_00783.png,True
sample_data,784,output/vein/frames/sample_data_00784.png,output/vein/masks/sample_data_00784.png,True
sample_data,785,output/vein/frames/sample_data_00785.png,output/vein/masks/sample_data_00785.png,True
sample_data,786,output/vein/frames/sample_data_00786.png,output/vein/masks/sample_data_00786.png,True
sample_data,787,output/vein/frames/sample_data_00787.png,output/vein/masks/sample_data_00787.png,True
sample_data,788,output/vein/frames/sample_data_00788.png,output/vein/masks/sample_data_00788.png,False
sample_data,789,output/vein/frames/sample_data_00789.png,output/vein/masks/sample_data_00789.png,False
sample_data,790,output/vein/frames/sample_data_00790.png,output/vein/masks/sample_data_00790.png,False
sample_data,791,output/vein/frames/sample_data_00791.png,output/vein/masks/sample_data_00791.png,True
sample_data,792,output/vein/frames/sample_data_00792.png,output/vein/masks/sample_data_00792.png,True
sample_data,793,output/vein/frames/sample_data_00793.png,output/vein/masks/sample_data_00793.png,True
sample_data,794,output/vein/frames/sample_data_00794.png,output/vein/masks/sample_data_00794.png,True
sample_data,795,output/vein/frames/sample_data_00795.png,output/vein/masks/sample_data_00795.png,True
sample_data,796,output/vein/frames/sample_data_00796.png,output/vein/masks/sample_data_00796.png,True
sample_data,797,output/vein/frames/sample_data_00797.png,output/vein/masks/sample_data_00797.png,True
sample_data,798,output/vein/frames/sample_data_00798.png,output/vein/masks/sample_data_00798.png,True
sample_data,799,output/vein/frames/sample_data_00799.png,output/vein/masks/sample_data_00799.png,True
sample_data,800,output/vein/frames/sample_data_00800.png,output/vein/masks/sample_data_00800.png,True
sample_data,801,output/vein/frames/sample_data_00801.png,output/vein/masks/sample_data_00801.png,True
sample_data,802,output/vein/frames/sample_data_00802.png,output/vein/masks/sample_data_00802.png,True
sample_data,803,output/vein/frames/sample_data_00803.png,output/vein/masks/sample_data_00803.png,True
sample_data,804,output/vein/frames/sample_data_00804.png,output/vein/masks/sample_data_00804.png,True
sample_data,805,output/vein/frames/sample_data_00805.png,output/vein/masks/sample_data_00805.png,False
sample_data,806,output/vein/frames/sample_data_00806.png,output/vein/masks/sample_data_00806.png,False
sample_data,807,output/vein/frames/sample_data_00807.png,output/vein/masks/sample_data_00807.png,False
sample_data,808,output/vein/frames/sample_data_00808.png,output/vein/masks/sample_data_00808.png,False
sample_data,809,output/vein/frames/sample_data_00809.png,output/vein/masks/sample_data_00809.png,False
sample_data,810,output/vein/frames/sample_data_00810.png,output/vein/masks/sample_data_00810.png,False
sample_data,811,output/vein/frames/sample_data_00811.png,output/vein/masks/sample_data_00811.png,False
sample_data,812,output/vein/frames/sample_data_00812.png,output/vein/masks/sample_data_00812.png,False
sample_data,813,output/vein/frames/sample_data_00813.png,output/vein/masks/sample_data_00813.png,False
sample_data,814,output/vein/frames/sample_data_00814.png,output/vein/masks/sample_data_00814.png,False
sample_data,815,output/vein/frames/sample_data_00815.png,output/vein/masks/sample_data_00815.png,False
sample_data,816,output/vein/frames/sample_data_00816.png,output/vein/masks/sample_data_00816.png,False
sample_data,817,output/vein/frames/sample_data_00817.png,output/vein/masks/sample_data_00817.png,False
sample_data,818,output/vein/frames/sample_data_00818.png,output/vein/masks/sample_data_00818.png,False
sample_data,819,output/vein/frames/sample_data_00819.png,output/vein/masks/sample_data_00819.png,False
sample_data,820,output/vein/frames/sample_data_00820.png,output/vein/masks/sample_data_00820.png,False
sample_data,821,output/vein/frames/sample_data_00821.png,output/vein/masks/sample_data_00821.png,False
sample_data,822,output/vein/frames/sample_data_00822.png,output/vein/masks/sample_data_00822.png,False
sample_data,823,output/vein/frames/sample_data_00823.png,output/vein/masks/sample_data_00823.png,False
sample_data,824,output/vein/frames/sample_data_00824.png,output/vein/masks/sample_data_00824.png,False
sample_data,825,output/vein/frames/sample_data_00825.png,output/vein/masks/sample_data_00825.png,False
sample_data,826,output/vein/frames/sample_data_00826.png,output/vein/masks/sample_data_00826.png,False
sample_data,827,output/vein/frames/sample_data_00827.png,output/vein/masks/sample_data_00827.png,False
sample_data,828,output/vein/frames/sample_data_00828.png,output/vein/masks/sample_data_00828.png,False
sample_data,829,output/vein/frames/sample_data_00829.png,output/vein/masks/sample_data_00829.png,False
sample_data,830,output/vein/frames/sample_data_00830.png,output/vein/masks/sample_data_00830.png,False
sample_data,831,output/vein/frames/sample_data_00831.png,output/vein/masks/sample_data_00831.png,False
sample_data,832,output/vein/frames/sample_data_00832.png,output/vein/masks/sample_data_00832.png,False
sample_data,833,output/vein/frames/sample_data_00833.png,output/vein/masks/sample_data_00833.png,False
sample_data,834,output/vein/frames/sample_data_00834.png,output/vein/masks/sample_data_00834.png,False
sample_data,835,output/vein/frames/sample_data_00835.png,output/vein/masks/sample_data_00835.png,False
sample_data,836,output/vein/frames/sample_data_00836.png,output/vein/masks/sample_data_00836.png,False
sample_data,837,output/vein/frames/sample_data_00837.png,output/vein/masks/sample_data_00837.png,False
sample_data,838,output/vein/frames/sample_data_00838.png,output/vein/masks/sample_data_00838.png,False
sample_data,839,output/vein/frames/sample_data_00839.png,output/vein/masks/sample_data_00839.png,False
sample_data,840,output/vein/frames/sample_data_00840.png,output/vein/masks/sample_data_00840.png,True
sample_data,841,output/vein/frames/sample_data_00841.png,output/vein/masks/sample_data_00841.png,True
sample_data,842,output/vein/frames/sample_data_00842.png,output/vein/masks/sample_data_00842.png,True
sample_data,843,output/vein/frames/sample_data_00843.png,output/vein/masks/sample_data_00843.png,True
sample_data,844,output/vein/frames/sample_data_00844.png,output/vein/masks/sample_data_00844.png,True
sample_data,845,output/vein/frames/sample_data_00845.png,output/vein/masks/sample_data_00845.png,True
sample_data,846,output/vein/frames/sample_data_00846.png,output/vein/masks/sample_data_00846.png,True
sample_data,847,output/vein/frames/sample_data_00847.png,output/vein/masks/sample_data_00847.png,True
sample_data,848,output/vein/frames/sample_data_00848.png,output/vein/masks/sample_data_00848.png,True
sample_data,849,output/vein/frames/sample_data_00849.png,output/vein/masks/sample_data_00849.png,True
sample_data,850,output/vein/frames/sample_data_00850.png,output/vein/masks/sample_data_00850.png,True
sample_data,851,output/vein/frames/sample_data_00851.png,output/vein/masks/sample_data_00851.png,True
sample_data,852,output/vein/frames/sample_data_00852.png,output/vein/masks/sample_data_00852.png,True
sample_data,853,output/vein/frames/sample_data_00853.png,output/vein/masks/sample_data_00853.png,True
sample_data,854,output/vein/frames/sample_data_00854.png,output/vein/masks/sample_data_00854.png,True
sample_data,855,output/vein/frames/sample_data_00855.png,output/vein/masks/sample_data_00855.png,True
sample_data,856,output/vein/frames/sample_data_00856.png,output/vein/masks/sample_data_00856.png,True
sample_data,857,output/vein/frames/sample_data_00857.png,output/vein/masks/sample_data_00857.png,True
sample_data,858,output/vein/frames/sample_data_00858.png,output/vein/masks/sample_data_00858.png,True
sample_data,859,output/vein/frames/sample_data_00859.png,output/vein/masks/sample_data_00859.png,True
sample_data,860,output/vein/frames/sample_data_00860.png,output/vein/masks/sample_data_00860.png,True
sample_data,861,output/vein/frames/sample_data_00861.png,output/vein/masks/sample_data_00861.png,True
sample_data,862,output/vein/frames/sample_data_00862.png,output/vein/masks/sample_data_00862.png,True
sample_data,863,output/vein/frames/sample_data_00863.png,output/vein/masks/sample_data_00863.png,True
sample_data,864,output/vein/frames/sample_data_00864.png,output/vein/masks/sample_data_00864.png,True
sample_data,865,output/vein/frames/sample_data_00865.png,output/vein/masks/sample_data_00865.png,True
sample_data,866,output/vein/frames/sample_data_00866.png,output/vein/masks/sample_data_00866.png,True
sample_data,867,output/vein/frames/sample_data_00867.png,output/vein/masks/sample_data_00867.png,True
sample_data,868,output/vein/frames/sample_data_00868.png,output/vein/masks/sample_data_00868.png,True
sample_data,869,output/vein/frames/sample_data_00869.png,output/vein/masks/sample_data_00869.png,True
sample_data,870,output/vein/frames/sample_data_00870.png,output/vein/masks/sample_data_00870.png,True
sample_data,871,output/vein/frames/sample_data_00871.png,output/vein/masks/sample_data_00871.png,True
sample_data,872,output/vein/frames/sample_data_00872.png,output/vein/masks/sample_data_00872.png,True
sample_data,873,output/vein/frames/sample_data_00873.png,output/vein/masks/sample_data_00873.png,True
sample_data,874,output/vein/frames/sample_data_00874.png,output/vein/masks/sample_data_00874.png,True
sample_data,875,output/vein/frames/sample_data_00875.png,output/vein/masks/sample_data_00875.png,True
sample_data,876,output/vein/frames/sample_data_00876.png,output/vein/masks/sample_data_00876.png,True
sample_data,877,output/vein/frames/sample_data_00877.png,output/vein/masks/sample_data_00877.png,True
sample_data,878,output/vein/frames/sample_data_00878.png,output/vein/masks/sample_data_00878.png,True
sample_data,879,output/vein/frames/sample_data_00879.png,output/vein/masks/sample_data_00879.png,True
sample_data,880,output/vein/frames/sample_data_00880.png,output/vein/masks/sample_data_00880.png,True
sample_data,881,output/vein/frames/sample_data_00881.png,output/vein/masks/sample_data_00881.png,True
sample_data,882,output/vein/frames/sample_data_00882.png,output/vein/masks/sample_data_00882.png,True
sample_data,883,output/vein/frames/sample_data_00883.png,output/vein/masks/sample_data_00883.png,True
sample_data,884,output/vein/frames/sample_data_00884.png,output/vein/masks/sample_data_00884.png,True
sample_data,885,output/vein/frames/sample_data_00885.png,output/vein/masks/sample_data_00885.png,True
sample_data,886,output/vein/frames/sample_data_00886.png,output/vein/masks/sample_data_00886.png,True
sample_data,887,output/vein/frames/sample_data_00887.png,output/vein/masks/sample_data_00887.png,True
sample_data,888,output/vein/frames/sample_data_00888.png,output/vein/masks/sample_data_00888.png,True
sample_data,889,output/vein/frames/sample_data_00889.png,output/vein/masks/sample_data_00889.png,True
sample_data,890,output/vein/frames/sample_data_00890.png,output/vein/masks/sample_data_00890.png,True
sample_data,891,output/vein/frames/sample_data_00891.png,output/vein/masks/sample_data_00891.png,True
sample_data,892,output/vein/frames/sample_data_00892.png,output/vein/masks/sample_data_00892.png,True
sample_data,893,output/vein/frames/sample_data_00893.png,output/vein/masks/sample_data_00893.png,True
sample_data,894,output/vein/frames/sample_data_00894.png,output/vein/masks/sample_data_00894.png,True
sample_data,895,output/vein/frames/sample_data_00895.png,output/vein/masks/sample_data_00895.png,True
sample_data,896,output/vein/frames/sample_data_00896.png,output/vein/masks/sample_data_00896.png,True
sample_data,897,output/vein/frames/sample_data_00897.png,output/vein/masks/sample_data_00897.png,True
sample_data,898,output/vein/frames/sample_data_00898.png,output/vein/masks/sample_data_00898.png,True
sample_data,899,output/vein/frames/sample_data_00899.png,output/vein/masks/sample_data_00899.png,True
sample_data,900,output/vein/frames/sample_data_00900.png,output/vein/masks/sample_data_00900.png,True
sample_data,901,output/vein/frames/sample_data_00901.png,output/vein/masks/sample_data_00901.png,True
sample_data,902,output/vein/frames/sample_data_00902.png,output/vein/masks/sample_data_00902.png,True
sample_data,903,output/vein/frames/sample_data_00903.png,output/vein/masks/sample_data_00903.png,True
sample_data,904,output/vein/frames/sample_data_00904.png,output/vein/masks/sample_data_00904.png,True
sample_data,905,output/vein/frames/sample_data_00905.png,output/vein/masks/sample_data_00905.png,True
sample_data,906,output/vein/frames/sample_data_00906.png,output/vein/masks/sample_data_00906.png,True
sample_data,907,output/vein/frames/sample_data_00907.png,output/vein/masks/sample_data_00907.png,True
sample_data,908,output/vein/frames/sample_data_00908.png,output/vein/masks/sample_data_00908.png,True
sample_data,909,output/vein/frames/sample_data_00909.png,output/vein/masks/sample_data_00909.png,True
sample_data,910,output/vein/frames/sample_data_00910.png,output/vein/masks/sample_data_00910.png,True
sample_data,911,output/vein/frames/sample_data_00911.png,output/vein/masks/sample_data_00911.png,True
sample_data,912,output/vein/frames/sample_data_00912.png,output/vein/masks/sample_data_00912.png,True
sample_data,913,output/vein/frames/sample_data_00913.png,output/vein/masks/sample_data_00913.png,True
sample_data,914,output/vein/frames/sample_data_00914.png,output/vein/masks/sample_data_00914.png,True
sample_data,915,output/vein/frames/sample_data_00915.png,output/vein/masks/sample_data_00915.png,True
sample_data,916,output/vein/frames/sample_data_00916.png,output/vein/masks/sample_data_00916.png,True
sample_data,917,output/vein/frames/sample_data_00917.png,output/vein/masks/sample_data_00917.png,True
sample_data,918,output/vein/frames/sample_data_00918.png,output/vein/masks/sample_data_00918.png,True
sample_data,919,output/vein/frames/sample_data_00919.png,output/vein/masks/sample_data_00919.png,True
sample_data,920,output/vein/frames/sample_data_00920.png,output/vein/masks/sample_data_00920.png,True
sample_data,921,output/vein/frames/sample_data_00921.png,output/vein/masks/sample_data_00921.png,True
sample_data,922,output/vein/frames/sample_data_00922.png,output/vein/masks/sample_data_00922.png,True
sample_data,923,output/vein/frames/sample_data_00923.png,output/vein/masks/sample_data_00923.png,True
sample_data,924,output/vein/frames/sample_data_00924.png,output/vein/masks/sample_data_00924.png,True
sample_data,925,output/vein/frames/sample_data_00925.png,output/vein/masks/sample_data_00925.png,True
sample_data,926,output/vein/frames/sample_data_00926.png,output/vein/masks/sample_data_00926.png,True
sample_data,927,output/vein/frames/sample_data_00927.png,output/vein/masks/sample_data_00927.png,True
sample_data,928,output/vein/frames/sample_data_00928.png,output/vein/masks/sample_data_00928.png,True
sample_data,929,output/vein/frames/sample_data_00929.png,output/vein/masks/sample_data_00929.png,True
sample_data,930,output/vein/frames/sample_data_00930.png,output/vein/masks/sample_data_00930.png,True
sample_data,931,output/vein/frames/sample_data_00931.png,output/vein/masks/sample_data_00931.png,True
sample_data,932,output/vein/frames/sample_data_00932.png,output/vein/masks/sample_data_00932.png,True
sample_data,933,output/vein/frames/sample_data_00933.png,output/vein/masks/sample_data_00933.png,True
sample_data,934,output/vein/frames/sample_data_00934.png,output/vein/masks/sample_data_00934.png,True
sample_data,935,output/vein/frames/sample_data_00935.png,output/vein/masks/sample_data_00935.png,True
sample_data,936,output/vein/frames/sample_data_00936.png,output/vein/masks/sample_data_00936.png,True
sample_data,937,output/vein/frames/sample_data_00937.png,output/vein/masks/sample_data_00937.png,True
sample_data,938,output/vein/frames/sample_data_00938.png,output/vein/masks/sample_data_00938.png,True
sample_data,939,output/vein/frames/sample_data_00939.png,output/vein/masks/sample_data_00939.png,True
sample_data,940,output/vein/frames/sample_data_00940.png,output/vein/masks/sample_data_00940.png,True
sample_data,941,output/vein/frames/sample_data_00941.png,output/vein/masks/sample_data_00941.png,True
sample_data,942,output/vein/frames/sample_data_00942.png,output/vein/masks/sample_data_00942.png,True
sample_data,943,output/vein/frames/sample_data_00943.png,output/vein/masks/sample_data_00943.png,True
sample_data,944,output/vein/frames/sample_data_00944.png,output/vein/masks/sample_data_00944.png,True
sample_data,945,output/vein/frames/sample_data_00945.png,output/vein/masks/sample_data_00945.png,True
sample_data,946,output/vein/frames/sample_data_00946.png,output/vein/masks/sample_data_00946.png,True
sample_data,947,output/vein/frames/sample_data_00947.png,output/vein/masks/sample_data_00947.png,True
sample_data,948,output/vein/frames/sample_data_00948.png,output/vein/masks/sample_data_00948.png,True
sample_data,949,output/vein/frames/sample_data_00949.png,output/vein/masks/sample_data_00949.png,True
sample_data,950,output/vein/frames/sample_data_00950.png,output/vein/masks/sample_data_00950.png,True
sample_data,951,output/vein/frames/sample_data_00951.png,output/vein/masks/sample_data_00951.png,True
sample_data,952,output/vein/frames/sample_data_00952.png,output/vein/masks/sample_data_00952.png,True
sample_data,953,output/vein/frames/sample_data_00953.png,output/vein/masks/sample_data_00953.png,True
sample_data,954,output/vein/frames/sample_data_00954.png,output/vein/masks/sample_data_00954.png,True
sample_data,955,output/vein/frames/sample_data_00955.png,output/vein/masks/sample_data_00955.png,True
sample_data,956,output/vein/frames/sample_data_00956.png,output/vein/masks/sample_data_00956.png,True
sample_data,957,output/vein/frames/sample_data_00957.png,output/vein/masks/sample_data_00957.png,True
sample_data,958,output/vein/frames/sample_data_00958.png,output/vein/masks/sample_data_00958.png,True
