{
  "train": [
    0.3780740976333618,
    0.3082668364048004,
    0.28222888708114624
  ],
  "test": [
    0.48318958282470703,
    0.36181700229644775,
    0.2880917191505432
  ]
}